{
  "round_id": 3,
  "global": {
    "acc": 0.0096,
    "loss": 4.620519576263428,
    "ema_loss": 4.645027462713623,
    "forget_mean": 0.003999999724328518,
    "forget_max": 0.23999997973442078,
    "divergence": 0.0012415779076718882,
    "bytes_last_round": 269467488,
    "bytes_cum": 808402464
  },
  "clients": [
    {
      "id": 0,
      "vloss": 4.67830126285553,
      "vacc": 2.02,
      "new_batch_size": 22,
      "replay_capacity": 2000,
      "last_lr": 0.00011213780403480907,
      "last_replay_ratio": 0.5,
      "last_ewc_lambda": 0.0
    },
    {
      "id": 1,
      "vloss": 4.665926170349121,
      "vacc": 2.1,
      "new_batch_size": 22,
      "replay_capacity": 2000,
      "last_lr": 0.00012,
      "last_replay_ratio": 0.5,
      "last_ewc_lambda": 0.0
    },
    {
      "id": 2,
      "vloss": 4.71540596485138,
      "vacc": 2.24,
      "new_batch_size": 22,
      "replay_capacity": 2000,
      "last_lr": 8e-05,
      "last_replay_ratio": 0.5,
      "last_ewc_lambda": 0.0
    }
  ]
}