{
  "round_id": 1,
  "global": {
    "acc": 0.0111,
    "loss": 4.625449277496338,
    "ema_loss": 4.643340105667114,
    "forget_mean": 0.0023999998811632395,
    "forget_max": 0.19999998807907104,
    "divergence": 0.0033849422740682054,
    "bytes_last_round": 359289984,
    "bytes_cum": 359289984
  },
  "clients": [
    {
      "id": 0,
      "vloss": 4.731912231445312,
      "vacc": 1.56,
      "new_batch_size": 22,
      "replay_capacity": 2000,
      "last_lr": 0.00012,
      "last_replay_ratio": 0.5,
      "last_ewc_lambda": 0.0
    },
    {
      "id": 1,
      "vloss": 4.727308392524719,
      "vacc": 1.82,
      "new_batch_size": 22,
      "replay_capacity": 2000,
      "last_lr": 0.00012,
      "last_replay_ratio": 0.5,
      "last_ewc_lambda": 0.0
    },
    {
      "id": 2,
      "vloss": 4.7528560876846315,
      "vacc": 1.94,
      "new_batch_size": 22,
      "replay_capacity": 2000,
      "last_lr": 0.00012,
      "last_replay_ratio": 0.5,
      "last_ewc_lambda": 0.0
    },
    {
      "id": 3,
      "vloss": 4.707497835159302,
      "vacc": 1.94,
      "new_batch_size": 22,
      "replay_capacity": 2000,
      "last_lr": 0.00012,
      "last_replay_ratio": 0.5,
      "last_ewc_lambda": 0.0
    }
  ]
}