{
  "round_id": 2,
  "global": {
    "acc": 0.0112,
    "loss": 4.61937445526123,
    "ema_loss": 4.636150410545349,
    "forget_mean": 0.0034999996423721313,
    "forget_max": 0.25999999046325684,
    "divergence": 0.003402298359977893,
    "bytes_last_round": 359289984,
    "bytes_cum": 718579968
  },
  "clients": [
    {
      "id": 0,
      "vloss": 4.713322353363037,
      "vacc": 1.74,
      "new_batch_size": 22,
      "replay_capacity": 2000,
      "last_lr": 9.846972056749633e-05,
      "last_replay_ratio": 0.5,
      "last_ewc_lambda": 0.0
    },
    {
      "id": 1,
      "vloss": 4.704975724220276,
      "vacc": 1.72,
      "new_batch_size": 22,
      "replay_capacity": 2000,
      "last_lr": 0.00010252969965775951,
      "last_replay_ratio": 0.5,
      "last_ewc_lambda": 0.0
    },
    {
      "id": 2,
      "vloss": 4.744666719436646,
      "vacc": 1.76,
      "new_batch_size": 22,
      "replay_capacity": 2000,
      "last_lr": 8e-05,
      "last_replay_ratio": 0.5,
      "last_ewc_lambda": 0.0
    },
    {
      "id": 3,
      "vloss": 4.686510419845581,
      "vacc": 2.0,
      "new_batch_size": 22,
      "replay_capacity": 2000,
      "last_lr": 0.00012,
      "last_replay_ratio": 0.5,
      "last_ewc_lambda": 0.0
    }
  ]
}