{
  "round_id": 4,
  "global": {
    "acc": 0.6076,
    "loss": 3.1660250522613524,
    "ema_loss": 3.569088443013191,
    "forget_mean": 0.0405999980866909,
    "forget_max": 0.2200000286102295,
    "divergence": 0.011024830709357308,
    "bytes_last_round": 359289984,
    "bytes_cum": 1437159936
  },
  "clients": [
    {
      "id": 0,
      "vloss": 1.4480923533439636,
      "vacc": 61.22,
      "new_batch_size": 1001,
      "replay_capacity": 2000,
      "last_lr": 8.986938251793401e-05,
      "last_replay_ratio": 0.45,
      "last_ewc_lambda": 0.0
    },
    {
      "id": 1,
      "vloss": 1.4080714404582977,
      "vacc": 62.84,
      "new_batch_size": 1001,
      "replay_capacity": 2000,
      "last_lr": 8e-05,
      "last_replay_ratio": 0.45,
      "last_ewc_lambda": 0.0
    },
    {
      "id": 2,
      "vloss": 1.4209825038909911,
      "vacc": 61.56,
      "new_batch_size": 1001,
      "replay_capacity": 2000,
      "last_lr": 9.956339996179497e-05,
      "last_replay_ratio": 0.45,
      "last_ewc_lambda": 0.0
    },
    {
      "id": 3,
      "vloss": 1.4494089961051941,
      "vacc": 61.84,
      "new_batch_size": 1001,
      "replay_capacity": 2000,
      "last_lr": 0.00012,
      "last_replay_ratio": 0.45,
      "last_ewc_lambda": 0.0
    }
  ]
}