{
  "round_id": 5,
  "global": {
    "acc": 0.6149,
    "loss": 3.1471142597198485,
    "ema_loss": 3.4424961880251876,
    "forget_mean": 0.0406000055372715,
    "forget_max": 0.2500000298023224,
    "divergence": 0.010606497875708422,
    "bytes_last_round": 359289984,
    "bytes_cum": 1796449920
  },
  "clients": [
    {
      "id": 0,
      "vloss": 1.3861685037612914,
      "vacc": 63.1,
      "new_batch_size": 1001,
      "replay_capacity": 2000,
      "last_lr": 8.127404026738037e-05,
      "last_replay_ratio": 0.45,
      "last_ewc_lambda": 0.0
    },
    {
      "id": 1,
      "vloss": 1.479416412115097,
      "vacc": 60.78,
      "new_batch_size": 1001,
      "replay_capacity": 2000,
      "last_lr": 0.00012,
      "last_replay_ratio": 0.45,
      "last_ewc_lambda": 0.0
    },
    {
      "id": 2,
      "vloss": 1.340735709667206,
      "vacc": 63.08,
      "new_batch_size": 1001,
      "replay_capacity": 2000,
      "last_lr": 0.00010750669870954233,
      "last_replay_ratio": 0.45,
      "last_ewc_lambda": 0.0
    },
    {
      "id": 3,
      "vloss": 1.4061341762542725,
      "vacc": 62.38,
      "new_batch_size": 1001,
      "replay_capacity": 2000,
      "last_lr": 8e-05,
      "last_replay_ratio": 0.45,
      "last_ewc_lambda": 0.0
    }
  ]
}