{
  "round_id": 2,
  "global": {
    "acc": 0.0094,
    "loss": 4.6723321434021,
    "ema_loss": 4.684941128120423,
    "forget_mean": 0.001500000013038516,
    "forget_max": 0.05000000074505806,
    "divergence": 0.002527485533034169,
    "bytes_last_round": 269467488,
    "bytes_cum": 538934976
  },
  "clients": [
    {
      "id": 0,
      "vloss": 4.795976066589356,
      "vacc": 0.84,
      "new_batch_size": 22,
      "replay_capacity": 2000,
      "last_lr": 8e-05,
      "last_replay_ratio": 0.5,
      "last_ewc_lambda": 0.0
    },
    {
      "id": 1,
      "vloss": 4.775048685073853,
      "vacc": 1.4,
      "new_batch_size": 22,
      "replay_capacity": 2000,
      "last_lr": 0.00010171431731647704,
      "last_replay_ratio": 0.5,
      "last_ewc_lambda": 0.0
    },
    {
      "id": 2,
      "vloss": 4.755818200111389,
      "vacc": 1.14,
      "new_batch_size": 22,
      "replay_capacity": 2000,
      "last_lr": 0.00012,
      "last_replay_ratio": 0.5,
      "last_ewc_lambda": 0.0
    }
  ]
}