{
  "round_id": 3,
  "global": {
    "acc": 0.0102,
    "loss": 4.6642033378601075,
    "ema_loss": 4.678719791042328,
    "forget_mean": 0.0015999999595806003,
    "forget_max": 0.05000000074505806,
    "divergence": 0.0029252512681370506,
    "bytes_last_round": 269467488,
    "bytes_cum": 808402464
  },
  "clients": [
    {
      "id": 0,
      "vloss": 4.770589923858642,
      "vacc": 0.82,
      "new_batch_size": 22,
      "replay_capacity": 2000,
      "last_lr": 8e-05,
      "last_replay_ratio": 0.5,
      "last_ewc_lambda": 0.0
    },
    {
      "id": 1,
      "vloss": 4.751845169067383,
      "vacc": 1.6,
      "new_batch_size": 22,
      "replay_capacity": 2000,
      "last_lr": 0.00010084511290158843,
      "last_replay_ratio": 0.5,
      "last_ewc_lambda": 0.0
    },
    {
      "id": 2,
      "vloss": 4.7304261207580565,
      "vacc": 1.14,
      "new_batch_size": 22,
      "replay_capacity": 2000,
      "last_lr": 0.00012,
      "last_replay_ratio": 0.5,
      "last_ewc_lambda": 0.0
    }
  ]
}