{
  "round_id": 2,
  "global": {
    "acc": 0.015,
    "loss": 4.648257180023194,
    "ema_loss": 4.661708690567016,
    "forget_mean": 0.0022999998182058334,
    "forget_max": 0.09999999403953552,
    "divergence": 0.0019449792863267296,
    "bytes_last_round": 359289984,
    "bytes_cum": 718579968
  },
  "clients": [
    {
      "id": 0,
      "vloss": 4.768107342720032,
      "vacc": 1.24,
      "new_batch_size": 22,
      "replay_capacity": 2000,
      "last_lr": 8e-05,
      "last_replay_ratio": 0.5,
      "last_ewc_lambda": 0.0
    },
    {
      "id": 1,
      "vloss": 4.765791749954223,
      "vacc": 1.38,
      "new_batch_size": 22,
      "replay_capacity": 2000,
      "last_lr": 8.148633686230773e-05,
      "last_replay_ratio": 0.5,
      "last_ewc_lambda": 0.0
    },
    {
      "id": 2,
      "vloss": 4.702677536010742,
      "vacc": 1.46,
      "new_batch_size": 22,
      "replay_capacity": 2000,
      "last_lr": 0.00012,
      "last_replay_ratio": 0.5,
      "last_ewc_lambda": 0.0
    },
    {
      "id": 3,
      "vloss": 4.747993159294128,
      "vacc": 1.86,
      "new_batch_size": 22,
      "replay_capacity": 2000,
      "last_lr": 9.120416997409234e-05,
      "last_replay_ratio": 0.5,
      "last_ewc_lambda": 0.0
    }
  ]
}