{
  "round_id": 1,
  "global": {
    "acc": 0.0125,
    "loss": 4.597076821899414,
    "ema_loss": 4.634828368988037,
    "forget_mean": 0.003800000064074993,
    "forget_max": 0.25999999046325684,
    "divergence": 0.003342093341345441,
    "bytes_last_round": 359289984,
    "bytes_cum": 359289984
  },
  "clients": [
    {
      "id": 0,
      "vloss": 4.631241273880005,
      "vacc": 2.98,
      "new_batch_size": 22,
      "replay_capacity": 2000,
      "last_lr": 0.00012,
      "last_replay_ratio": 0.5,
      "last_ewc_lambda": 0.0
    },
    {
      "id": 1,
      "vloss": 4.646731114387512,
      "vacc": 3.1,
      "new_batch_size": 22,
      "replay_capacity": 2000,
      "last_lr": 0.00012,
      "last_replay_ratio": 0.5,
      "last_ewc_lambda": 0.0
    },
    {
      "id": 2,
      "vloss": 4.688051843643189,
      "vacc": 2.06,
      "new_batch_size": 22,
      "replay_capacity": 2000,
      "last_lr": 0.00012,
      "last_replay_ratio": 0.5,
      "last_ewc_lambda": 0.0
    },
    {
      "id": 3,
      "vloss": 4.6146116018295285,
      "vacc": 2.78,
      "new_batch_size": 22,
      "replay_capacity": 2000,
      "last_lr": 0.00012,
      "last_replay_ratio": 0.5,
      "last_ewc_lambda": 0.0
    }
  ]
}