run_id,tag,raw_update_norm,raw_update_energy,projected_update_norm,projected_update_energy,removed_displacement_norm,removed_displacement_energy,removed_energy,retained_norm_fraction,retained_energy_fraction,layer,basis_rank,projection_lambda,shrinkage_factor,round,client,epoch,batch,local_optimizer_step,update_control
20260823-184507,full_s43_fixed_epochs5_pat2_dirichlet_a01_lambda075_energycal,0.05232254789232776,0.002737649017944932,0.050554687096777476,0.0025557763874530792,0.010446224413086245,0.00010912360448855907,0.00018187263049185276,0.9662122571097209,0.9335661257890615,layer4_1_conv2,32,0.75,,1,0,1,1,111,projection
20260823-184507,full_s43_fixed_epochs5_pat2_dirichlet_a01_lambda075_energycal,0.008393256396840177,7.044675294309855e-05,0.004711214057409341,2.2195537894731387e-05,0.005380587897120281,2.895072611863725e-05,4.825121504836716e-05,0.5613094411345494,0.31506828870678016,fc,32,0.75,,1,0,1,1,111,projection
20260823-184507,full_s43_fixed_epochs5_pat2_dirichlet_a01_lambda075_energycal,0.06851618696415104,0.004694467876106501,0.06553212729673127,0.004294459708034992,0.01549209052480302,0.00024000486882869154,0.0004000081680715084,0.9564473768953154,0.9147915847699298,layer4_1_conv2,32,0.75,,1,0,1,2,112,projection
20260823-184507,full_s43_fixed_epochs5_pat2_dirichlet_a01_lambda075_energycal,0.012088352507736424,0.0001461282663512975,0.005427234935094796,2.9454879040713422e-05,0.00836684039516908,7.00040181982331e-05,0.00011667338731058408,0.4489639867485185,0.20156866139712393,fc,32,0.75,,1,0,1,2,112,projection
20260823-184507,full_s43_fixed_epochs5_pat2_dirichlet_a01_lambda075_energycal,0.08394490745148496,0.007046747487038374,0.07982405912898088,0.006371880415827036,0.02012263040380991,0.000404920254368335,0.000674867071211338,0.9509100855833849,0.9042299908642004,layer4_1_conv2,32,0.75,,1,0,1,3,113,projection
20260823-184507,full_s43_fixed_epochs5_pat2_dirichlet_a01_lambda075_energycal,0.015346971809302614,0.00023552954371552914,0.0061522939728244535,3.78507211280521e-05,0.0108906964672525,0.0001186072695418261,0.00019767882258747704,0.4008799943905039,0.16070476990253046,fc,32,0.75,,1,0,1,3,113,projection
20260823-184507,full_s43_fixed_epochs5_pat2_dirichlet_a01_lambda075_energycal,0.0972056866768007,0.00944894552230835,0.09213570194279289,0.008488987572491169,0.023999476549793706,0.000575974874664098,0.0009599579498171806,0.9478427146874132,0.8984058117860049,layer4_1_conv2,32,0.75,,1,0,1,4,114,projection
20260823-184507,full_s43_fixed_epochs5_pat2_dirichlet_a01_lambda075_energycal,0.01805546629085213,0.00032599986298009753,0.006835891199806637,4.6729408495593816e-05,0.012944583730365621,0.00016756224795244634,0.0002792704544845037,0.3786050766946998,0.1433418040989995,fc,32,0.75,,1,0,1,4,114,projection
20260823-184507,full_s43_fixed_epochs5_pat2_dirichlet_a01_lambda075_energycal,0.1116763908270587,0.012471616268157959,0.1058754936840658,0.011209620162844658,0.027517219768559618,0.0007571973837912083,0.001261996105313301,0.9480561907487132,0.8988105408169605,layer4_1_conv2,32,0.75,,1,0,1,5,115,projection
20260823-184507,full_s43_fixed_epochs5_pat2_dirichlet_a01_lambda075_energycal,0.02045261029411997,0.00041830926784314215,0.007417661912564798,5.5021708249114454e-05,0.01476389169295945,0.00021797249792143703,0.0003632875595940277,0.36267556101126813,0.13153356255483808,fc,32,0.75,,1,0,1,5,115,projection
20260823-184507,full_s43_fixed_epochs5_pat2_dirichlet_a01_lambda075_energycal,0.11771211023797837,0.013856140896677971,0.11152831699900256,0.012438565492630005,0.0291641068098006,0.0008505451260134578,0.001417575404047966,0.9474668050171385,0.8976933466093845,layer4_1_conv2,32,0.75,,1,0,2,1,116,projection
20260823-184507,full_s43_fixed_epochs5_pat2_dirichlet_a01_lambda075_energycal,0.022280003167527304,0.0004963985411450267,0.007883555298019575,6.215044413693249e-05,0.016141523550610003,0.00026054878253489733,0.0004342480970080942,0.3538399540943384,0.12520271311348347,fc,32,0.75,,1,0,2,1,116,projection
20260823-184507,full_s43_fixed_epochs5_pat2_dirichlet_a01_lambda075_energycal,0.12173855904997757,0.014820276759564877,0.1154389626186242,0.013326154090464115,0.029941166867769247,0.0008964734734036028,0.0014941226691007614,0.9482530721530292,0.8991838888476581,layer4_1_conv2,32,0.75,,1,0,2,2,117,projection
20260823-184507,full_s43_fixed_epochs5_pat2_dirichlet_a01_lambda075_energycal,0.023716069540827365,0.0005624519544653594,0.00826944016301476,6.83836406096816e-05,0.017217459360273843,0.0002964409068226814,0.0004940683138556778,0.34868510352353566,0.12158130141921882,fc,32,0.75,,1,0,2,2,117,projection
20260823-184507,full_s43_fixed_epochs5_pat2_dirichlet_a01_lambda075_energycal,0.12446997821751624,0.015492775477468967,0.11817356733446731,0.013964992016553879,0.03027655793074456,0.0009166699601337314,0.0015277834609150887,0.9494142204150972,0.9013873619264067,layer4_1_conv2,32,0.75,,1,0,2,3,118,projection
20260823-184507,full_s43_fixed_epochs5_pat2_dirichlet_a01_lambda075_energycal,0.024841224239121787,0.0006170864216983318,0.008585107349342314,7.370406819973141e-05,0.018056282706037537,0.0003260293451603502,0.0005433823534986004,0.3455992050432786,0.11943881052654615,fc,32,0.75,,1,0,2,3,118,projection
20260823-184507,full_s43_fixed_epochs5_pat2_dirichlet_a01_lambda075_energycal,0.12640486955773056,0.015978191047906876,0.1201546773323945,0.014437146484851837,0.030407673343000725,0.0009246265981346369,0.0015410445630550385,0.9505541815975569,0.9035532521526013,layer4_1_conv2,32,0.75,,1,0,2,4,119,projection
20260823-184507,full_s43_fixed_epochs5_pat2_dirichlet_a01_lambda075_energycal,0.025651219173929027,0.0006579850451089442,0.008845100965406454,7.823581108823419e-05,0.018650723213430597,0.000347849476383999,0.00057974923402071,0.34482185448699043,0.11890211133184721,fc,32,0.75,,1,0,2,4,119,projection
20260823-184507,full_s43_fixed_epochs5_pat2_dirichlet_a01_lambda075_energycal,0.12894637032588907,0.01662716642022133,0.12237886723826387,0.014976587146520615,0.0314697810898361,0.0009903471218422055,0.0016505792737007141,0.9490679491712174,0.9007299721440605,layer4_1_conv2,32,0.75,,1,0,2,5,120,projection
20260823-184507,full_s43_fixed_epochs5_pat2_dirichlet_a01_lambda075_energycal,0.026274468399371646,0.0006903476896695793,0.008935589412421197,7.98447581473738e-05,0.019139009463484888,0.0003663016832433641,0.0006105029315222055,0.34008640162001874,0.11565876056685269,fc,32,0.75,,1,0,2,5,120,projection
20260823-184507,full_s43_fixed_epochs5_pat2_dirichlet_a01_lambda075_energycal,0.1327553443780284,0.017623981460928917,0.12596520661026675,0.015867233276367188,0.032466126241288175,0.0010540493531152606,0.0017567481845617294,0.9488522454627035,0.9003205837196145,layer4_1_conv2,32,0.75,,2,0,1,1,121,projection
20260823-184507,full_s43_fixed_epochs5_pat2_dirichlet_a01_lambda075_energycal,0.027410245406647445,0.0007513215532526374,0.009211910221414888,8.48592899274081e-05,0.019996931240620748,0.000399877259042114,0.0006664622633252293,0.33607543766028614,0.11294669979855289,fc,32,0.75,,2,0,1,1,121,projection
20260823-184507,full_s43_fixed_epochs5_pat2_dirichlet_a01_lambda075_energycal,0.1372337043873514,0.018833089619874954,0.1301753757410394,0.016945628449320793,0.033652293265554474,0.0011324768420308828,0.001887461170554161,0.9485670908774029,0.8997795258956192,layer4_1_conv2,32,0.75,,2,0,1,2,122,projection
20260823-184507,full_s43_fixed_epochs5_pat2_dirichlet_a01_lambda075_energycal,0.02835682866064355,0.0008041097316890955,0.009473752850541885,8.975199307315052e-05,0.020703009079887542,0.0004286145849619061,0.000714357738615945,0.3340907040035302,0.11161659850157443,fc,32,0.75,,2,0,1,2,122,projection
20260823-184507,full_s43_fixed_epochs5_pat2_dirichlet_a01_lambda075_energycal,0.13965195871462097,0.0195026695728302,0.1325110070811898,0.017559166997671127,0.03414822049563981,0.0011661009630188346,0.0019435025751590729,0.9488660832317882,0.9003468439076346,layer4_1_conv2,32,0.75,,2,0,1,3,123,projection
20260823-184507,full_s43_fixed_epochs5_pat2_dirichlet_a01_lambda075_energycal,0.029066144829404846,0.000844840775243938,0.009668000463833475,9.347023296868429e-05,0.021232574824737727,0.00045082223368808627,0.0007513705422752537,0.33262066643433275,0.11063650773921967,fc,32,0.75,,2,0,1,3,123,projection
20260823-184507,full_s43_fixed_epochs5_pat2_dirichlet_a01_lambda075_energycal,0.1407806541692761,0.019819192588329315,0.13365644300106616,0.01786404475569725,0.034250371936728564,0.0011730879778042436,0.001955147832632065,0.9493949562157616,0.9013507828879281,layer4_1_conv2,32,0.75,,2,0,1,4,124,projection
20260823-184507,full_s43_fixed_epochs5_pat2_dirichlet_a01_lambda075_energycal,0.029508866794634155,0.0008707732195034623,0.00979416706986376,9.592570859240368e-05,0.021561734631463537,0.000464908400317654,0.0007748475109110586,0.3319059026571876,0.11016152821868251,fc,32,0.75,,2,0,1,4,124,projection
20260823-184507,full_s43_fixed_epochs5_pat2_dirichlet_a01_lambda075_energycal,0.14228545812654642,0.020245151594281197,0.13551426695920943,0.018364116549491882,0.03359496092277261,0.0011286213994026184,0.0018810350447893143,0.9524112213820558,0.9070871346144592,layer4_1_conv2,32,0.75,,2,0,1,5,125,projection
20260823-184507,full_s43_fixed_epochs5_pat2_dirichlet_a01_lambda075_energycal,0.02985408694126465,0.0008912665070965886,0.009890881072269209,9.78295283857733e-05,0.021818847888879517,0.0004760621231980622,0.0007934369787108153,0.33130743846658806,0.10976461878329204,fc,32,0.75,,2,0,1,5,125,projection
20260823-184507,full_s43_fixed_epochs5_pat2_dirichlet_a01_lambda075_energycal,0.14031235059802422,0.019687555730342865,0.13370959156149095,0.017878254875540733,0.032948151326936834,0.0010855806758627295,0.0018093008548021317,0.9529424244666155,0.9080992643483111,layer4_1_conv2,32,0.75,,2,0,2,1,126,projection
20260823-184507,full_s43_fixed_epochs5_pat2_dirichlet_a01_lambda075_energycal,0.029924897403559095,0.0008954994846135378,0.009912637463957551,9.826038149185479e-05,0.021871063025024246,0.0004783433978445828,0.000797239103121683,0.33125050790578814,0.10972689898784262,fc,32,0.75,,2,0,2,1,126,projection
20260823-184507,full_s43_fixed_epochs5_pat2_dirichlet_a01_lambda075_energycal,0.1373468141788998,0.01886414736509323,0.13100866086554233,0.017163269221782684,0.03194568431397177,0.001020526746287942,0.0017008781433105469,0.9538529280693634,0.9098354083864982,layer4_1_conv2,32,0.75,,2,0,2,2,127,projection
20260823-184507,full_s43_fixed_epochs5_pat2_dirichlet_a01_lambda075_energycal,0.02985511930991896,0.000891328149009496,0.009906746398289399,9.814362420001999e-05,0.021815375510329967,0.0004759106086567044,0.000793184524809476,0.33182739266421274,0.11010941852232964,fc,32,0.75,,2,0,2,2,127,projection
20260823-184507,full_s43_fixed_epochs5_pat2_dirichlet_a01_lambda075_energycal,0.13451791886660125,0.018095070496201515,0.12834538196021222,0.01647253707051277,0.031201274331391752,0.0009735195199027658,0.0016225334256887436,0.9541136455395938,0.9103328486048539,layer4_1_conv2,32,0.75,,2,0,2,3,128,projection
20260823-184507,full_s43_fixed_epochs5_pat2_dirichlet_a01_lambda075_energycal,0.02968447996921987,0.0008811683510430157,0.009867703498665684,9.737157233757898e-05,0.021685893334733298,0.00047027796972543,0.0007837967787054367,0.33241961822803034,0.11050280258286946,fc,32,0.75,,2,0,2,3,128,projection
20260823-184507,full_s43_fixed_epochs5_pat2_dirichlet_a01_lambda075_energycal,0.13098758850196596,0.017157748341560364,0.1250887719482995,0.015647200867533684,0.03010529306750763,0.0009063286706805229,0.00151054747402668,0.9549665993463349,0.9119612058671035,layer4_1_conv2,32,0.75,,2,0,2,4,129,projection
20260823-184507,full_s43_fixed_epochs5_pat2_dirichlet_a01_lambda075_energycal,0.029400018088042646,0.0008643610635772347,0.009781681212770656,9.568128734827042e-05,0.021475748882574953,0.0004612077900674194,0.0007686797762289643,0.33271004063596094,0.11069597113998281,fc,32,0.75,,2,0,2,4,129,projection
20260823-184507,full_s43_fixed_epochs5_pat2_dirichlet_a01_lambda075_energycal,0.12800392879523254,0.01638500578701496,0.1224320773137978,0.014989613555371761,0.02893503574546883,0.0008372362935915589,0.0013953922316432,0.9564712463603519,0.9148372451141249,layer4_1_conv2,32,0.75,,2,0,2,5,130,projection
20260823-184507,full_s43_fixed_epochs5_pat2_dirichlet_a01_lambda075_energycal,0.029209343963164564,0.0008531857747584581,0.009755287808781104,9.516564023215324e-05,0.021326320859212402,0.00045481196139007807,0.0007580201345263049,0.33397832628775714,0.11154152242997158,fc,32,0.75,,2,0,2,5,130,projection
20260823-184507,full_s43_fixed_epochs5_pat2_dirichlet_a01_lambda075_energycal,0.12410491609830031,0.015402030199766159,0.11877908726875762,0.01410847157239914,0.027859210245722514,0.0007761355955153704,0.0012935586273670197,0.9570860768696363,0.9160137585377115,layer4_1_conv2,32,0.75,,2,0,3,1,131,projection
20260823-184507,full_s43_fixed_epochs5_pat2_dirichlet_a01_lambda075_energycal,0.0288284140633096,0.0008310774574056268,0.009655860476585594,9.323564154328778e-05,0.02104055609414163,0.0004427050007507205,0.000737841815862339,0.3349424791589478,0.1121864643451422,fc,32,0.75,,2,0,3,1,131,projection
20260823-184507,full_s43_fixed_epochs5_pat2_dirichlet_a01_lambda075_energycal,0.1195732376428749,0.014297759160399437,0.1145150964021812,0.013113707304000854,0.026653930483835353,0.0007104320102371275,0.0011840518563985825,0.9576983835145396,0.9171861937863622,layer4_1_conv2,32,0.75,,2,0,3,2,132,projection
20260823-184507,full_s43_fixed_epochs5_pat2_dirichlet_a01_lambda075_energycal,0.028279023655835473,0.0007997031789273024,0.009529694050085954,9.081506868824363e-05,0.02062359832657178,0.0004253328079357743,0.0007088881102390587,0.33698808580046113,0.11356096997145892,fc,32,0.75,,2,0,3,2,132,projection
20260823-184507,full_s43_fixed_epochs5_pat2_dirichlet_a01_lambda075_energycal,0.11503660882687336,0.013233421370387077,0.11023168044173043,0.012151023373007774,0.02548409414794432,0.0006494390545412898,0.001082397997379303,0.9582313105876217,0.9182072445904711,layer4_1_conv2,32,0.75,,2,0,3,3,133,projection
20260823-184507,full_s43_fixed_epochs5_pat2_dirichlet_a01_lambda075_energycal,0.027770362050290685,0.0007711930084042251,0.009409140069350575,8.853191684465855e-05,0.020238492298949338,0.0004095965705346316,0.0006826610915595666,0.3388194958463671,0.11479865076558637,fc,32,0.75,,2,0,3,3,133,projection
20260823-184507,full_s43_fixed_epochs5_pat2_dirichlet_a01_lambda075_energycal,0.11071636867788637,0.012258114293217659,0.10614000510174146,0.011265700682997704,0.024401803515151393,0.0005954480147920549,0.0009924136102199554,0.958665880837736,0.9190402710823922,layer4_1_conv2,32,0.75,,2,0,3,4,134,projection
20260823-184507,full_s43_fixed_epochs5_pat2_dirichlet_a01_lambda075_energycal,0.027227309205120148,0.0007413263665512204,0.009257483949972849,8.570100908400491e-05,0.01983368707971225,0.0003933751431759447,0.0006556253574672155,0.3400073022357994,0.11560496557366623,fc,32,0.75,,2,0,3,4,134,projection
20260823-184507,full_s43_fixed_epochs5_pat2_dirichlet_a01_lambda075_energycal,0.11004668292335258,0.0121102724224329,0.10557363734150661,0.01114579290151596,0.024055929811925624,0.000578687759116292,0.0009644795209169388,0.9593531993602984,0.9203585611228406,layer4_1_conv2,32,0.75,,2,0,3,5,135,projection
20260823-184507,full_s43_fixed_epochs5_pat2_dirichlet_a01_lambda075_energycal,0.026855080775146062,0.0007211953634396195,0.009246975674065865,8.550655911676586e-05,0.0195298030436498,0.000381413206923753,0.0006356888043228537,0.3443287231749379,0.11856226960328302,fc,32,0.75,,2,0,3,5,135,projection
20260823-184507,full_s43_fixed_epochs5_pat2_dirichlet_a01_lambda075_energycal,0.1131853322380253,0.012810919433832169,0.10843510050688533,0.011758171021938324,0.02513261871089757,0.0006316485232673585,0.0010527484118938446,0.9580313841271378,0.9178241329725596,layer4_1_conv2,32,0.75,,3,0,1,1,136,projection
20260823-184507,full_s43_fixed_epochs5_pat2_dirichlet_a01_lambda075_energycal,0.02753711031528133,0.0007582924445159733,0.00934942494435711,8.741174679016694e-05,0.020063108606554914,0.0004025283269584179,0.0006708806977258064,0.3395209169485289,0.11527445304556984,fc,32,0.75,,3,0,1,1,136,projection
20260823-184507,full_s43_fixed_epochs5_pat2_dirichlet_a01_lambda075_energycal,0.11633305584645355,0.013533379882574081,0.11134022931333742,0.012396646663546562,0.02611590225344838,0.0006820403505116701,0.0011367332190275192,0.9570816179736042,0.9160052234629721,layer4_1_conv2,32,0.75,,3,0,1,2,137,projection
20260823-184507,full_s43_fixed_epochs5_pat2_dirichlet_a01_lambda075_energycal,0.027982134485130202,0.0007829998503439128,0.009438387465315477,8.908315794542432e-05,0.020404654142261353,0.00041634991066530347,0.0006939166923984885,0.3373004825750897,0.11377161554538842,fc,32,0.75,,3,0,1,2,137,projection
20260823-184507,full_s43_fixed_epochs5_pat2_dirichlet_a01_lambda075_energycal,0.11973391225636541,0.014336209744215012,0.11448151949037377,0.013106018304824829,0.027168262142102783,0.0007381144678220153,0.0012301914393901825,0.9561327892239452,0.914189910629161,layer4_1_conv2,32,0.75,,3,0,1,3,138,projection
20260823-184507,full_s43_fixed_epochs5_pat2_dirichlet_a01_lambda075_energycal,0.028367745821505697,0.0008047290029935539,0.009516624209791493,9.056613635038957e-05,0.02070018538262306,0.0004284976748749614,0.0007141628666431643,0.3354734024222997,0.1125424037327943,fc,32,0.75,,3,0,1,3,138,projection
20260823-184507,full_s43_fixed_epochs5_pat2_dirichlet_a01_lambda075_energycal,0.12114105146769197,0.014675154350697994,0.11569437655229334,0.013385188765823841,0.027820486468424912,0.0007739794673398137,0.0012899655848741531,0.9550385699198654,0.9120986700345813,layer4_1_conv2,32,0.75,,3,0,1,4,139,projection
20260823-184507,full_s43_fixed_epochs5_pat2_dirichlet_a01_lambda075_energycal,0.02852517365755432,0.0008136855321936309,0.009538344058137112,9.098000737139955e-05,0.02082362141089675,0.00043362320866435766,0.0007227055248222314,0.3343833826445811,0.11181224658883236,fc,32,0.75,,3,0,1,4,139,projection
20260823-184507,full_s43_fixed_epochs5_pat2_dirichlet_a01_lambda075_energycal,0.12518063546975083,0.01567019149661064,0.1196536719708742,0.014317001216113567,0.02849410944514733,0.0008119142730720341,0.0013531902804970741,0.9558480952094848,0.9136455811156002,layer4_1_conv2,32,0.75,,3,0,1,5,140,projection
20260823-184507,full_s43_fixed_epochs5_pat2_dirichlet_a01_lambda075_energycal,0.028803324823722613,0.0008296315209008753,0.009636818518961018,9.286827116739005e-05,0.02102517246256294,0.000442057877080515,0.0007367632497334853,0.3345731292459706,0.11193917881344094,fc,32,0.75,,3,0,1,5,140,projection
20260823-184507,full_s43_fixed_epochs5_pat2_dirichlet_a01_lambda075_energycal,0.12350221428401567,0.015252796933054924,0.11809445529948197,0.013946300372481346,0.02799817321743515,0.0007838977035135031,0.0013064965605735779,0.956213262929055,0.9143438042014301,layer4_1_conv2,32,0.75,,3,0,2,1,141,projection
20260823-184507,full_s43_fixed_epochs5_pat2_dirichlet_a01_lambda075_energycal,0.028623901152381295,0.0008193277171812952,0.00959011402594165,9.197028703056276e-05,0.02089053332063306,0.00043641438242048025,0.0007273574301507324,0.3350386788609988,0.11225091633292349,fc,32,0.75,,3,0,2,1,141,projection
20260823-184507,full_s43_fixed_epochs5_pat2_dirichlet_a01_lambda075_energycal,0.12203770774283247,0.014893202111124992,0.11677938365414675,0.013637424446642399,0.027449341174868223,0.0007534663309343159,0.0012557776644825935,0.9569123004197483,0.9156811506946148,layer4_1_conv2,32,0.75,,3,0,2,2,142,projection
20260823-184507,full_s43_fixed_epochs5_pat2_dirichlet_a01_lambda075_energycal,0.028383615874847022,0.000805629650130868,0.009526166391358393,9.074784611584619e-05,0.020710601699278575,0.0004289290227461606,0.0007148818040150218,0.3356220163548749,0.11264213786211187,fc,32,0.75,,3,0,2,2,142,projection
20260823-184507,full_s43_fixed_epochs5_pat2_dirichlet_a01_lambda075_energycal,0.11940260911770331,0.014256983064115047,0.1143269900035838,0.013070660643279552,0.026679458154653245,0.0007117934874258935,0.001186322420835495,0.9574915560754947,0.9167900799558724,layer4_1_conv2,32,0.75,,3,0,2,3,143,projection
20260823-184507,full_s43_fixed_epochs5_pat2_dirichlet_a01_lambda075_energycal,0.028042590749158797,0.0007863868959248066,0.009424122159699363,8.881407848093659e-05,0.020458338443920115,0.00041854361188597977,0.00069757281744387,0.3360646041586604,0.1129394181683171,fc,32,0.75,,3,0,2,3,143,projection
20260823-184507,full_s43_fixed_epochs5_pat2_dirichlet_a01_lambda075_energycal,0.1159659134680579,0.013448093086481094,0.11117741355181567,0.012360417284071445,0.02554614097010229,0.0006526053184643388,0.001087675802409649,0.9587076945885379,0.9191204436632691,layer4_1_conv2,32,0.75,,3,0,2,4,144,projection
20260823-184507,full_s43_fixed_epochs5_pat2_dirichlet_a01_lambda075_energycal,0.027612010994722887,0.0007624231511726975,0.009325926868605753,8.69729119585827e-05,0.02013132165343983,0.0004052701115142554,0.0006754502392141148,0.3377489191347958,0.11407433237672283,fc,32,0.75,,3,0,2,4,144,projection
20260823-184507,full_s43_fixed_epochs5_pat2_dirichlet_a01_lambda075_energycal,0.11613020376565941,0.013486224226653576,0.11138298540114645,0.012406169436872005,0.02545649896451257,0.0006480333395302296,0.0010800547897815704,0.9591215875751632,0.9199142197527016,layer4_1_conv2,32,0.75,,3,0,2,5,145,projection
20260823-184507,full_s43_fixed_epochs5_pat2_dirichlet_a01_lambda075_energycal,0.02743490280352092,0.00075267389183864,0.009316304161179206,8.679352322360501e-05,0.019988200484180298,0.0003995281585957855,0.000665880368615035,0.3395785371611952,0.11531358290053724,fc,32,0.75,,3,0,2,5,145,projection
20260823-184507,full_s43_fixed_epochs5_pat2_dirichlet_a01_lambda075_energycal,0.11166063644575497,0.012468097731471062,0.10723744946852229,0.01149987056851387,0.024102615796355704,0.0005809360882267356,0.0009682271629571915,0.9603872311852577,0.9223436338236856,layer4_1_conv2,32,0.75,,3,0,3,1,146,projection
20260823-184507,full_s43_fixed_epochs5_pat2_dirichlet_a01_lambda075_energycal,0.02697155204207397,0.0007274646195583045,0.009161513109612225,8.393332245759666e-05,0.01964990366978927,0.00038611871423199773,0.0006435312971007079,0.3396731895636123,0.11537787570831767,fc,32,0.75,,3,0,3,1,146,projection
20260823-184507,full_s43_fixed_epochs5_pat2_dirichlet_a01_lambda075_energycal,0.10731816053430225,0.01151718758046627,0.10318207534056964,0.01064654067158699,0.02285579678846566,0.0005223874468356371,0.0008706469088792801,0.9614595966503676,0.9244045559910875,layer4_1_conv2,32,0.75,,3,0,3,2,147,projection
20260823-184507,full_s43_fixed_epochs5_pat2_dirichlet_a01_lambda075_energycal,0.02642572933003019,0.0006983191706240177,0.009017032167287725,8.130686910590157e-05,0.01924077259309424,0.0003702073299791664,0.0006170123015181161,0.3412216955178139,0.1164322454920517,fc,32,0.75,,3,0,3,2,147,projection
20260823-184507,full_s43_fixed_epochs5_pat2_dirichlet_a01_lambda075_energycal,0.10261476537824951,0.010529790073633194,0.0987789563235844,0.009757282212376595,0.02152917131103386,0.0004635052173398435,0.0007725078612565994,0.9626193263656951,0.9266359674927447,layer4_1_conv2,32,0.75,,3,0,3,3,148,projection
20260823-184507,full_s43_fixed_epochs5_pat2_dirichlet_a01_lambda075_energycal,0.025703347518212787,0.0006606620736420155,0.008871783210290099,7.87085373303853e-05,0.018686144159343936,0.0003491719835437834,0.0005819535363116302,0.3451606139629775,0.11913584943129957,fc,32,0.75,,3,0,3,3,148,projection
20260823-184507,full_s43_fixed_epochs5_pat2_dirichlet_a01_lambda075_energycal,0.09820649103330405,0.009644514881074429,0.09463671719936893,0.00895610824227333,0.02032348769485384,0.00041304415208287537,0.0006884066388010979,0.9636503270163219,0.9286219527586641,layer4_1_conv2,32,0.75,,3,0,3,4,149,projection
20260823-184507,full_s43_fixed_epochs5_pat2_dirichlet_a01_lambda075_energycal,0.02509641407701706,0.0006298299995251,0.008712356009796,7.59051472414285e-05,0.01823060146784734,0.0003323548298794776,0.0005539248522836715,0.34715541364033564,0.12051688121979258,fc,32,0.75,,3,0,3,4,149,projection
20260823-184507,full_s43_fixed_epochs5_pat2_dirichlet_a01_lambda075_energycal,0.09953376761595442,0.009906970895826817,0.09598783552597,0.009213664568960667,0.02039567554045084,0.00041598358075134456,0.0006933063268661499,0.9643745818638534,0.930018334145082,layer4_1_conv2,32,0.75,,3,0,3,5,150,projection
20260823-184507,full_s43_fixed_epochs5_pat2_dirichlet_a01_lambda075_energycal,0.024872458046217696,0.0006186391692608595,0.008679754555315075,7.53381391405128e-05,0.01805493112799587,0.00032598053803667426,0.0005433010301203467,0.3489705174770608,0.1217804220682076,fc,32,0.75,,3,0,3,5,150,projection
20260823-184507,full_s43_fixed_epochs5_pat2_dirichlet_a01_lambda075_energycal,0.1027179610625661,0.010550979524850845,0.09897153122212782,0.009795363992452621,0.021292476287384045,0.0004533695464488119,0.0007556155323982239,0.9635270229112481,0.9283843238802129,layer4_1_conv2,32,0.75,,4,0,1,1,151,projection
20260823-184507,full_s43_fixed_epochs5_pat2_dirichlet_a01_lambda075_energycal,0.025503939627410693,0.0006504509365186095,0.008786403896310933,7.720089342910796e-05,0.01854588745389642,0.0003439499414525926,0.0005732500430895016,0.3445116332877306,0.11868826547057978,fc,32,0.75,,4,0,1,1,151,projection
20260823-184507,full_s43_fixed_epochs5_pat2_dirichlet_a01_lambda075_energycal,0.10637018194617164,0.011314615607261658,0.10243696397690007,0.010493331588804722,0.022198438919683833,0.0004927706904709339,0.0008212840184569359,0.9630233031728576,0.9274138824539615,layer4_1_conv2,32,0.75,,4,0,1,2,152,projection
20260823-184507,full_s43_fixed_epochs5_pat2_dirichlet_a01_lambda075_energycal,0.026041080547730494,0.0006781378760933876,0.008882735349970996,7.890298729762435e-05,0.018961562789713955,0.00035954086342826486,0.0005992348887957633,0.3411047146714937,0.11635242637112114,fc,32,0.75,,4,0,1,2,152,projection
20260823-184507,full_s43_fixed_epochs5_pat2_dirichlet_a01_lambda075_energycal,0.10878363891998634,0.011833880096673965,0.10465568158578271,0.010952811688184738,0.02299220037152121,0.00052864127792418,0.0008810684084892273,0.9620535093770869,0.9255469549047687,layer4_1_conv2,32,0.75,,4,0,1,3,153,projection
20260823-184507,full_s43_fixed_epochs5_pat2_dirichlet_a01_lambda075_energycal,0.026289275081364517,0.0006911259843036532,0.008970821694816167,8.047564188018441e-05,0.019141319199059703,0.00036639010068029165,0.0006106503424234688,0.34123503470718547,0.11644134891161409,fc,32,0.75,,4,0,1,3,153,projection
20260823-184507,full_s43_fixed_epochs5_pat2_dirichlet_a01_lambda075_energycal,0.11145098916781122,0.012421322986483574,0.10715537391931906,0.011482274159789085,0.023736651423649176,0.0005634286208078265,0.0009390488266944885,0.9614573609389481,0.9244002569036868,layer4_1_conv2,32,0.75,,4,0,1,4,154,projection
20260823-184507,full_s43_fixed_epochs5_pat2_dirichlet_a01_lambda075_energycal,0.02655414027258766,0.000705122365616262,0.009030959617537816,8.155823161359876e-05,0.019342657117339318,0.0003741383843589574,0.0006235641340026632,0.34009610271060614,0.11566535907894314,fc,32,0.75,,4,0,1,4,154,projection
20260823-184507,full_s43_fixed_epochs5_pat2_dirichlet_a01_lambda075_energycal,0.11660985837271653,0.01359785906970501,0.11201742585067931,0.012547903694212437,0.02509926441064808,0.0006299730739556253,0.0010499553754925728,0.9606171160301167,0.9227852436100185,layer4_1_conv2,32,0.75,,4,0,1,5,155,projection
20260823-184507,full_s43_fixed_epochs5_pat2_dirichlet_a01_lambda075_energycal,0.026957353315542457,0.0007266988977789879,0.009117661145225638,8.31317447591573e-05,0.019650450194814234,0.0003861401928588748,0.0006435671530198306,0.33822538282972997,0.11439640959031741,fc,32,0.75,,4,0,1,5,155,projection
20260823-184507,full_s43_fixed_epochs5_pat2_dirichlet_a01_lambda075_energycal,0.11515114089677658,0.013259785249829292,0.110612156467247,0.012235049158334732,0.02479601463435475,0.0006148423417471349,0.0010247360914945602,0.9605823755268008,0.9227185001727118,layer4_1_conv2,32,0.75,,4,0,2,1,156,projection
20260823-184507,full_s43_fixed_epochs5_pat2_dirichlet_a01_lambda075_energycal,0.026776479384357916,0.0007169798482209444,0.009098103361170196,8.277548477053642e-05,0.01950698701492072,0.0003805225424002856,0.000634204363450408,0.3397796712022215,0.1154502249622898,fc,32,0.75,,4,0,2,1,156,projection
20260823-184507,full_s43_fixed_epochs5_pat2_dirichlet_a01_lambda075_energycal,0.1130870313377384,0.012788676656782627,0.10870690316689578,0.011817190796136856,0.024143153597519694,0.0005828918656334281,0.000971485860645771,0.9612676350326926,0.9240354661613458,layer4_1_conv2,32,0.75,,4,0,2,2,157,projection
20260823-184507,full_s43_fixed_epochs5_pat2_dirichlet_a01_lambda075_energycal,0.02648286478623296,0.0007013421272858977,0.009036477162526927,8.165791950887069e-05,0.019282386448994954,0.0003718104271683842,0.000619684207777027,0.3412197749551821,0.1164309348204651,fc,32,0.75,,4,0,2,2,157,projection
20260823-184507,full_s43_fixed_epochs5_pat2_dirichlet_a01_lambda075_energycal,0.11052155693397377,0.012215014547109604,0.10627909903493434,0.01129524689167738,0.023491724687000205,0.000551861128769815,0.0009197676554322243,0.961614204353148,0.9247018780137379,layer4_1_conv2,32,0.75,,4,0,2,3,158,projection
20260823-184507,full_s43_fixed_epochs5_pat2_dirichlet_a01_lambda075_energycal,0.026161446379618893,0.0006844212766736746,0.008957097231890785,8.022959082154557e-05,0.019039823963239447,0.0003625148965511471,0.000604191685852129,0.34237775319902886,0.11722252588561513,fc,32,0.75,,4,0,2,3,158,projection
20260823-184507,full_s43_fixed_epochs5_pat2_dirichlet_a01_lambda075_energycal,0.10722167259281257,0.011496487073600292,0.10315090381517118,0.010640108957886696,0.022667754167004218,0.0005138270789757371,0.0008563781157135963,0.9620340862140752,0.9255095830377505,layer4_1_conv2,32,0.75,,4,0,2,4,159,projection
20260823-184507,full_s43_fixed_epochs5_pat2_dirichlet_a01_lambda075_energycal,0.02576573950203934,0.0006638733320869505,0.008862717444158123,7.854776049498469e-05,0.018740204957180578,0.00035119528183713555,0.0005853255715919659,0.34397295072616274,0.11831739083126316,fc,32,0.75,,4,0,2,4,159,projection
20260823-184507,full_s43_fixed_epochs5_pat2_dirichlet_a01_lambda075_energycal,0.10733325076778763,0.011520426720380783,0.10337159194886779,0.010685686022043228,0.022379538507164672,0.0005008437437936664,0.0008347406983375549,0.9630901068347331,0.9275425538829377,layer4_1_conv2,32,0.75,,4,0,2,5,160,projection
20260823-184507,full_s43_fixed_epochs5_pat2_dirichlet_a01_lambda075_energycal,0.025456356054483043,0.0006480260635726154,0.008836120222657807,7.807702058926225e-05,0.018492413784640203,0.00034196936758235097,0.0005699490429833531,0.3471086043794435,0.12048438323424507,fc,32,0.75,,4,0,2,5,160,projection
20260823-184507,full_s43_fixed_epochs5_pat2_dirichlet_a01_lambda075_energycal,0.10315207303022815,0.010640350170433521,0.09939420591703285,0.00987920816987753,0.021370198290062214,0.000456685374956578,0.0007611420005559921,0.963569640407575,0.9284664519151835,layer4_1_conv2,32,0.75,,4,0,3,1,161,projection
20260823-184507,full_s43_fixed_epochs5_pat2_dirichlet_a01_lambda075_energycal,0.02492435268115852,0.0006212233565747738,0.008704132770802092,7.576192729175091e-05,0.01809079145128056,0.0003272767353337258,0.0005454614292830229,0.34922201920942775,0.12195601870070993,fc,32,0.75,,4,0,3,1,161,projection
20260823-184507,full_s43_fixed_epochs5_pat2_dirichlet_a01_lambda075_energycal,0.09851492077593146,0.009705189615488052,0.09497754775930492,0.009020734578371048,0.0202650879744285,0.0004106737906113267,0.0006844550371170044,0.9640930227749747,0.929475356563388,layer4_1_conv2,32,0.75,,4,0,3,2,162,projection
20260823-184507,full_s43_fixed_epochs5_pat2_dirichlet_a01_lambda075_energycal,0.024353787403148943,0.0005931069608777761,0.00856226625382322,7.331240340135992e-05,0.01766003129617893,0.0003118767053820193,0.0005197945574764162,0.3515784264716099,0.12360738996025321,fc,32,0.75,,4,0,3,2,162,projection
20260823-184507,full_s43_fixed_epochs5_pat2_dirichlet_a01_lambda075_energycal,0.09402437590767475,0.008840583264827728,0.09069827299258709,0.008226176723837852,0.01920008189074383,0.00036864314461126924,0.0006144065409898758,0.9646250997895094,0.9305015831439207,layer4_1_conv2,32,0.75,,4,0,3,3,163,projection
20260823-184507,full_s43_fixed_epochs5_pat2_dirichlet_a01_lambda075_energycal,0.023801913560352963,0.0005665310891345143,0.008429401207732128,7.105480472091585e-05,0.017241975896433084,0.0002972857328131795,0.0004954762844135985,0.35414804722982646,0.12542083935669937,fc,32,0.75,,4,0,3,3,163,projection
20260823-184507,full_s43_fixed_epochs5_pat2_dirichlet_a01_lambda075_energycal,0.09031175952990612,0.008156213909387589,0.08714714835020065,0.00759462546557188,0.018356277262819565,0.0003369529149495065,0.0005615884438157082,0.9649590352775983,0.9311459397638732,layer4_1_conv2,32,0.75,,4,0,3,4,164,projection
20260823-184507,full_s43_fixed_epochs5_pat2_dirichlet_a01_lambda075_energycal,0.023213984704784342,0.0005388890858739614,0.008294774785431926,6.880328874103725e-05,0.01679438656432838,0.0002820514200720936,0.0004700857971329242,0.3573180085589698,0.127676159240548,fc,32,0.75,,4,0,3,4,164,projection
20260823-184507,full_s43_fixed_epochs5_pat2_dirichlet_a01_lambda075_energycal,0.09151381110259219,0.008374777622520924,0.08823697406148932,0.007785763591527939,0.018799154786578672,0.00035340822068974376,0.0005890140309929848,0.9641929780694048,0.9296680989583478,layer4_1_conv2,32,0.75,,4,0,3,5,165,projection
20260823-184507,full_s43_fixed_epochs5_pat2_dirichlet_a01_lambda075_energycal,0.02303176981934258,0.0005304624210111797,0.008187531227314344,6.703566759824753e-05,0.01667501175781183,0.00027805601712316275,0.00046342675341293216,0.3554885834452148,0.12637213295988545,fc,32,0.75,,4,0,3,5,165,projection
20260823-184507,full_s43_fixed_epochs5_pat2_dirichlet_a01_lambda075_energycal,0.09490437876200937,0.009006841108202934,0.09143420366634734,0.008360213600099087,0.01969712127070943,0.0003879765863530338,0.0006466275081038475,0.963435037024328,0.9282070705660684,layer4_1_conv2,32,0.75,,5,0,1,1,166,projection
20260823-184507,full_s43_fixed_epochs5_pat2_dirichlet_a01_lambda075_energycal,0.0237197360642181,0.0005626258789561689,0.008293544896839172,6.878288695588708e-05,0.017213533879887662,0.00029630574863404036,0.0004938429920002818,0.3496474359742232,0.12225332948334852,fc,32,0.75,,5,0,1,1,166,projection
20260823-184507,full_s43_fixed_epochs5_pat2_dirichlet_a01_lambda075_energycal,0.09861756197424548,0.009725423529744148,0.09500196084709323,0.009025372564792633,0.020494649840950358,0.0004200306721031666,0.0007000509649515152,0.96333714751439,0.9280184597811617,layer4_1_conv2,32,0.75,,5,0,1,2,167,projection
20260823-184507,full_s43_fixed_epochs5_pat2_dirichlet_a01_lambda075_energycal,0.024355458016381733,0.0005931883351877332,0.008443497840073361,7.129265577532351e-05,0.017695687805284178,0.00031313736690208316,0.0005218956794124097,0.3466778507878676,0.12018553222689501,fc,32,0.75,,5,0,1,2,167,projection
20260823-184507,full_s43_fixed_epochs5_pat2_dirichlet_a01_lambda075_energycal,0.10155249968225678,0.010312910191714764,0.09777174319126312,0.009559313766658306,0.021264008803662113,0.0004521580704022199,0.0007535964250564575,0.9627704241370414,0.9269268895930185,layer4_1_conv2,32,0.75,,5,0,1,3,168,projection
20260823-184507,full_s43_fixed_epochs5_pat2_dirichlet_a01_lambda075_energycal,0.02474639484053741,0.0006123840576037765,0.008517375465238697,7.254568481585011e-05,0.01799730346456629,0.00032390293199568987,0.0005398383727879263,0.34418651767756764,0.11846435895101057,fc,32,0.75,,5,0,1,3,168,projection
20260823-184507,full_s43_fixed_epochs5_pat2_dirichlet_a01_lambda075_energycal,0.10419532461138424,0.010856665670871735,0.10030614029103883,0.010061321780085564,0.02184504566601621,0.00047720602015033364,0.000795343890786171,0.962674099487181,0.9267414218234549,layer4_1_conv2,32,0.75,,5,0,1,4,169,projection
20260823-184507,full_s43_fixed_epochs5_pat2_dirichlet_a01_lambda075_energycal,0.02499683768045711,0.0006248418940231204,0.008574301586478724,7.351864769589156e-05,0.018187738890058067,0.0003307938459329307,0.0005513232463272288,0.34301545243789927,0.11765960061117672,fc,32,0.75,,5,0,1,4,169,projection
20260823-184507,full_s43_fixed_epochs5_pat2_dirichlet_a01_lambda075_energycal,0.10935548625304785,0.011958622373640537,0.10535248776865105,0.01109914667904377,0.022708702823530384,0.0005156851839274168,0.0008594756945967674,0.9633946258980196,0.9281292052091851,layer4_1_conv2,32,0.75,,5,0,1,5,170,projection
20260823-184507,full_s43_fixed_epochs5_pat2_dirichlet_a01_lambda075_energycal,0.025055364914004195,0.0006277713109739125,0.008658674187525589,7.49726386857219e-05,0.018212059912260437,0.00033167912624776363,0.0005527986722881906,0.34558164358189,0.1194266723807604,fc,32,0.75,,5,0,1,5,170,projection
20260823-184507,full_s43_fixed_epochs5_pat2_dirichlet_a01_lambda075_energycal,0.10879842317261168,0.011837096884846687,0.1048198180450357,0.010987194254994392,0.02258189946109606,0.0005099421832710505,0.0008499026298522949,0.9634314081807619,0.9282000782691657,layer4_1_conv2,32,0.75,,5,0,2,1,171,projection
20260823-184507,full_s43_fixed_epochs5_pat2_dirichlet_a01_lambda075_energycal,0.02496911544921771,0.0006234567263163626,0.008639090499069954,7.463388465112075e-05,0.018146448734684895,0.000329293601680547,0.0005488228416652419,0.3459910510903028,0.11970980743457252,fc,32,0.75,,5,0,2,1,171,projection
20260823-184507,full_s43_fixed_epochs5_pat2_dirichlet_a01_lambda075_energycal,0.10635183762245963,0.011310713365674019,0.10251264686020424,0.010508842766284943,0.021934494681975444,0.000481122056953609,0.0008018705993890762,0.9639010397179576,0.9291052143693598,layer4_1_conv2,32,0.75,,5,0,2,2,172,projection
20260823-184507,full_s43_fixed_epochs5_pat2_dirichlet_a01_lambda075_energycal,0.02481041798891844,0.0006155568407848477,0.00857313471330368,7.349863881245255e-05,0.01803426848232863,0.00032523483969271183,0.0005420582019723952,0.3455457589280787,0.11940187151318189,fc,32,0.75,,5,0,2,2,172,projection
20260823-184507,full_s43_fixed_epochs5_pat2_dirichlet_a01_lambda075_energycal,0.10373103473288416,0.010760127566754818,0.10003864595832185,0.010007730685174465,0.021247074790565233,0.0004514381871558726,0.0007523968815803528,0.9644042037749792,0.9300754682588517,layer4_1_conv2,32,0.75,,5,0,2,3,173,projection
20260823-184507,full_s43_fixed_epochs5_pat2_dirichlet_a01_lambda075_energycal,0.024542957040127322,0.0006023567402735353,0.008490238881943618,7.208415627246723e-05,0.017837136903180645,0.0003181634529028088,0.000530272584001068,0.3459338199574819,0.11967020779037553,fc,32,0.75,,5,0,2,3,173,projection
20260823-184507,full_s43_fixed_epochs5_pat2_dirichlet_a01_lambda075_energycal,0.10050118218030295,0.010100487619638443,0.09696710614843482,0.009402619674801826,0.020462674039246287,0.000418721028836444,0.0006978679448366165,0.9648354779993745,0.9309074996062816,layer4_1_conv2,32,0.75,,5,0,2,4,174,projection
20260823-184507,full_s43_fixed_epochs5_pat2_dirichlet_a01_lambda075_energycal,0.024215320855837445,0.000586381764151156,0.008358642400353888,6.986690277699381e-05,0.01760422983527959,0.00030990890809334815,0.0005165148613741621,0.34517991523283575,0.11914917388014765,fc,32,0.75,,5,0,2,4,174,projection
20260823-184507,full_s43_fixed_epochs5_pat2_dirichlet_a01_lambda075_energycal,0.10234710345707344,0.010474929586052895,0.09879454015687443,0.009760361164808273,0.02070607134033895,0.00042874139035120606,0.0007145684212446213,0.9652890684718886,0.9317829857113263,layer4_1_conv2,32,0.75,,5,0,2,5,175,projection
20260823-184507,full_s43_fixed_epochs5_pat2_dirichlet_a01_lambda075_energycal,0.024161686602103695,0.0005837870994582772,0.008453779692612943,7.146639109123498e-05,0.017532608422063594,0.0003073923580814153,0.0005123207083670422,0.3498836745890452,0.12241858574393288,fc,32,0.75,,5,0,2,5,175,projection
20260823-184507,full_s43_fixed_epochs5_pat2_dirichlet_a01_lambda075_energycal,0.09769979459783443,0.009545249864459038,0.09435432089105626,0.008902737870812416,0.01963433539335569,0.0003855071263387799,0.0006425119936466217,0.9657576178071892,0.9326877763526167,layer4_1_conv2,32,0.75,,5,0,3,1,176,projection
20260823-184507,full_s43_fixed_epochs5_pat2_dirichlet_a01_lambda075_energycal,0.023622071666702507,0.0005580022698268294,0.008288138944182845,6.869324715808034e-05,0.017134332650955174,0.00029358535539358854,0.0004893090226687491,0.35086418588195817,0.12310567693460928,fc,32,0.75,,5,0,3,1,176,projection
20260823-184507,full_s43_fixed_epochs5_pat2_dirichlet_a01_lambda075_energycal,0.09340136992072219,0.008723815903067589,0.09023314553616342,0.008142020553350449,0.018683594343778396,0.0003490766976028681,0.0005817953497171402,0.9660794655662126,0.9333095337886989,layer4_1_conv2,32,0.75,,5,0,3,2,177,projection
20260823-184507,full_s43_fixed_epochs5_pat2_dirichlet_a01_lambda075_energycal,0.02304214574492276,0.000530940480530262,0.008121113300299954,6.595248123630881e-05,0.01670307441169386,0.00027899269480258226,0.0004649879992939532,0.3524460521255668,0.12421821965889776,fc,32,0.75,,5,0,3,2,177,projection
20260823-184507,full_s43_fixed_epochs5_pat2_dirichlet_a01_lambda075_energycal,0.08959296718996547,0.00802689976990223,0.08658921150675038,0.007497691549360752,0.017819216545772464,0.0003175244783051312,0.0005292082205414772,0.9664733094859312,0.9340706579486886,layer4_1_conv2,32,0.75,,5,0,3,3,178,projection
20260823-184507,full_s43_fixed_epochs5_pat2_dirichlet_a01_lambda075_energycal,0.022532473548121105,0.0005077123641967773,0.007988032547569855,6.380866398103535e-05,0.016319991814273495,0.0002663421328179538,0.000443903700215742,0.35451201265188864,0.12567876711449283,fc,32,0.75,,5,0,3,3,178,projection
20260823-184507,full_s43_fixed_epochs5_pat2_dirichlet_a01_lambda075_energycal,0.08568470250932507,0.007341868244111538,0.0828257330856918,0.0068601020611822605,0.017001758646359437,0.0002890597970690578,0.0004817661829292774,0.9666338408151428,0.9343809822090348,layer4_1_conv2,32,0.75,,5,0,3,4,179,projection
20260823-184507,full_s43_fixed_epochs5_pat2_dirichlet_a01_lambda075_energycal,0.021983262654591343,0.0004832638369407505,0.007810973180274139,6.10113020229619e-05,0.01591701804580896,0.000253351463470608,0.0004222525349177886,0.3553145546683794,0.12624843275918876,fc,32,0.75,,5,0,3,4,179,projection
20260823-184507,full_s43_fixed_epochs5_pat2_dirichlet_a01_lambda075_energycal,0.08671573448952329,0.007519618608057499,0.08387993817353505,0.007035844027996063,0.017037171699519696,0.0002902652195189148,0.0004837745800614357,0.9672977881963181,0.9356650110494891,layer4_1_conv2,32,0.75,,5,0,3,5,180,projection
20260823-184507,full_s43_fixed_epochs5_pat2_dirichlet_a01_lambda075_energycal,0.0216738302033688,0.0004697549156844616,0.007941005004966908,6.305956048890948e-05,0.015621048364283598,0.0002440171519992873,0.0004066953551955521,0.3663867867587439,0.1342392775113973,fc,32,0.75,,5,0,3,5,180,projection
20260823-184507,full_s43_fixed_epochs5_pat2_dirichlet_a01_lambda075_energycal,0.08949987281092339,0.008010227233171463,0.08649130670255609,0.0074807461351156235,0.017823818544116334,0.00031768850749358535,0.0005294810980558395,0.9663846884484051,0.9338993660675212,layer4_1_conv2,32,0.75,,6,0,1,1,181,projection
20260823-184507,full_s43_fixed_epochs5_pat2_dirichlet_a01_lambda075_energycal,0.02237744595943104,0.0005007500876672566,0.008022664779167646,6.436315015889704e-05,0.016181227269242805,0.000261832115938887,0.00043638693750835955,0.3585156587446241,0.12853347756509173,fc,32,0.75,,6,0,1,1,181,projection
20260823-184507,full_s43_fixed_epochs5_pat2_dirichlet_a01_lambda075_energycal,0.09288074411179104,0.008626832626760006,0.0896901964237525,0.008044331334531307,0.018694952130929365,0.00034950123517774045,0.0005825012922286987,0.965648986573596,0.9324779652706129,layer4_1_conv2,32,0.75,,6,0,1,2,182,projection
20260823-184507,full_s43_fixed_epochs5_pat2_dirichlet_a01_lambda075_energycal,0.02295446589525035,0.0005269075045362115,0.008112712289166216,6.581610068678856e-05,0.016632942737290744,0.00027665478410199285,0.00046109140384942293,0.3534263147828183,0.12491015998096375,fc,32,0.75,,6,0,1,2,182,projection
20260823-184507,full_s43_fixed_epochs5_pat2_dirichlet_a01_lambda075_energycal,0.09546724756872324,0.009113995358347893,0.0921483514388371,0.008491318672895432,0.019328880196188718,0.00037360560963861644,0.0006226766854524612,0.9652352381114058,0.9316790648919823,layer4_1_conv2,32,0.75,,6,0,1,3,183,projection
20260823-184507,full_s43_fixed_epochs5_pat2_dirichlet_a01_lambda075_energycal,0.02336558594312027,0.0005459506064653397,0.008175692784267734,6.684195250272751e-05,0.016954797819334295,0.0002874651690945029,0.00047910865396261215,0.3499031782969249,0.12243223418228963,fc,32,0.75,,6,0,1,3,183,projection
20260823-184507,full_s43_fixed_epochs5_pat2_dirichlet_a01_lambda075_energycal,0.09675778018980137,0.00936206802725792,0.0933797349236778,0.008719774894416332,0.01963099698656191,0.0003853760426864028,0.0006422931328415871,0.9650876109445965,0.9313940967987486,layer4_1_conv2,32,0.75,,6,0,1,4,184,projection
20260823-184507,full_s43_fixed_epochs5_pat2_dirichlet_a01_lambda075_energycal,0.023557934679563526,0.0005549762863665819,0.008208645300019387,6.738185766153038e-05,0.017104285813637585,0.0002925565931946039,0.00048759442870505154,0.34844503186182846,0.12141394022919066,fc,32,0.75,,6,0,1,4,184,projection
20260823-184507,full_s43_fixed_epochs5_pat2_dirichlet_a01_lambda075_energycal,0.10130941512372603,0.010263597592711449,0.09765391346997282,0.009536286816000938,0.02088986598690625,0.0004363865009509027,0.0007273107767105103,0.963917453779702,0.9291368577011437,layer4_1_conv2,32,0.75,,6,0,1,5,185,projection
20260823-184507,full_s43_fixed_epochs5_pat2_dirichlet_a01_lambda075_energycal,0.023818996607822104,0.000567344599403441,0.00830691650799384,6.900486187078059e-05,0.01729172690151368,0.00029900381923653185,0.0004983397375326604,0.34875173983046237,0.12162777603477452,fc,32,0.75,,6,0,1,5,185,projection
20260823-184507,full_s43_fixed_epochs5_pat2_dirichlet_a01_lambda075_energycal,0.10085847653285017,0.010172432288527489,0.09726319367460813,0.009460128843784332,0.020673219600203373,0.00042738200863823295,0.0007123034447431564,0.9643531909083414,0.9299770768151,layer4_1_conv2,32,0.75,,6,0,2,1,186,projection
20260823-184507,full_s43_fixed_epochs5_pat2_dirichlet_a01_lambda075_energycal,0.023750270864313024,0.0005640753661282361,0.008269998415954745,6.8392873799894e-05,0.017245563290204557,0.00029740945319645107,0.000495682492328342,0.34820648838919904,0.12124775855633743,fc,32,0.75,,6,0,2,1,186,projection
20260823-184507,full_s43_fixed_epochs5_pat2_dirichlet_a01_lambda075_energycal,0.09892933717683859,0.009787013754248619,0.09545915510937966,0.009112450294196606,0.020118105795650786,0.0004047381808049977,0.0006745634600520134,0.9649226188460568,0.9310756603607326,layer4_1_conv2,32,0.75,,6,0,2,2,187,projection
20260823-184507,full_s43_fixed_epochs5_pat2_dirichlet_a01_lambda075_energycal,0.02354097373576984,0.0005541774444282055,0.008184010475434888,6.697802746202797e-05,0.017097355690262873,0.0002923195715993643,0.0004871994169661775,0.34764961582704274,0.12086025538469036,fc,32,0.75,,6,0,2,2,187,projection
20260823-184507,full_s43_fixed_epochs5_pat2_dirichlet_a01_lambda075_energycal,0.09644808144532489,0.009302232414484024,0.09307980395946935,0.008663849905133247,0.0195711294972562,0.0003830291097983718,0.0006383825093507767,0.9650767808402185,0.9313731929169191,layer4_1_conv2,32,0.75,,6,0,2,3,188,projection
20260823-184507,full_s43_fixed_epochs5_pat2_dirichlet_a01_lambda075_energycal,0.02329010236896979,0.0005424288683570921,0.008086827109414912,6.539677269756794e-05,0.01691801335573977,0.00028621917590498924,0.0004770320956595242,0.34722162149829244,0.12056285443590346,fc,32,0.75,,6,0,2,3,188,projection
20260823-184507,full_s43_fixed_epochs5_pat2_dirichlet_a01_lambda075_energycal,0.09392067155842837,0.008821092545986176,0.09069466872639467,0.008225522935390472,0.01890350203479222,0.00035734238917939365,0.0005955696105957031,0.9656518338454726,0.9324834642091242,layer4_1_conv2,32,0.75,,6,0,2,4,189,projection
20260823-184507,full_s43_fixed_epochs5_pat2_dirichlet_a01_lambda075_energycal,0.02297221588848809,0.0005277227028273046,0.00797563526836136,6.361075793392956e-05,0.016687332909261852,0.00027846707962453365,0.00046411194489337504,0.34718615335485054,0.12053822508133777,fc,32,0.75,,6,0,2,4,189,projection
20260823-184507,full_s43_fixed_epochs5_pat2_dirichlet_a01_lambda075_energycal,0.09387324100553125,0.008812185376882553,0.09065299875911464,0.008217966184020042,0.018882049393365984,0.0003565317892935127,0.0005942191928625107,0.9656958446100006,0.9325684642970227,layer4_1_conv2,32,0.75,,6,0,2,5,190,projection
20260823-184507,full_s43_fixed_epochs5_pat2_dirichlet_a01_lambda075_energycal,0.022737199611541446,0.0005169802461750805,0.00801147140745244,6.418367411242798e-05,0.01648265402096213,0.0002716778835747391,0.00045279657206265256,0.35235084110295634,0.12415111522596076,fc,32,0.75,,6,0,2,5,190,projection
20260823-184507,full_s43_fixed_epochs5_pat2_dirichlet_a01_lambda075_energycal,0.09032661834170275,0.00815889798104763,0.08729792063045715,0.007620926946401596,0.017966146902524915,0.0003227824345231056,0.0005379710346460342,0.9664694885422574,0.9340632722831329,layer4_1_conv2,32,0.75,,6,0,3,1,191,projection
20260823-184507,full_s43_fixed_epochs5_pat2_dirichlet_a01_lambda075_energycal,0.022311845706380944,0.0004978184588253498,0.007872358223090549,6.197402399266139e-05,0.01617116717503376,0.00026150664780288935,0.0004358444348326884,0.3528331240135432,0.12449121340115635,fc,32,0.75,,6,0,3,1,191,projection
20260823-184507,full_s43_fixed_epochs5_pat2_dirichlet_a01_lambda075_energycal,0.08675478420700478,0.007526392582803965,0.0838748861367523,0.007034996524453163,0.017170831674310306,0.00029483746038749814,0.0004913960583508015,0.9668041584498582,0.9347102807959385,layer4_1_conv2,32,0.75,,6,0,3,2,192,projection
20260823-184507,full_s43_fixed_epochs5_pat2_dirichlet_a01_lambda075_energycal,0.021835151207812854,0.00047677382826805115,0.007715432455441251,5.952789797447622e-05,0.01582237468630568,0.0002503475407138467,0.00041724593029357493,0.3533491653898227,0.12485563268168429,fc,32,0.75,,6,0,3,2,192,projection
20260823-184507,full_s43_fixed_epochs5_pat2_dirichlet_a01_lambda075_energycal,0.08331882330613892,0.006942026317119598,0.08058519433326518,0.006493973545730114,0.016396102257559282,0.0002688321692403406,0.0004480527713894844,0.9671907395663817,0.9354579267029642,layer4_1_conv2,32,0.75,,6,0,3,3,193,projection
20260823-184507,full_s43_fixed_epochs5_pat2_dirichlet_a01_lambda075_energycal,0.021339002570460015,0.0004553530307020992,0.007574649377382274,5.7375313190277666e-05,0.015452721347312515,0.0002387865970376879,0.00039797771751182154,0.3549673585900404,0.1260018256643903,fc,32,0.75,,6,0,3,3,193,projection
20260823-184507,full_s43_fixed_epochs5_pat2_dirichlet_a01_lambda075_energycal,0.07998843229096718,0.00639814930036664,0.07739160338549099,0.005989460274577141,0.015659283488077977,0.00024521315935999155,0.0004086890257894993,0.9675349443525794,0.936123868543349,layer4_1_conv2,32,0.75,,6,0,3,4,194,projection
20260823-184507,full_s43_fixed_epochs5_pat2_dirichlet_a01_lambda075_energycal,0.02086271361647668,0.00043525281944312155,0.007417814440381511,5.5023971071932465e-05,0.015104213737991309,0.00022813727264292538,0.0003802288483711891,0.3555536722952074,0.12641841388260772,fc,32,0.75,,6,0,3,4,194,projection
20260823-184507,full_s43_fixed_epochs5_pat2_dirichlet_a01_lambda075_energycal,0.07992861910394831,0.006388584151864052,0.07729719704456225,0.005974856670945883,0.01575552728063456,0.0002482366398908198,0.000413727480918169,0.9670778490997842,0.9352395662194647,layer4_1_conv2,32,0.75,,6,0,3,5,195,projection
20260823-184507,full_s43_fixed_epochs5_pat2_dirichlet_a01_lambda075_energycal,0.02044371610471281,0.0004179455281700939,0.00744633645292742,5.5447926570195705e-05,0.014747831280921744,0.0002174985274905339,0.0003624976015998982,0.3642359546956752,0.13266783069306992,fc,32,0.75,,6,0,3,5,195,projection
20260823-184507,full_s43_fixed_epochs5_pat2_dirichlet_a01_lambda075_energycal,0.05073206839929385,0.00257374276407063,0.04873993061225534,0.0023755808360874653,0.010904001021672006,0.00011889723828062415,0.0001981619279831648,0.9607321788782764,0.9230063195322007,layer4_1_conv2,32,0.75,,1,1,1,1,131,projection
20260823-184507,full_s43_fixed_epochs5_pat2_dirichlet_a01_lambda075_energycal,0.008777212227214542,7.703945448156446e-05,0.0050825387114605365,2.5832199753494933e-05,0.005542954981456973,3.072434992645867e-05,5.120725472806953e-05,0.5790607062800265,0.3353113015575231,fc,32,0.75,,1,1,1,1,131,projection
20260823-184507,full_s43_fixed_epochs5_pat2_dirichlet_a01_lambda075_energycal,0.07034156781272764,0.004947936162352562,0.06683446456695204,0.004466845653951168,0.016989835968306104,0.0002886545262299478,0.0004810905084013939,0.9501418101013519,0.9027694593026736,layer4_1_conv2,32,0.75,,1,1,1,2,132,projection
20260823-184507,full_s43_fixed_epochs5_pat2_dirichlet_a01_lambda075_energycal,0.01283437873612947,0.00016472127754241228,0.005940663827450232,3.5291486710775644e-05,0.008812369712345638,7.765785994706675e-05,0.00012942979083163664,0.462871164205786,0.21424971465321974,fc,32,0.75,,1,1,1,2,132,projection
20260823-184507,full_s43_fixed_epochs5_pat2_dirichlet_a01_lambda075_energycal,0.0868459793844819,0.007542224135249853,0.082152521092692,0.006749036721885204,0.021815412865018393,0.00047591223847121,0.0007931874133646488,0.9459565275784253,0.8948337520682322,layer4_1_conv2,32,0.75,,1,1,1,3,133,projection
20260823-184507,full_s43_fixed_epochs5_pat2_dirichlet_a01_lambda075_energycal,0.016339858433112454,0.00026699097361415625,0.006780802245563894,4.597927909344435e-05,0.011515510866608555,0.00013260699051897973,0.0002210116945207119,0.41498537293460935,0.1722128597496768,fc,32,0.75,,1,1,1,3,133,projection
20260823-184507,full_s43_fixed_epochs5_pat2_dirichlet_a01_lambda075_energycal,0.10176941078848634,0.01035701297223568,0.09612431582801417,0.009239884093403816,0.025889713801681726,0.0006702772807329893,0.0011171288788318634,0.9445305331264547,0.8921379280081447,layer4_1_conv2,32,0.75,,1,1,1,4,134,projection
20260823-184507,full_s43_fixed_epochs5_pat2_dirichlet_a01_lambda075_energycal,0.0193031778278843,0.00037261267425492406,0.007545813503542724,5.6939301430247724e-05,0.013762412699891124,0.00018940400332212448,0.00031567337282467633,0.3909104278489555,0.15281096260105348,fc,32,0.75,,1,1,1,4,134,projection
20260823-184507,full_s43_fixed_epochs5_pat2_dirichlet_a01_lambda075_energycal,0.11499591983419322,0.013224061578512192,0.10867940728515671,0.011811213567852974,0.029115442911676784,0.00084770901594311,0.0014128480106592178,0.9450718550871721,0.8931608112779089,layer4_1_conv2,32,0.75,,1,1,1,5,135,projection
20260823-184507,full_s43_fixed_epochs5_pat2_dirichlet_a01_lambda075_energycal,0.02180639251878758,0.00047551875468343496,0.008211170200891953,6.742331606801599e-05,0.01564791422246127,0.0002448572195135057,0.00040809543861541897,0.37654876632242185,0.14178897341893787,fc,32,0.75,,1,1,1,5,135,projection
20260823-184507,full_s43_fixed_epochs5_pat2_dirichlet_a01_lambda075_energycal,0.1256606554560238,0.015790600329637527,0.11891072401434583,0.014139760285615921,0.03147227245180599,0.0009905039332807064,0.0016508400440216064,0.9462844482452967,0.8954542569909056,layer4_1_conv2,32,0.75,,1,1,2,1,136,projection
20260823-184507,full_s43_fixed_epochs5_pat2_dirichlet_a01_lambda075_energycal,0.02383617608078504,0.0005681632901541889,0.008777624210652502,7.704668678343296e-05,0.01716595119798866,0.00029466988053172827,0.0004911166033707559,0.36824800173079664,0.13560659077872478,fc,32,0.75,,1,1,2,1,136,projection
20260823-184507,full_s43_fixed_epochs5_pat2_dirichlet_a01_lambda075_energycal,0.13378403647233536,0.01789816841483116,0.1268778284232094,0.016097983345389366,0.03286502655778809,0.0010801099706441164,0.0018001850694417953,0.9483779363275973,0.899420710112992,layer4_1_conv2,32,0.75,,1,1,2,2,137,projection
20260823-184507,full_s43_fixed_epochs5_pat2_dirichlet_a01_lambda075_energycal,0.025466701810629957,0.0006485529011115432,0.00925237973574284,8.560653077438474e-05,0.018378459238865323,0.00033776776399463415,0.0005629463703371584,0.36331283903755607,0.13199621900952913,fc,32,0.75,,1,1,2,2,137,projection
20260823-184507,full_s43_fixed_epochs5_pat2_dirichlet_a01_lambda075_energycal,0.137862367949672,0.01900603249669075,0.1309955656860865,0.0171598382294178,0.03328237297453699,0.0011077163508161902,0.0018461942672729492,0.9501908870004881,0.9028627217387742,layer4_1_conv2,32,0.75,,1,1,2,3,138,projection
20260823-184507,full_s43_fixed_epochs5_pat2_dirichlet_a01_lambda075_energycal,0.026612630646002736,0.000708232109900564,0.009585130390519373,9.187472460325807e-05,0.019230558235795954,0.00036981437006033957,0.0006163573852973059,0.36017222491152245,0.12972403159771634,fc,32,0.75,,1,1,2,3,138,projection
20260823-184507,full_s43_fixed_epochs5_pat2_dirichlet_a01_lambda075_energycal,0.14086796381572875,0.019843783229589462,0.1341201833524924,0.01798822358250618,0.033366689245884436,0.00111333595123142,0.0018555596470832825,0.9520985447616521,0.9064916389372557,layer4_1_conv2,32,0.75,,1,1,2,4,139,projection
20260823-184507,full_s43_fixed_epochs5_pat2_dirichlet_a01_lambda075_energycal,0.02751194366050083,0.0007569070439785719,0.009860972509603834,9.723877883516252e-05,0.01989474526695058,0.0003958008892368525,0.0006596682651434094,0.35842514913845686,0.12846858753492504,fc,32,0.75,,1,1,2,4,139,projection
20260823-184507,full_s43_fixed_epochs5_pat2_dirichlet_a01_lambda075_energycal,0.14165267022030056,0.02006547898054123,0.13510866319687906,0.018254350870847702,0.032964788914754774,0.0010866773081943393,0.0018111281096935272,0.9538024449998426,0.9097391040876774,layer4_1_conv2,32,0.75,,1,1,2,5,140,projection
20260823-184507,full_s43_fixed_epochs5_pat2_dirichlet_a01_lambda075_energycal,0.028106815781035025,0.0007899930933490396,0.010073194797217635,0.00010146925342269242,0.02032521250099112,0.00041311426321044564,0.0006885238399263471,0.35838975413267865,0.12844321586728183,fc,32,0.75,,1,1,2,5,140,projection
20260823-184507,full_s43_fixed_epochs5_pat2_dirichlet_a01_lambda075_energycal,0.14833131555951126,0.02200217917561531,0.14136001769006512,0.019982654601335526,0.03480968589833087,0.001211714232340455,0.002019524574279785,0.9530018469589503,0.9082125203071706,layer4_1_conv2,32,0.75,,2,1,1,1,141,projection
20260823-184507,full_s43_fixed_epochs5_pat2_dirichlet_a01_lambda075_energycal,0.02940213843221121,0.0008644857443869114,0.01038822054716322,0.00010791512613650411,0.021305921259789962,0.00045394228072836995,0.0007565706182504073,0.3533151362821458,0.12483158552607126,fc,32,0.75,,2,1,1,1,141,projection
20260823-184507,full_s43_fixed_epochs5_pat2_dirichlet_a01_lambda075_energycal,0.15315903849730078,0.023457691073417664,0.1459611576599117,0.0213046595454216,0.03594188248822866,0.001291818916797638,0.0021530315279960632,0.9530038781386321,0.9082163917472728,layer4_1_conv2,32,0.75,,2,1,1,2,142,projection
20260823-184507,full_s43_fixed_epochs5_pat2_dirichlet_a01_lambda075_energycal,0.030349815832666115,0.0009211113210767508,0.010670792460122617,0.00011386581172700971,0.022007890108538403,0.0004843472270295024,0.000807245509349741,0.3515933183567272,0.12361786151309495,fc,32,0.75,,2,1,1,2,142,projection
20260823-184507,full_s43_fixed_epochs5_pat2_dirichlet_a01_lambda075_energycal,0.15720461461193977,0.024713290855288506,0.1498912471677604,0.022467385977506638,0.03670890611476325,0.0013475437881425023,0.002245904877781868,0.953478671970079,0.9091215779018254,layer4_1_conv2,32,0.75,,2,1,1,3,143,projection
20260823-184507,full_s43_fixed_epochs5_pat2_dirichlet_a01_lambda075_energycal,0.031121974263172734,0.000968577282037586,0.010884563016669992,0.00011847371206386015,0.02258455296978161,0.0005100620328448713,0.0008501035699737258,0.34973883483831286,0.12231725259406068,fc,32,0.75,,2,1,1,3,143,projection
20260823-184507,full_s43_fixed_epochs5_pat2_dirichlet_a01_lambda075_energycal,0.15936586106034134,0.02539747767150402,0.15204025261502704,0.02311623841524124,0.03699653812391694,0.00136874383315444,0.0022812392562627792,0.954032762119984,0.910178511198286,layer4_1_conv2,32,0.75,,2,1,1,4,144,projection
20260823-184507,full_s43_fixed_epochs5_pat2_dirichlet_a01_lambda075_energycal,0.031631856162419925,0.0010005743242800236,0.011016356306750411,0.00012136010627727956,0.02296798780613653,0.0005275284638628364,0.000879214218002744,0.3482677794873872,0.12129044622907531,fc,32,0.75,,2,1,1,4,144,projection
20260823-184507,full_s43_fixed_epochs5_pat2_dirichlet_a01_lambda075_energycal,0.15949497709093372,0.025438647717237473,0.15221429484180757,0.02316919155418873,0.03690087730077895,0.001361674745567143,0.002269456163048744,0.954351651807974,0.9107870753086085,layer4_1_conv2,32,0.75,,2,1,1,5,145,projection
20260823-184507,full_s43_fixed_epochs5_pat2_dirichlet_a01_lambda075_energycal,0.031821773821545246,0.0010126252891495824,0.011083560727547459,0.00012284531840123236,0.023105581975370864,0.000533867918420583,0.00088977997074835,0.3483011597563183,0.12131369788759637,fc,32,0.75,,2,1,1,5,145,projection
20260823-184507,full_s43_fixed_epochs5_pat2_dirichlet_a01_lambda075_energycal,0.15884211499717757,0.02523081749677658,0.15175541958094468,0.023029707372188568,0.03634096131630442,0.0013206654693931341,0.0022011101245880127,0.9553852867272713,0.9127610460949503,layer4_1_conv2,32,0.75,,2,1,2,1,146,projection
20260823-184507,full_s43_fixed_epochs5_pat2_dirichlet_a01_lambda075_energycal,0.03185452301965089,0.0010147106368094683,0.011108480966701577,0.00012339834938757122,0.023125467567533642,0.0005347872502170503,0.000891312287421897,0.34872539010704423,0.12160939770531021,fc,32,0.75,,2,1,2,1,146,projection
20260823-184507,full_s43_fixed_epochs5_pat2_dirichlet_a01_lambda075_energycal,0.15584711944466975,0.024288324639201164,0.14902947989796614,0.022209785878658295,0.03531464023771538,0.0012471238151192665,0.0020785387605428696,0.9562543114624324,0.9144223081904906,layer4_1_conv2,32,0.75,,2,1,2,2,147,projection
20260823-184507,full_s43_fixed_epochs5_pat2_dirichlet_a01_lambda075_energycal,0.03164034919854041,0.0010011116974055767,0.011072392588537006,0.0001225978776346892,0.022958837177676075,0.0005271082045510411,0.0008785138197708875,0.34994533464402416,0.12246173723911807,fc,32,0.75,,2,1,2,2,147,projection
20260823-184507,full_s43_fixed_epochs5_pat2_dirichlet_a01_lambda075_energycal,0.1524634685594588,0.023245109245181084,0.14595759723093665,0.02130362018942833,0.034130527702106166,0.0011648929212242365,0.0019414890557527542,0.9573283266477376,0.9164775250021575,layer4_1_conv2,32,0.75,,2,1,2,3,148,projection
20260823-184507,full_s43_fixed_epochs5_pat2_dirichlet_a01_lambda075_energycal,0.031317022468739394,0.000980755896307528,0.010987579751244021,0.00012072690878994763,0.022716014545702972,0.000516017316840589,0.0008600289875175804,0.3508500772131772,0.1230957766804924,fc,32,0.75,,2,1,2,3,148,projection
20260823-184507,full_s43_fixed_epochs5_pat2_dirichlet_a01_lambda075_energycal,0.14704884173547683,0.021623361855745316,0.14089432727560253,0.019851211458444595,0.03260812505013549,0.0010632898192852736,0.0017721503973007202,0.9581464608137102,0.9180446403698387,layer4_1_conv2,32,0.75,,2,1,2,4,149,projection
20260823-184507,full_s43_fixed_epochs5_pat2_dirichlet_a01_lambda075_energycal,0.03074407071279578,0.0009451978839933872,0.010890260864327227,0.0001185977816930972,0.022270158203749783,0.0004959599464200437,0.00082660010230029,0.35422312699126945,0.125474023695473,fc,32,0.75,,2,1,2,4,149,projection
20260823-184507,full_s43_fixed_epochs5_pat2_dirichlet_a01_lambda075_energycal,0.14218355477277855,0.020216163247823715,0.1363408041799087,0.01858881488442421,0.03124753469190109,0.000976408424321562,0.0016273483633995056,0.95890698750494,0.9195026106857991,layer4_1_conv2,32,0.75,,2,1,2,5,150,projection
20260823-184507,full_s43_fixed_epochs5_pat2_dirichlet_a01_lambda075_energycal,0.03020404738681869,0.0009122844785451889,0.010738624854373593,0.00011531806376297027,0.021867320110115544,0.00047817968879826367,0.0007969664147822186,0.3555359557229414,0.12640581581182533,fc,32,0.75,,2,1,2,5,150,projection
20260823-184507,full_s43_fixed_epochs5_pat2_dirichlet_a01_lambda075_energycal,0.13756311441966296,0.01892361044883728,0.1320372210512408,0.017433827742934227,0.029897649360398168,0.000893869437277317,0.0014897827059030533,0.959830123127597,0.921273865263138,layer4_1_conv2,32,0.75,,2,1,3,1,151,projection
20260823-184507,full_s43_fixed_epochs5_pat2_dirichlet_a01_lambda075_energycal,0.029594023097781183,0.0008758062031120062,0.010602694228840144,0.00011241712491028011,0.021401713668956795,0.0004580333479680121,0.0007633890782017261,0.35827147237832235,0.12835844792013099,fc,32,0.75,,2,1,3,1,151,projection
20260823-184507,full_s43_fixed_epochs5_pat2_dirichlet_a01_lambda075_energycal,0.13228314455497378,0.01749883033335209,0.12706707462157407,0.016146041452884674,0.02848987339217614,0.000811672885902226,0.0013527888804674149,0.9605688997570508,0.9226926111804712,layer4_1_conv2,32,0.75,,2,1,3,2,152,projection
20260823-184507,full_s43_fixed_epochs5_pat2_dirichlet_a01_lambda075_energycal,0.028812913247545882,0.000830183969810605,0.010472572407472229,0.00010967477282974869,0.02079195626748329,0.0004323054454289377,0.0007205091969808564,0.3634680157989308,0.1321089985088118,fc,32,0.75,,2,1,3,2,152,projection
20260823-184507,full_s43_fixed_epochs5_pat2_dirichlet_a01_lambda075_energycal,0.1272985893163108,0.01620493084192276,0.1223646201922813,0.014973100274801254,0.027186365485841565,0.0007390984683297575,0.0012318305671215057,0.9612409756421605,0.9239842132534923,layer4_1_conv2,32,0.75,,2,1,3,3,153,projection
20260823-184507,full_s43_fixed_epochs5_pat2_dirichlet_a01_lambda075_energycal,0.028110758583179466,0.000790214748121798,0.010326730041054596,0.00010664135334081948,0.020252011862570404,0.0004101439844816923,0.0006835733947809786,0.3673586399491106,0.1349523703452603,fc,32,0.75,,2,1,3,3,153,projection
20260823-184507,full_s43_fixed_epochs5_pat2_dirichlet_a01_lambda075_energycal,0.12268307052453604,0.015051135793328285,0.11804461155759442,0.013934530317783356,0.025883660689451003,0.0006699638906866312,0.0011166054755449295,0.9621915318298627,0.9258125439250978,layer4_1_conv2,32,0.75,,2,1,3,4,154,projection
20260823-184507,full_s43_fixed_epochs5_pat2_dirichlet_a01_lambda075_energycal,0.027372168776261453,0.0007492356235161424,0.01019177173921947,0.00010387221118435264,0.019677854707979437,0.00038721796590834856,0.0006453634123317897,0.37234067283913197,0.13863757665029752,fc,32,0.75,,2,1,3,4,154,projection
20260823-184507,full_s43_fixed_epochs5_pat2_dirichlet_a01_lambda075_energycal,0.11760927434050072,0.013831941410899162,0.11325099968679517,0.01282578893005848,0.0245701354972577,0.0006036915583536029,0.001006152480840683,0.9629427638411615,0.927258766434055,layer4_1_conv2,32,0.75,,2,1,3,5,155,projection
20260823-184507,full_s43_fixed_epochs5_pat2_dirichlet_a01_lambda075_energycal,0.026649377900783713,0.0007101893424987793,0.010025002640652635,0.00010050067794509232,0.019126241586926766,0.0003658131172414869,0.000609688664553687,0.3761814882874927,0.14151251213019303,fc,32,0.75,,2,1,3,5,155,projection
20260823-184507,full_s43_fixed_epochs5_pat2_dirichlet_a01_lambda075_energycal,0.12409745283109258,0.015400177799165249,0.11939298371345318,0.014254684560000896,0.026216324826048815,0.0006872956873849034,0.0011454932391643524,0.9620905263539729,0.9256181809000645,layer4_1_conv2,32,0.75,,3,1,1,1,156,projection
20260823-184507,full_s43_fixed_epochs5_pat2_dirichlet_a01_lambda075_energycal,0.027661694279398977,0.000765169330406934,0.01023120723495433,0.00010467760148458183,0.019907158407534865,0.00039629495586268604,0.0006604917289223522,0.36986914581635055,0.1368031850269168,fc,32,0.75,,3,1,1,1,156,projection
20260823-184507,full_s43_fixed_epochs5_pat2_dirichlet_a01_lambda075_energycal,0.1296443327334115,0.01680765300989151,0.12466892714791676,0.015542341396212578,0.02755336056347433,0.0007591876783408225,0.0012653116136789322,0.9616226526791133,0.9247181261456147,layer4_1_conv2,32,0.75,,3,1,1,2,157,projection
20260823-184507,full_s43_fixed_epochs5_pat2_dirichlet_a01_lambda075_energycal,0.028525150190970596,0.0008136841934174299,0.010393717969185137,0.00010802937322296202,0.02057651099689132,0.00042339280480518937,0.0007056548201944679,0.3643703153042533,0.13276572667492095,fc,32,0.75,,3,1,1,2,157,projection
20260823-184507,full_s43_fixed_epochs5_pat2_dirichlet_a01_lambda075_energycal,0.13442652651471831,0.018070491030812263,0.1292343731929653,0.01670152321457863,0.02865974820271456,0.0008213811670430005,0.001368967816233635,0.9613755301399941,0.9242429099519549,layer4_1_conv2,32,0.75,,3,1,1,3,158,projection
20260823-184507,full_s43_fixed_epochs5_pat2_dirichlet_a01_lambda075_energycal,0.02913955130721182,0.0008491134503856301,0.010528314283411883,0.00011084540165029466,0.021046633108713002,0.0004429607652127743,0.0007382680487353355,0.3613066712117219,0.13054251066209532,fc,32,0.75,,3,1,1,3,158,projection
20260823-184507,full_s43_fixed_epochs5_pat2_dirichlet_a01_lambda075_energycal,0.1373172263203242,0.018856020644307137,0.13200114459973844,0.01742430217564106,0.02930921255048474,0.0008590299403294921,0.0014317184686660767,0.9612861265622656,0.9240710171210843,layer4_1_conv2,32,0.75,,3,1,1,4,159,projection
20260823-184507,full_s43_fixed_epochs5_pat2_dirichlet_a01_lambda075_energycal,0.029473795745541827,0.0008687046356499195,0.010603487488759729,0.0001124339469242841,0.021301698543742618,0.0004537623608484864,0.0007562706887256354,0.3597598212426915,0.12942712898057335,fc,32,0.75,,3,1,1,4,159,projection
20260823-184507,full_s43_fixed_epochs5_pat2_dirichlet_a01_lambda075_energycal,0.1388637397434688,0.01928313821554184,0.13347932365582502,0.017816729843616486,0.029662180325533846,0.0008798449416644871,0.001466408371925354,0.9612251830636944,0.9239538525558326,layer4_1_conv2,32,0.75,,3,1,1,5,160,projection
20260823-184507,full_s43_fixed_epochs5_pat2_dirichlet_a01_lambda075_energycal,0.029512799793567284,0.0008710053516551852,0.01064817036642968,0.00011338353215251118,0.0213207180681615,0.0004545730189420283,0.000757621819502674,0.3607983803946176,0.13017547129537915,fc,32,0.75,,3,1,1,5,160,projection
20260823-184507,full_s43_fixed_epochs5_pat2_dirichlet_a01_lambda075_energycal,0.13913932778269417,0.019359752535820007,0.13382082930952863,0.017908014357089996,0.029513440779325932,0.000871043186634779,0.001451738178730011,0.9617757354594102,0.9250125653184894,layer4_1_conv2,32,0.75,,3,1,2,1,161,projection
20260823-184507,full_s43_fixed_epochs5_pat2_dirichlet_a01_lambda075_energycal,0.029504615647130965,0.0008705223444849253,0.010639669038967969,0.0001132025572587736,0.02131646688093371,0.00045439176028594375,0.0007573197872261517,0.36061032504934776,0.13003980653219627,fc,32,0.75,,3,1,2,1,161,projection
20260823-184507,full_s43_fixed_epochs5_pat2_dirichlet_a01_lambda075_energycal,0.13873672983572896,0.019247880205512047,0.13351416364375635,0.017826031893491745,0.029208015748189067,0.0008531081839464605,0.0014218483120203018,0.9623562830250043,0.9261296154777021,layer4_1_conv2,32,0.75,,3,1,2,2,162,projection
20260823-184507,full_s43_fixed_epochs5_pat2_dirichlet_a01_lambda075_energycal,0.0293199547615711,0.0008596597472205758,0.010595243197887976,0.00011225917842239141,0.02117640809457981,0.00044844025978818536,0.0007474005687981844,0.36136628736463416,0.13058559364369934,fc,32,0.75,,3,1,2,2,162,projection
20260823-184507,full_s43_fixed_epochs5_pat2_dirichlet_a01_lambda075_energycal,0.13689248082261812,0.018739551305770874,0.1318305261702296,0.017379287630319595,0.028568477428643803,0.0008161579025909305,0.0013602636754512787,0.9630224054530236,0.9274121534045278,layer4_1_conv2,32,0.75,,3,1,2,3,163,projection
20260823-184507,full_s43_fixed_epochs5_pat2_dirichlet_a01_lambda075_energycal,0.028994094348149743,0.0008406575070694089,0.010532777054070531,0.00011093939247075468,0.02092440559331346,0.00043783074943348765,0.0007297181145986542,0.36327318686340276,0.13196740829389272,fc,32,0.75,,3,1,2,3,163,projection
20260823-184507,full_s43_fixed_epochs5_pat2_dirichlet_a01_lambda075_energycal,0.13394017978155529,0.017939971759915352,0.1290761377227561,0.016660649329423904,0.027705471582613998,0.0007675931556150317,0.0012793224304914474,0.9636849669252946,0.9286887154778061,layer4_1_conv2,32,0.75,,3,1,2,4,164,projection
20260823-184507,full_s43_fixed_epochs5_pat2_dirichlet_a01_lambda075_energycal,0.02852501347222938,0.0008136763935908675,0.010412154518080386,0.00010841296170838177,0.02057080372754633,0.000423157965997234,0.0007052634318824857,0.3650183909016265,0.1332384256964126,fc,32,0.75,,3,1,2,4,164,projection
20260823-184507,full_s43_fixed_epochs5_pat2_dirichlet_a01_lambda075_energycal,0.12983955293888683,0.016858309507369995,0.12513904735481882,0.01565978117287159,0.02681635913233497,0.0007191171171143651,0.0011985283344984055,0.9637975834198963,0.9289057818060321,layer4_1_conv2,32,0.75,,3,1,2,5,165,projection
20260823-184507,full_s43_fixed_epochs5_pat2_dirichlet_a01_lambda075_energycal,0.02788192163270992,0.0007774015539325774,0.010265179522456447,0.00010537391062825918,0.02008025261885986,0.0004032165452372283,0.0006720276433043182,0.36816614212177406,0.13554630820483035,fc,32,0.75,,3,1,2,5,165,projection
20260823-184507,full_s43_fixed_epochs5_pat2_dirichlet_a01_lambda075_energycal,0.1259002602327201,0.01585087552666664,0.1213943841160418,0.014736596494913101,0.025856655154648356,0.0006685666157864034,0.00111427903175354,0.9642107481878954,0.9297023669210613,layer4_1_conv2,32,0.75,,3,1,3,1,166,projection
20260823-184507,full_s43_fixed_epochs5_pat2_dirichlet_a01_lambda075_energycal,0.02729065670680239,0.0007447799434885383,0.010120584160407831,0.00010242622374789789,0.01963191688399275,0.0003854121605399996,0.0006423537197406404,0.37084428818032816,0.13752548607597428,fc,32,0.75,,3,1,3,1,166,projection
20260823-184507,full_s43_fixed_epochs5_pat2_dirichlet_a01_lambda075_energycal,0.12153316572900659,0.014770310372114182,0.11723553944441187,0.01374417170882225,0.024812965720049505,0.0006156832678243518,0.0010261386632919312,0.9646382429124118,0.9305269396891453,layer4_1_conv2,32,0.75,,3,1,3,2,167,projection
20260823-184507,full_s43_fixed_epochs5_pat2_dirichlet_a01_lambda075_energycal,0.026621861298075974,0.0007087234989739954,0.00996771672616158,9.935537673300132e-05,0.019121214088902914,0.00036562082823365927,0.0006093681222409941,0.37441847564888225,0.1401891949072326,fc,32,0.75,,3,1,3,2,167,projection
20260823-184507,full_s43_fixed_epochs5_pat2_dirichlet_a01_lambda075_energycal,0.11753645044291455,0.013814817182719707,0.11347873918740412,0.012877424247562885,0.023715735746157887,0.000562436121981591,0.0009373929351568222,0.965476996793593,0.9321458313375756,layer4_1_conv2,32,0.75,,3,1,3,3,168,projection
20260823-184507,full_s43_fixed_epochs5_pat2_dirichlet_a01_lambda075_energycal,0.02598721404144211,0.000675335293635726,0.00980603381237574,9.615829912945628e-05,0.01864151652886913,0.0003475061384961009,0.0005791769945062697,0.37734071057936197,0.14238601186053784,fc,32,0.75,,3,1,3,3,168,projection
20260823-184507,full_s43_fixed_epochs5_pat2_dirichlet_a01_lambda075_energycal,0.11316102735210526,0.012805418111383915,0.10933178661081508,0.011953439563512802,0.022609437477774195,0.0005111866630613804,0.0008519785478711128,0.9661611348810458,0.9334673385546302,layer4_1_conv2,32,0.75,,3,1,3,4,169,projection
20260823-184507,full_s43_fixed_epochs5_pat2_dirichlet_a01_lambda075_energycal,0.025313238818224115,0.0006407600594684482,0.009651895730540656,9.315909119322896e-05,0.018126238837635422,0.0003285605343990028,0.0005476009682752192,0.38129833166950694,0.14538841773394934,fc,32,0.75,,3,1,3,4,169,projection
20260823-184507,full_s43_fixed_epochs5_pat2_dirichlet_a01_lambda075_energycal,0.10859854159315528,0.011793643236160278,0.10502606665814884,0.011030474677681923,0.02139863059171594,0.00045790139120072126,0.0007631685584783554,0.9671038405986144,0.93528983850059,layer4_1_conv2,32,0.75,,3,1,3,5,170,projection
20260823-184507,full_s43_fixed_epochs5_pat2_dirichlet_a01_lambda075_energycal,0.0246010994904723,0.0006052140961401165,0.009520613190336471,9.06420755200088e-05,0.017571088587916336,0.0003087431541644037,0.0005145720206201077,0.386999499515202,0.14976861262501684,fc,32,0.75,,3,1,3,5,170,projection
20260823-184507,full_s43_fixed_epochs5_pat2_dirichlet_a01_lambda075_energycal,0.11562404374423117,0.013368919491767883,0.11176891234448545,0.012492289766669273,0.02293421630310024,0.0005259782774373889,0.0008766297250986099,0.9666580472806023,0.9344277803723474,layer4_1_conv2,32,0.75,,4,1,1,1,171,projection
20260823-184507,full_s43_fixed_epochs5_pat2_dirichlet_a01_lambda075_energycal,0.025517117650898993,0.000651123293209821,0.009721702656366717,9.451150253880769e-05,0.01827476342829005,0.00033396697835996747,0.0005566117906710133,0.3809874919796912,0.14515146904497528,fc,32,0.75,,4,1,1,1,171,projection
20260823-184507,full_s43_fixed_epochs5_pat2_dirichlet_a01_lambda075_energycal,0.12080199719790766,0.014593122527003288,0.11668707173866016,0.013615872710943222,0.024214657410798354,0.0005863496335223317,0.0009772498160600662,0.965936610696046,0.9330335358829647,layer4_1_conv2,32,0.75,,4,1,1,2,172,projection
20260823-184507,full_s43_fixed_epochs5_pat2_dirichlet_a01_lambda075_energycal,0.026180808434000637,0.000685434730257839,0.00987924550306567,9.759949170984328e-05,0.01878033772116829,0.0003527010849211365,0.0005878352385479957,0.3773468465639754,0.14239064261177636,fc,32,0.75,,4,1,1,2,172,projection
20260823-184507,full_s43_fixed_epochs5_pat2_dirichlet_a01_lambda075_energycal,0.12635363840756395,0.015965241938829422,0.12202997304050446,0.014891314320266247,0.025384175416789213,0.0006443563615903258,0.0010739276185631752,0.9657812357321034,0.9327333952922284,layer4_1_conv2,32,0.75,,4,1,1,3,173,projection
20260823-184507,full_s43_fixed_epochs5_pat2_dirichlet_a01_lambda075_energycal,0.02673877374614846,0.0007149620214477181,0.010035893602481596,0.00010071916040033102,0.019197542727631554,0.0003685456467792392,0.0006142428610473871,0.3753311089640825,0.14087344135620797,fc,32,0.75,,4,1,1,3,173,projection
20260823-184507,full_s43_fixed_epochs5_pat2_dirichlet_a01_lambda075_energycal,0.1293093130807713,0.01672089844942093,0.12486726075777517,0.015591832809150219,0.026027652327294044,0.000677438685670495,0.00112906564027071,0.9656478546118217,0.932475779116414,layer4_1_conv2,32,0.75,,4,1,1,4,174,projection
20260823-184507,full_s43_fixed_epochs5_pat2_dirichlet_a01_lambda075_energycal,0.02699071790963358,0.000728498853277415,0.010160609258850548,0.0001032379805110395,0.019368956230322903,0.0003751564654521644,0.0006252608727663755,0.37644827725104724,0.14171330544528132,fc,32,0.75,,4,1,1,4,174,projection
20260823-184507,full_s43_fixed_epochs5_pat2_dirichlet_a01_lambda075_energycal,0.13033583517881733,0.016987429931759834,0.1258679446588956,0.0158427394926548,0.026207146789755515,0.0006868145428597927,0.0011446904391050339,0.9657201681042522,0.9326154430833052,layer4_1_conv2,32,0.75,,4,1,1,5,175,projection
20260823-184507,full_s43_fixed_epochs5_pat2_dirichlet_a01_lambda075_energycal,0.027058656351824664,0.0007321708835661411,0.010226482307601054,0.0001045809403876774,0.019404996415138667,0.0003765538858715445,0.0006275899431784637,0.37793755072806656,0.1428367922503299,fc,32,0.75,,4,1,1,5,175,projection
20260823-184507,full_s43_fixed_epochs5_pat2_dirichlet_a01_lambda075_energycal,0.13028990256879358,0.016975458711385727,0.1258724580922921,0.01584387570619583,0.02605668109454315,0.0006789506296627223,0.0011315830051898956,0.9660952660996194,0.933340063180094,layer4_1_conv2,32,0.75,,4,1,2,1,176,projection
20260823-184507,full_s43_fixed_epochs5_pat2_dirichlet_a01_lambda075_energycal,0.026916775301994496,0.0007245127926580608,0.01025149907512723,0.00010509323328733444,0.01927826926290954,0.0003716516657732427,0.0006194195593707263,0.3808591096113808,0.1450536613739738,fc,32,0.75,,4,1,2,1,176,projection
20260823-184507,full_s43_fixed_epochs5_pat2_dirichlet_a01_lambda075_energycal,0.12921993784375815,0.01669779233634472,0.12488241178312853,0.015595616772770882,0.025715860886343138,0.0006613055011257529,0.0011021755635738373,0.9664329968501131,0.9339927374006909,layer4_1_conv2,32,0.75,,4,1,2,2,177,projection
20260823-184507,full_s43_fixed_epochs5_pat2_dirichlet_a01_lambda075_energycal,0.026741884356615724,0.0007151283789426088,0.010224411329675916,0.00010453858703840524,0.01914037116159747,0.0003663538082037121,0.0006105897919042036,0.38233698094451896,0.14618156699776946,fc,32,0.75,,4,1,2,2,177,projection
20260823-184507,full_s43_fixed_epochs5_pat2_dirichlet_a01_lambda075_energycal,0.12704644074821456,0.01614079810678959,0.12279182446290811,0.015077832154929638,0.025254298533101942,0.000637779594399035,0.001062965951859951,0.966511330343064,0.9341441516815195,layer4_1_conv2,32,0.75,,4,1,2,3,178,projection
20260823-184507,full_s43_fixed_epochs5_pat2_dirichlet_a01_lambda075_energycal,0.02640466212508108,0.0006972061819396913,0.01013535128357052,0.00010272534564137459,0.018886196708417256,0.00035668842610903084,0.0005944808362983167,0.3838470356317577,0.14733854676328786,fc,32,0.75,,4,1,2,3,178,projection
20260823-184507,full_s43_fixed_epochs5_pat2_dirichlet_a01_lambda075_energycal,0.12411640467516626,0.015404881909489632,0.12005880146371682,0.014414115808904171,0.02438154916628656,0.0005944599397480488,0.0009907661005854607,0.9673080829075829,0.9356849272583431,layer4_1_conv2,32,0.75,,4,1,2,4,179,projection
20260823-184507,full_s43_fixed_epochs5_pat2_dirichlet_a01_lambda075_energycal,0.02587757916916517,0.0006696491036564112,0.010048325341161051,0.00010096884216181934,0.018471819041152773,0.0003412080986890942,0.0005686802614945918,0.3883023707694532,0.15077873114517784,fc,32,0.75,,4,1,2,4,179,projection
20260823-184507,full_s43_fixed_epochs5_pat2_dirichlet_a01_lambda075_energycal,0.11952369890484262,0.014285914599895477,0.11567713248483552,0.013381198979914188,0.023298698183893813,0.0005428293370641768,0.0009047156199812889,0.9678175420000221,0.9366707946029645,layer4_1_conv2,32,0.75,,4,1,2,5,180,projection
20260823-184507,full_s43_fixed_epochs5_pat2_dirichlet_a01_lambda075_energycal,0.02519271937968873,0.0006346731097437441,0.00985728771632579,9.716612112242728e-05,0.017958400365741888,0.00032250414369627833,0.0005375069886213169,0.39127525567061594,0.15309632570010587,fc,32,0.75,,4,1,2,5,180,projection
20260823-184507,full_s43_fixed_epochs5_pat2_dirichlet_a01_lambda075_energycal,0.11546442538668636,0.013332033529877663,0.11179187872123417,0.012497424148023129,0.022377793213646437,0.0005007656291127205,0.0008346093818545341,0.9681932625295371,0.9373981936075889,layer4_1_conv2,32,0.75,,4,1,3,1,181,projection
20260823-184507,full_s43_fixed_epochs5_pat2_dirichlet_a01_lambda075_energycal,0.02458980724674391,0.0006046586204320192,0.009721258456450978,9.450286597711965e-05,0.017495525857324234,0.0003060934250243008,0.0005101557544548996,0.39533691170914853,0.15629127375972712,fc,32,0.75,,4,1,3,1,181,projection
20260823-184507,full_s43_fixed_epochs5_pat2_dirichlet_a01_lambda075_energycal,0.11168451735068691,0.012473431415855885,0.10820298573591725,0.01170788612216711,0.02143191033018686,0.00045932678040117025,0.0007655452936887741,0.9688270881465357,0.9386259267264954,layer4_1_conv2,32,0.75,,4,1,3,2,182,projection
20260823-184507,full_s43_fixed_epochs5_pat2_dirichlet_a01_lambda075_energycal,0.02397386429322306,0.0005747461691498756,0.009545749988767518,9.112134284805506e-05,0.017034519427484494,0.00029017485212534666,0.0004836248263018206,0.3981731886029702,0.15854188812225645,fc,32,0.75,,4,1,3,2,182,projection
20260823-184507,full_s43_fixed_epochs5_pat2_dirichlet_a01_lambda075_energycal,0.10685455327451523,0.011417895555496216,0.10355041027409163,0.010722687467932701,0.020423645485474227,0.00041712529491633177,0.0006952080875635147,0.96907812630188,0.9391124148767622,layer4_1_conv2,32,0.75,,4,1,3,3,183,projection
20260823-184507,full_s43_fixed_epochs5_pat2_dirichlet_a01_lambda075_energycal,0.023263849253743286,0.0005412066821008921,0.00939174128382166,8.82048043422401e-05,0.016486391636525346,0.0002718011091928929,0.00045300187775865197,0.40370538776210796,0.16297804010815392,fc,32,0.75,,4,1,3,3,183,projection
20260823-184507,full_s43_fixed_epochs5_pat2_dirichlet_a01_lambda075_energycal,0.10213873691339753,0.010432321578264236,0.09901713101019916,0.009804392233490944,0.019410263786989165,0.00037675834028050303,0.0006279293447732925,0.9694375905015826,0.9398092418775141,layer4_1_conv2,32,0.75,,4,1,3,4,184,projection
20260823-184507,full_s43_fixed_epochs5_pat2_dirichlet_a01_lambda075_energycal,0.022524494970653078,0.0005073528736829758,0.009221917223701397,8.504375728080049e-05,0.01591808583795745,0.00025338545674458146,0.0004223091164021753,0.40941726932020156,0.1676225004176105,fc,32,0.75,,4,1,3,4,184,projection
20260823-184507,full_s43_fixed_epochs5_pat2_dirichlet_a01_lambda075_energycal,0.09803112557050343,0.009610101580619812,0.09506684563151178,0.009037705138325691,0.01853208200074993,0.0003434380632825196,0.0005723964422941208,0.9697618493948664,0.9404380445417515,layer4_1_conv2,32,0.75,,4,1,3,5,185,projection
20260823-184507,full_s43_fixed_epochs5_pat2_dirichlet_a01_lambda075_energycal,0.021819901632458928,0.0004761081072501838,0.009105709540938275,8.291394624393433e-05,0.015359572409072337,0.0002359164645895362,0.0003931941610062495,0.41731212607268453,0.17414941056730412,fc,32,0.75,,4,1,3,5,185,projection
20260823-184507,full_s43_fixed_epochs5_pat2_dirichlet_a01_lambda075_energycal,0.10424326722670083,0.010866658762097359,0.10097574882991134,0.010196101851761341,0.020058260068003035,0.0004023337969556451,0.0006705569103360176,0.9686548735115571,0.9382922639776907,layer4_1_conv2,32,0.75,,5,1,1,1,186,projection
20260823-184507,full_s43_fixed_epochs5_pat2_dirichlet_a01_lambda075_energycal,0.022769434280143212,0.0005184471374377608,0.0092738609301655,8.600449655205011e-05,0.016107934006734003,0.0002594655379652977,0.0004324426408857107,0.4072943058692089,0.1658886515934807,fc,32,0.75,,5,1,1,1,186,projection
20260823-184507,full_s43_fixed_epochs5_pat2_dirichlet_a01_lambda075_energycal,0.11054450022434838,0.01222008652985096,0.10702893609657352,0.011455193161964417,0.02142279507414427,0.00045893614878878,0.0007648933678865433,0.968197747326732,0.9374068779285581,layer4_1_conv2,32,0.75,,5,1,1,2,187,projection
20260823-184507,full_s43_fixed_epochs5_pat2_dirichlet_a01_lambda075_energycal,0.02350801053919338,0.0005526265595108271,0.009422482554451833,8.878317748894915e-05,0.016682504632672072,0.0002783059608191252,0.0004638433820218779,0.400820075299113,0.16065673276278664,fc,32,0.75,,5,1,1,2,187,projection
20260823-184507,full_s43_fixed_epochs5_pat2_dirichlet_a01_lambda075_energycal,0.1151486498189333,0.01325921155512333,0.11141031142826173,0.012412257492542267,0.022542685518351202,0.000508172670379281,0.0008469540625810623,0.9675346745571923,0.936123346470492,layer4_1_conv2,32,0.75,,5,1,1,3,188,projection
20260823-184507,full_s43_fixed_epochs5_pat2_dirichlet_a01_lambda075_energycal,0.02397222900421705,0.0005746677634306252,0.009538721642308134,9.098721056943759e-05,0.017035500090185524,0.000290208263322711,0.0004836805528611876,0.3979071633526502,0.1583301106473527,fc,32,0.75,,5,1,1,3,188,projection
20260823-184507,full_s43_fixed_epochs5_pat2_dirichlet_a01_lambda075_energycal,0.11837749279583794,0.014013230800628662,0.11451940261199135,0.013114693574607372,0.023219017843839326,0.000539122789632529,0.0008985372260212898,0.9674085833993754,0.9358793672347865,layer4_1_conv2,32,0.75,,5,1,1,4,189,projection
20260823-184507,full_s43_fixed_epochs5_pat2_dirichlet_a01_lambda075_energycal,0.02424800906983039,0.0005879659438505769,0.00961885011604624,9.252227755496278e-05,0.017241408731281577,0.00029726617503911257,0.0004954436662956141,0.3966861810528646,0.15735992623830608,fc,32,0.75,,5,1,1,4,189,projection
20260823-184507,full_s43_fixed_epochs5_pat2_dirichlet_a01_lambda075_energycal,0.11955645177113129,0.014293745160102844,0.11563479633329281,0.013371406123042107,0.023524536263378384,0.0005534038064070046,0.0009223390370607376,0.9671982952007829,0.9354725422393007,layer4_1_conv2,32,0.75,,5,1,1,5,190,projection
20260823-184507,full_s43_fixed_epochs5_pat2_dirichlet_a01_lambda075_energycal,0.024397974674151186,0.0005952611682005227,0.00964054908874223,9.294018673244864e-05,0.01736066001398761,0.00030139251612126827,0.000502320981468074,0.3951372692814564,0.15613346157520616,fc,32,0.75,,5,1,1,5,190,projection
20260823-184507,full_s43_fixed_epochs5_pat2_dirichlet_a01_lambda075_energycal,0.11951176883542476,0.014283062890172005,0.11560691405300136,0.013364958576858044,0.023470455583744852,0.0005508622853085399,0.000918104313313961,0.9673266087476236,0.9357207679911781,layer4_1_conv2,32,0.75,,5,1,2,1,191,projection
20260823-184507,full_s43_fixed_epochs5_pat2_dirichlet_a01_lambda075_energycal,0.024285627135052303,0.0005897916853427887,0.009639125950846662,9.291274909628555e-05,0.0172663632295474,0.0002981272991746664,0.0004968789362465031,0.3969066105331977,0.15753485748495147,fc,32,0.75,,5,1,2,1,191,projection
20260823-184507,full_s43_fixed_epochs5_pat2_dirichlet_a01_lambda075_energycal,0.11845003942373834,0.014030411839485168,0.11457458827575065,0.013127336278557777,0.02327757903654072,0.0005418456858024001,0.000903075560927391,0.9672819767148931,0.935634422477471,layer4_1_conv2,32,0.75,,5,1,2,2,192,projection
20260823-184507,full_s43_fixed_epochs5_pat2_dirichlet_a01_lambda075_energycal,0.024051982989483262,0.0005784978857263923,0.009620160536503324,9.254748874809593e-05,0.01707542526454622,0.0002915701479651034,0.00048595039697829634,0.39997369616924067,0.15997895762728406,fc,32,0.75,,5,1,2,2,192,projection
20260823-184507,full_s43_fixed_epochs5_pat2_dirichlet_a01_lambda075_energycal,0.11614618180169944,0.013489935547113419,0.11239803415317434,0.012633318081498146,0.022670909849546454,0.0005139701534062624,0.0008566174656152725,0.9677290498027352,0.9364995138321048,layer4_1_conv2,32,0.75,,5,1,2,3,193,projection
20260823-184507,full_s43_fixed_epochs5_pat2_dirichlet_a01_lambda075_energycal,0.0236931826789537,0.0005613669054582715,0.00950656923925084,9.03748587006703e-05,0.01681056712120435,0.00028259516693651676,0.0004709920467576012,0.40123648089268243,0.16099071359914394,fc,32,0.75,,5,1,2,3,193,projection
20260823-184507,full_s43_fixed_epochs5_pat2_dirichlet_a01_lambda075_energycal,0.113479654266732,0.012877631932497025,0.10984776705237803,0.012066531926393509,0.022060358336708132,0.00048665940994396806,0.0008111000061035156,0.967995256613866,0.9370148168269443,layer4_1_conv2,32,0.75,,5,1,2,4,194,projection
20260823-184507,full_s43_fixed_epochs5_pat2_dirichlet_a01_lambda075_energycal,0.02327443808469252,0.0005416994681581855,0.00935351323454104,8.74882098287344e-05,0.016508382621868496,0.00027252669679000974,0.0004542112583294511,0.4018792290711757,0.16150691475884255,fc,32,0.75,,5,1,2,4,194,projection
20260823-184507,full_s43_fixed_epochs5_pat2_dirichlet_a01_lambda075_energycal,0.10956388580459907,0.012004245072603226,0.10612158149738861,0.011261790059506893,0.021106227356749874,0.0004454728332348168,0.0007424550130963326,0.9685817613903398,0.9381506284980131,layer4_1_conv2,32,0.75,,5,1,2,5,195,projection
20260823-184507,full_s43_fixed_epochs5_pat2_dirichlet_a01_lambda075_energycal,0.022760724255698837,0.0005180505686439574,0.009240800795483005,8.539239934179932e-05,0.016111947315083208,0.00025959484628401697,0.00043265816930215806,0.40599766034111545,0.16483410020245975,fc,32,0.75,,5,1,2,5,195,projection
20260823-184507,full_s43_fixed_epochs5_pat2_dirichlet_a01_lambda075_energycal,0.10649156003236426,0.01134045235812664,0.1032035685478457,0.010650976561009884,0.02033925323497266,0.00041368522215634584,0.0006894757971167564,0.9691243936747729,0.9392020904154962,layer4_1_conv2,32,0.75,,5,1,3,1,196,projection
20260823-184507,full_s43_fixed_epochs5_pat2_dirichlet_a01_lambda075_energycal,0.022282755320798445,0.0004965211846865714,0.009136732320864125,8.347987750312313e-05,0.015742450043699223,0.00024782473337836564,0.0004130413071834482,0.4100360206502835,0.1681295382307197,fc,32,0.75,,5,1,3,1,196,projection
20260823-184507,full_s43_fixed_epochs5_pat2_dirichlet_a01_lambda075_energycal,0.10278930102311447,0.010565640404820442,0.0996902782402825,0.009938151575624943,0.01940342604929779,0.0003764929424505681,0.0006274888291954994,0.9698507261749442,0.9406104310620664,layer4_1_conv2,32,0.75,,5,1,3,2,197,projection
20260823-184507,full_s43_fixed_epochs5_pat2_dirichlet_a01_lambda075_energycal,0.021708103836467044,0.0004712417721748352,0.008991434858311269,8.084590081125498e-05,0.015304818346210034,0.00023423746461048722,0.0003903958713635802,0.41419715540547225,0.1715592835459849,fc,32,0.75,,5,1,3,2,197,projection
20260823-184507,full_s43_fixed_epochs5_pat2_dirichlet_a01_lambda075_energycal,0.09913307267890752,0.009827366098761559,0.09618944078945071,0.009252408519387245,0.018573495781102574,0.0003449747455306351,0.0005749575793743134,0.9703062579428842,0.941494234203123,layer4_1_conv2,32,0.75,,5,1,3,3,198,projection
20260823-184507,full_s43_fixed_epochs5_pat2_dirichlet_a01_lambda075_energycal,0.021143263718719565,0.0004470376006793231,0.00884060515029522,7.815629942342639e-05,0.014877121752869657,0.00022132875164970756,0.0003688813012558967,0.4181286894921541,0.17483160097642625,fc,32,0.75,,5,1,3,3,198,projection
20260823-184507,full_s43_fixed_epochs5_pat2_dirichlet_a01_lambda075_energycal,0.09506756567170614,0.00903784204274416,0.09227997901563133,0.008515594527125359,0.017701647961957216,0.000313348340569064,0.0005222475156188011,0.9706778370059342,0.9422154632545192,layer4_1_conv2,32,0.75,,5,1,3,4,199,projection
20260823-184507,full_s43_fixed_epochs5_pat2_dirichlet_a01_lambda075_energycal,0.020550915290019792,0.0004223401192575693,0.008716465972178181,7.597677904414013e-05,0.014415892887652482,0.00020781796774826944,0.0003463633402134292,0.42414003703334746,0.17989477101464935,fc,32,0.75,,5,1,3,4,199,projection
20260823-184507,full_s43_fixed_epochs5_pat2_dirichlet_a01_lambda075_energycal,0.09098980070658447,0.008279143832623959,0.08834592720252782,0.007805002853274345,0.016866674361743328,0.00028448470402508974,0.0004741409793496132,0.9709431883186296,0.942730674942346,layer4_1_conv2,32,0.75,,5,1,3,5,200,projection
20260823-184507,full_s43_fixed_epochs5_pat2_dirichlet_a01_lambda075_energycal,0.01990518390813364,0.0003962163464166224,0.00859274170796315,7.383521005976945e-05,0.01390786308606266,0.00019342865562066436,0.00032238113635685295,0.43168361305378294,0.1863507417791682,fc,32,0.75,,5,1,3,5,200,projection
20260823-184507,full_s43_fixed_epochs5_pat2_dirichlet_a01_lambda075_energycal,0.09748290890280442,0.009502917528152466,0.09454853494895753,0.008939425460994244,0.01838736474014894,0.0003380951820872724,0.0005634920671582222,0.9698985803062913,0.9407032560801594,layer4_1_conv2,32,0.75,,6,1,1,1,201,projection
20260823-184507,full_s43_fixed_epochs5_pat2_dirichlet_a01_lambda075_energycal,0.020950793172680563,0.00043893573456443846,0.008743699714771767,7.645228470209986e-05,0.014747542663783865,0.0002174900146201253,0.0003624834498623386,0.4173445674683756,0.1741764879953655,fc,32,0.75,,6,1,1,1,201,projection
20260823-184507,full_s43_fixed_epochs5_pat2_dirichlet_a01_lambda075_energycal,0.10429110743259293,0.01087663508951664,0.10104300528390081,0.010209688916802406,0.02000418153068541,0.00040016727871261537,0.0006669461727142334,0.9688554256575377,0.9386808358260484,layer4_1_conv2,32,0.75,,6,1,1,2,202,projection
20260823-184507,full_s43_fixed_epochs5_pat2_dirichlet_a01_lambda075_energycal,0.021806625413398204,0.00047552891192026436,0.00890819496233553,7.935593748698011e-05,0.0154176434910749,0.0002377037308178842,0.00039617297443328425,0.4085086432888533,0.16687931164169958,fc,32,0.75,,6,1,1,2,202,projection
20260823-184507,full_s43_fixed_epochs5_pat2_dirichlet_a01_lambda075_energycal,0.10890424270914506,0.011860134080052376,0.10546550480830288,0.011122972704470158,0.021030842918610692,0.0004422963538672775,0.0007371613755822182,0.9684242062999681,0.9378454433477229,layer4_1_conv2,32,0.75,,6,1,1,3,203,projection
20260823-184507,full_s43_fixed_epochs5_pat2_dirichlet_a01_lambda075_energycal,0.022387479044744293,0.0005011992179788649,0.009046963733328943,8.184755279216915e-05,0.015862247914155896,0.00025161090889014304,0.00041935166518669575,0.4041081943727298,0.16330343275918796,fc,32,0.75,,6,1,1,3,203,projection
20260823-184507,full_s43_fixed_epochs5_pat2_dirichlet_a01_lambda075_energycal,0.11265439856035615,0.012691013514995575,0.10903882833440522,0.01188946608453989,0.021930069183759147,0.0004809279344044626,0.0008015474304556847,0.9679056452996476,0.9368413382029273,layer4_1_conv2,32,0.75,,6,1,1,4,204,projection
20260823-184507,full_s43_fixed_epochs5_pat2_dirichlet_a01_lambda075_energycal,0.022748513360332286,0.0005174948601052165,0.009094597502148761,8.271170372609049e-05,0.01615146516228994,0.00026086982688866556,0.000434783156379126,0.39978865247552675,0.15983096664819751,fc,32,0.75,,6,1,1,4,204,projection
20260823-184507,full_s43_fixed_epochs5_pat2_dirichlet_a01_lambda075_energycal,0.11418299385370753,0.013037756085395813,0.11053789914493824,0.012218627147376537,0.022169306059340005,0.0004914781311526895,0.0008191289380192757,0.9680767285412096,0.9371725523430509,layer4_1_conv2,32,0.75,,6,1,1,5,205,projection
20260823-184507,full_s43_fixed_epochs5_pat2_dirichlet_a01_lambda075_energycal,0.02295439869676797,0.0005269044195301831,0.009109295390722427,8.297926251543686e-05,0.016320387707363958,0.0002663550549186766,0.0004439251570147462,0.3968431284590798,0.15748446860518978,fc,32,0.75,,6,1,1,5,205,projection
20260823-184507,full_s43_fixed_epochs5_pat2_dirichlet_a01_lambda075_energycal,0.11474050142986116,0.013165382668375969,0.1110613789456214,0.012334629893302917,0.022326033193921582,0.0004984517581760883,0.0008307527750730515,0.9679352762242482,0.9368986989593118,layer4_1_conv2,32,0.75,,6,1,2,1,206,projection
20260823-184507,full_s43_fixed_epochs5_pat2_dirichlet_a01_lambda075_energycal,0.022988492505716083,0.0005284707876853645,0.009093260152430825,8.268738019978628e-05,0.016354508994641605,0.00026746996445581317,0.0004457834074855782,0.3955570444721327,0.15646537543152875,fc,32,0.75,,6,1,2,1,206,projection
20260823-184507,full_s43_fixed_epochs5_pat2_dirichlet_a01_lambda075_energycal,0.11383081185567538,0.012957453727722168,0.11026068971510306,0.012157419696450233,0.021909376257874758,0.0004800207680091262,0.0008000340312719345,0.9686365924799092,0.9382568482910898,layer4_1_conv2,32,0.75,,6,1,2,2,207,projection
20260823-184507,full_s43_fixed_epochs5_pat2_dirichlet_a01_lambda075_energycal,0.022852553291115865,0.0005222391919232905,0.009063143904471846,8.214057743316516e-05,0.016249895751715017,0.0002640591119416058,0.00044009861449012533,0.39659217895775456,0.1572853564104596,fc,32,0.75,,6,1,2,2,207,projection
20260823-184507,full_s43_fixed_epochs5_pat2_dirichlet_a01_lambda075_energycal,0.11145079697178097,0.012421280145645142,0.10798970048192245,0.011661775410175323,0.02134721768182618,0.0004557037027552724,0.0007595047354698181,0.9689450718711787,0.9388545523034437,layer4_1_conv2,32,0.75,,6,1,2,3,208,projection
20260823-184507,full_s43_fixed_epochs5_pat2_dirichlet_a01_lambda075_energycal,0.02256067692645936,0.0005089841433800757,0.00899551720444674,8.091932977549732e-05,0.0160261919979478,0.0002568388299550861,0.0004280648136045784,0.39872550073604923,0.15898202493721325,fc,32,0.75,,6,1,2,3,208,projection
20260823-184507,full_s43_fixed_epochs5_pat2_dirichlet_a01_lambda075_energycal,0.1084136866248044,0.011753527447581291,0.10509871986530102,0.01104574091732502,0.020607582148876927,0.00042467244202271104,0.0007077865302562714,0.9694229865000741,0.939780926754723,layer4_1_conv2,32,0.75,,6,1,2,4,209,projection
20260823-184507,full_s43_fixed_epochs5_pat2_dirichlet_a01_lambda075_energycal,0.02218611663380933,0.000492223771288991,0.008872339646613386,7.871841080486774e-05,0.015751292897156287,0.0002481032279320061,0.00041350536048412323,0.3999050303870153,0.15992403332883967,fc,32,0.75,,6,1,2,4,209,projection
20260823-184507,full_s43_fixed_epochs5_pat2_dirichlet_a01_lambda075_energycal,0.10516028861272764,0.011058686301112175,0.10200576154247046,0.010405175387859344,0.019801694836219835,0.00039210711838677526,0.0006535109132528305,0.9700026777039923,0.940905194752915,layer4_1_conv2,32,0.75,,6,1,2,5,210,projection
20260823-184507,full_s43_fixed_epochs5_pat2_dirichlet_a01_lambda075_energycal,0.021735407240006565,0.00047242792788892984,0.008758042317766522,7.670330523978919e-05,0.015408917504642818,0.00023743473866488785,0.00039572462264914066,0.402938956747326,0.16235980286462345,fc,32,0.75,,6,1,2,5,210,projection
20260823-184507,full_s43_fixed_epochs5_pat2_dirichlet_a01_lambda075_energycal,0.10206594765137575,0.010417457669973373,0.09904450243298606,0.00980981346219778,0.01909414469631738,0.0003645863616839051,0.0006076442077755928,0.9703971276619116,0.9416705853744884,layer4_1_conv2,32,0.75,,6,1,3,1,211,projection
20260823-184507,full_s43_fixed_epochs5_pat2_dirichlet_a01_lambda075_energycal,0.02131095641378696,0.00045415686327032745,0.008644994502986088,7.473592995665967e-05,0.015088158245552636,0.00022765251924283803,0.0003794209333136678,0.4056596210479449,0.16455972814876227,fc,32,0.75,,6,1,3,1,211,projection
20260823-184507,full_s43_fixed_epochs5_pat2_dirichlet_a01_lambda075_energycal,0.09844826911874212,0.009692061692476273,0.09558282804244718,0.009136077016592026,0.018264461377682072,0.0003335905494168401,0.0005559846758842468,0.9708939415396036,0.9426350457183073,layer4_1_conv2,32,0.75,,6,1,3,2,212,projection
20260823-184507,full_s43_fixed_epochs5_pat2_dirichlet_a01_lambda075_energycal,0.02080227976312924,0.0004327348433434963,0.008541284365943634,7.295353861991316e-05,0.01469247229327955,0.00021586874208878726,0.00035978130472358316,0.41059366873252684,0.16858716080323602,fc,32,0.75,,6,1,3,2,212,projection
20260823-184507,full_s43_fixed_epochs5_pat2_dirichlet_a01_lambda075_energycal,0.09478546061566179,0.008984283544123173,0.0920702940819859,0.008476939052343369,0.017447258493686127,0.00030440682894550264,0.0005073444917798042,0.9713546094934813,0.9435297773842334,layer4_1_conv2,32,0.75,,6,1,3,3,213,projection
20260823-184507,full_s43_fixed_epochs5_pat2_dirichlet_a01_lambda075_energycal,0.020262678679289773,0.00041057614726014435,0.008431003088338879,7.10818130755797e-05,0.014272230880885138,0.00020369657431729138,0.00033949433418456465,0.4160853173354666,0.17312699130215592,fc,32,0.75,,6,1,3,3,213,projection
20260823-184507,full_s43_fixed_epochs5_pat2_dirichlet_a01_lambda075_energycal,0.09118960271944511,0.00831554364413023,0.08860942115809396,0.00785162951797247,0.016683785971597278,0.0002783487143460661,0.0004639141261577606,0.9717053097677225,0.9442112090307856,layer4_1_conv2,32,0.75,,6,1,3,4,214,projection
20260823-184507,full_s43_fixed_epochs5_pat2_dirichlet_a01_lambda075_energycal,0.019787984534781634,0.00039156433194875717,0.008310892541831772,6.907093484187499e-05,0.013910284033201523,0.00019349600188434124,0.0003224933971068822,0.41999691920233684,0.17639741213945423,fc,32,0.75,,6,1,3,4,214,projection
20260823-184507,full_s43_fixed_epochs5_pat2_dirichlet_a01_lambda075_energycal,0.08732146778180337,0.007625038735568523,0.08488423074624998,0.00720533262938261,0.015868961810058223,0.00025182394892908633,0.0004197061061859131,0.9720889135573912,0.9449568558611893,layer4_1_conv2,32,0.75,,6,1,3,5,215,projection
20260823-184507,full_s43_fixed_epochs5_pat2_dirichlet_a01_lambda075_energycal,0.019249366093778444,0.00037053809501230717,0.008114151171550385,6.583944923477247e-05,0.013521063022779188,0.00018281914526596665,0.0003046986457775347,0.42152822758007324,0.177686046646798,fc,32,0.75,,6,1,3,5,215,projection
20260823-184507,full_s43_fixed_epochs5_pat2_dirichlet_a01_lambda075_energycal,0.05741623612373306,0.003296624170616269,0.05531056154890009,0.0030592582188546658,0.01193397235640476,0.00014241969620343298,0.00023736595176160336,0.9633261474978053,0.9279972664529635,layer4_1_conv2,32,0.75,,1,2,1,1,76,projection
20260823-184507,full_s43_fixed_epochs5_pat2_dirichlet_a01_lambda075_energycal,0.008353422730902428,6.977967132115737e-05,0.0046627129878699936,2.1740892407251522e-05,0.005368730210595665,2.882326407416258e-05,4.8038778913905844e-05,0.5581799386999629,0.31156484396709433,fc,32,0.75,,1,2,1,1,76,projection
20260823-184507,full_s43_fixed_epochs5_pat2_dirichlet_a01_lambda075_energycal,0.07391530356994684,0.005463472101837397,0.07072983837768486,0.005002710036933422,0.01662700120566519,0.0002764571690931916,0.00046076206490397453,0.9569038475334469,0.9156649734243143,layer4_1_conv2,32,0.75,,1,2,1,2,77,projection
20260823-184507,full_s43_fixed_epochs5_pat2_dirichlet_a01_lambda075_energycal,0.011348970554790953,0.00012879913265351206,0.0051293114009627275,2.6309835448046215e-05,0.007841783177796132,6.14935634075664e-05,0.00010248929720546585,0.45196270236135166,0.20427028432577574,fc,32,0.75,,1,2,1,2,77,projection
20260823-184507,full_s43_fixed_epochs5_pat2_dirichlet_a01_lambda075_energycal,0.08955648356246229,0.008020363748073578,0.08521827278608599,0.007262154016643763,0.021328989344809434,0.00045492578647099435,0.0007582097314298153,0.9515589424259767,0.9054644209108432,layer4_1_conv2,32,0.75,,1,2,1,3,78,projection
20260823-184507,full_s43_fixed_epochs5_pat2_dirichlet_a01_lambda075_energycal,0.014143066123094496,0.00020002631936222315,0.005678091026120963,3.224071770091541e-05,0.010033510991018579,0.00010067134280689061,0.00016778560166130774,0.4014752513140764,0.16118237741770083,fc,32,0.75,,1,2,1,3,78,projection
20260823-184507,full_s43_fixed_epochs5_pat2_dirichlet_a01_lambda075_energycal,0.10313220360189458,0.010636251419782639,0.09796093141425102,0.009596344083547592,0.02497887771481807,0.0006239443318918347,0.0010399073362350464,0.949857832887917,0.9022299026985301,layer4_1_conv2,32,0.75,,1,2,2,1,79,projection
20260823-184507,full_s43_fixed_epochs5_pat2_dirichlet_a01_lambda075_energycal,0.016438410025664617,0.00027022132417187095,0.006200269397354419,3.8443340599769726e-05,0.01179265705054779,0.00013906676031183451,0.00023177798357210122,0.377181819146389,0.1422661246945793,fc,32,0.75,,1,2,2,1,79,projection
20260823-184507,full_s43_fixed_epochs5_pat2_dirichlet_a01_lambda075_energycal,0.11447379898727136,0.013104250654578209,0.10851857684619853,0.011776281520724297,0.028227320453963277,0.0007967816200107336,0.0013279691338539124,0.9479774219624265,0.8986611925505285,layer4_1_conv2,32,0.75,,1,2,2,2,80,projection
20260823-184507,full_s43_fixed_epochs5_pat2_dirichlet_a01_lambda075_energycal,0.018434256045008937,0.0003398217959329486,0.006657144041530623,4.431756678968668e-05,0.01331549847549755,0.00017730249965097755,0.0002955042291432619,0.3611289777725009,0.13041413858701145,fc,32,0.75,,1,2,2,2,80,projection
20260823-184507,full_s43_fixed_epochs5_pat2_dirichlet_a01_lambda075_energycal,0.12296880031327766,0.015121325850486755,0.11657531097721587,0.013589803129434586,0.030313588250672367,0.0009189136326313019,0.0015315227210521698,0.948007223622792,0.8987176960409943,layer4_1_conv2,32,0.75,,1,2,2,3,81,projection
20260823-184507,full_s43_fixed_epochs5_pat2_dirichlet_a01_lambda075_energycal,0.02007354233748642,0.00040294710197485983,0.0070379482032079535,4.9532714911038056e-05,0.01456188819676046,0.00021204858785495162,0.0003534143870638218,0.35060818289480017,0.12292609791279362,fc,32,0.75,,1,2,2,3,81,projection
20260823-184507,full_s43_fixed_epochs5_pat2_dirichlet_a01_lambda075_energycal,0.12958227967736466,0.01679156720638275,0.12294202454768761,0.015114741399884224,0.03171899833311857,0.0010060948552563787,0.0016768258064985275,0.948756456930608,0.9001388145675207,layer4_1_conv2,32,0.75,,1,2,3,1,82,projection
20260823-184507,full_s43_fixed_epochs5_pat2_dirichlet_a01_lambda075_energycal,0.021409134624764212,0.0004583510453812778,0.007385369666429719,5.454368510982022e-05,0.015565485973449047,0.00024228435358963907,0.0004038073602714576,0.3449634838526808,0.11899980519177879,fc,32,0.75,,1,2,3,1,82,projection
20260823-184507,full_s43_fixed_epochs5_pat2_dirichlet_a01_lambda075_energycal,0.1337711712088796,0.017894726246595383,0.12693057226719215,0.01611137017607689,0.03271106619874497,0.0010700138518586755,0.0017833560705184937,0.9488634293931234,0.9003418076396786,layer4_1_conv2,32,0.75,,1,2,3,2,83,projection
20260823-184507,full_s43_fixed_epochs5_pat2_dirichlet_a01_lambda075_energycal,0.02235299195417407,0.0004996562493033707,0.007651378905300134,5.854359915247187e-05,0.01626860557999068,0.0002646675275173038,0.00044111265015089884,0.3422977523987056,0.11716775129720554,fc,32,0.75,,1,2,3,2,83,projection
20260823-184507,full_s43_fixed_epochs5_pat2_dirichlet_a01_lambda075_energycal,0.1360045922442811,0.018497249111533165,0.1292253936295908,0.016699202358722687,0.03284552613670189,0.0010788285871967673,0.0017980467528104782,0.9501546344662095,0.9027938293976165,layer4_1_conv2,32,0.75,,1,2,3,3,84,projection
20260823-184507,full_s43_fixed_epochs5_pat2_dirichlet_a01_lambda075_energycal,0.02305819881801516,0.0005316805327311158,0.00788670877535271,6.220017530722544e-05,0.01678356773931969,0.00028168814606033266,0.0004694803574238904,0.3420349021013253,0.11698787425546314,fc,32,0.75,,1,2,3,3,84,projection
20260823-184507,full_s43_fixed_epochs5_pat2_dirichlet_a01_lambda075_energycal,0.13736270069665157,0.01886851154267788,0.13064620461905674,0.01706843078136444,0.03286409316822105,0.0010800486197695136,0.0018000807613134384,0.9511039310996995,0.904598687753302,layer4_1_conv2,32,0.75,,1,2,4,1,85,projection
20260823-184507,full_s43_fixed_epochs5_pat2_dirichlet_a01_lambda075_energycal,0.023579453196918287,0.00055599061306566,0.008036830689122405,6.459064752561972e-05,0.017170903709854263,0.00029483993421308696,0.0004913999655400403,0.3408404182236413,0.11617219069486673,fc,32,0.75,,1,2,4,1,85,projection
20260823-184507,full_s43_fixed_epochs5_pat2_dirichlet_a01_lambda075_energycal,0.13734610897290725,0.01886395364999771,0.13073741154172147,0.017092270776629448,0.032603826327446815,0.0010630094911903143,0.0017716828733682632,0.9518828929293556,0.9060810418515591,layer4_1_conv2,32,0.75,,1,2,4,2,86,projection
20260823-184507,full_s43_fixed_epochs5_pat2_dirichlet_a01_lambda075_energycal,0.023893735064530675,0.0005709105753339827,0.008147058336449273,6.63745595375076e-05,0.01739889570182273,0.0003027215716429055,0.0005045360157964751,0.3409704809418125,0.1162608688736909,fc,32,0.75,,1,2,4,2,86,projection
20260823-184507,full_s43_fixed_epochs5_pat2_dirichlet_a01_lambda075_energycal,0.13666221267092885,0.01867656037211418,0.1302210626737815,0.01695752516388893,0.032115756622366556,0.001031421823427081,0.0017190352082252502,0.9528680981285068,0.907957612431038,layer4_1_conv2,32,0.75,,1,2,4,3,87,projection
20260823-184507,full_s43_fixed_epochs5_pat2_dirichlet_a01_lambda075_energycal,0.02404354875091209,0.0005780922365374863,0.008215533993748119,6.749499880243093e-05,0.017503093151824824,0.0003063582698814571,0.0005105972377350554,0.3416939021298369,0.1167547227527146,fc,32,0.75,,1,2,4,3,87,projection
20260823-184507,full_s43_fixed_epochs5_pat2_dirichlet_a01_lambda075_energycal,0.14108332147638586,0.019904503598809242,0.1344444760650058,0.01807531714439392,0.033128721656775315,0.001097512198612094,0.0018291864544153214,0.9529437970278348,0.9081018802938271,layer4_1_conv2,32,0.75,,2,2,1,1,88,projection
20260823-184507,full_s43_fixed_epochs5_pat2_dirichlet_a01_lambda075_energycal,0.025007351431458928,0.0006253676256164908,0.0083934041988126,7.044923404464498e-05,0.018246943953405537,0.0003329509636387229,0.0005549183915718459,0.33563747131788635,0.11265251215266499,fc,32,0.75,,2,2,1,1,88,projection
20260823-184507,full_s43_fixed_epochs5_pat2_dirichlet_a01_lambda075_energycal,0.14505696054496867,0.021041521802544594,0.13823558786230306,0.019109077751636505,0.034050937394036536,0.0011594663374125957,0.0019324440509080887,0.9529745235455217,0.908160442526814,layer4_1_conv2,32,0.75,,2,2,1,2,89,projection
20260823-184507,full_s43_fixed_epochs5_pat2_dirichlet_a01_lambda075_energycal,0.02565651379791158,0.0006582567002624273,0.008539212397058512,7.291814836207777e-05,0.018740413060114175,0.00035120308166369796,0.0005853385519003496,0.3328282425398574,0.1107746390321701,fc,32,0.75,,2,2,1,2,89,projection
20260823-184507,full_s43_fixed_epochs5_pat2_dirichlet_a01_lambda075_energycal,0.14844531741387446,0.022036012262105942,0.14147332402657414,0.020014701411128044,0.0348250998793643,0.0012127875816076994,0.0020213108509778976,0.9530332548795596,0.9082723849063277,layer4_1_conv2,32,0.75,,2,2,1,3,90,projection
20260823-184507,full_s43_fixed_epochs5_pat2_dirichlet_a01_lambda075_energycal,0.026212584492477767,0.000687099585775286,0.008695930203675227,7.561920210719109e-05,0.01915432469524566,0.00036688815453089774,0.0006114803836680949,0.3317463871664658,0.11005566539800264,fc,32,0.75,,2,2,1,3,90,projection
20260823-184507,full_s43_fixed_epochs5_pat2_dirichlet_a01_lambda075_energycal,0.1507977820015286,0.022739971056580544,0.14385057952666003,0.020692989230155945,0.035045535543290623,0.0012281895615160465,0.0020469818264245987,0.9539303404688131,0.9099830944669457,layer4_1_conv2,32,0.75,,2,2,2,1,91,projection
20260823-184507,full_s43_fixed_epochs5_pat2_dirichlet_a01_lambda075_energycal,0.026563074608856735,0.0007055969326756895,0.008841917763031707,7.817950972821563e-05,0.019402329567617397,0.00037645039265044034,0.0006274174229474738,0.33286499749105136,0.11079910655471763,fc,32,0.75,,2,2,2,1,91,projection
20260823-184507,full_s43_fixed_epochs5_pat2_dirichlet_a01_lambda075_energycal,0.15153489205516327,0.022962823510169983,0.14468082214830078,0.02093254029750824,0.034902291151112784,0.001218169927597046,0.002030283212661743,0.9547690316473951,0.9115839037929045,layer4_1_conv2,32,0.75,,2,2,2,2,92,projection
20260823-184507,full_s43_fixed_epochs5_pat2_dirichlet_a01_lambda075_energycal,0.02673502050556327,0.0007147613214328885,0.00888488034604898,7.894109876360744e-05,0.019531821451171938,0.0003814920492004603,0.0006358202226692811,0.332331158833416,0.11044399913156115,fc,32,0.75,,2,2,2,2,92,projection
20260823-184507,full_s43_fixed_epochs5_pat2_dirichlet_a01_lambda075_energycal,0.14998031352914776,0.02249409444630146,0.14332263382170013,0.020541377365589142,0.03422909639548756,0.0011716310400515795,0.0019527170807123184,0.9556096426871801,0.91318978919672,layer4_1_conv2,32,0.75,,2,2,2,3,93,projection
20260823-184507,full_s43_fixed_epochs5_pat2_dirichlet_a01_lambda075_energycal,0.026693307522894828,0.0007125326665118337,0.00888614916351587,7.89636469562538e-05,0.019497213658083642,0.0003801413404289633,0.0006335690195555799,0.33289801782316514,0.11082109027059235,fc,32,0.75,,2,2,2,3,93,projection
20260823-184507,full_s43_fixed_epochs5_pat2_dirichlet_a01_lambda075_energycal,0.1472309036201904,0.021676938980817795,0.14083237721985772,0.0198337584733963,0.033255185657733465,0.0011059073731303215,0.0018431805074214935,0.9565408739401691,0.9149704435182224,layer4_1_conv2,32,0.75,,2,2,3,1,94,projection
20260823-184507,full_s43_fixed_epochs5_pat2_dirichlet_a01_lambda075_energycal,0.026527772318872475,0.0007037227042019367,0.008849632727808544,7.83159994171001e-05,0.01937121601175771,0.00037524400977417827,0.0006254067047848366,0.3335987892776322,0.11128815220750209,fc,32,0.75,,2,2,3,1,94,projection
20260823-184507,full_s43_fixed_epochs5_pat2_dirichlet_a01_lambda075_energycal,0.14307515504926285,0.020470499992370605,0.13704473596586061,0.018781259655952454,0.031836215556281966,0.0010135446209460497,0.0016892403364181519,0.9578513887940511,0.9174792830146926,layer4_1_conv2,32,0.75,,2,2,3,2,95,projection
20260823-184507,full_s43_fixed_epochs5_pat2_dirichlet_a01_lambda075_energycal,0.026165935924272254,0.0006846562027931213,0.008775719972409866,7.70132610341534e-05,0.019094127167687047,0.0003645856922958046,0.0006076429417589679,0.3353871995180292,0.11248457360054628,fc,32,0.75,,2,2,3,2,95,projection
20260823-184507,full_s43_fixed_epochs5_pat2_dirichlet_a01_lambda075_energycal,0.13820493688306743,0.019100604578852654,0.13250437223220315,0.017557408660650253,0.03042889680006522,0.0009259177604690194,0.0015431959182024002,0.9587528146285584,0.9192069595581829,layer4_1_conv2,32,0.75,,2,2,3,3,96,projection
20260823-184507,full_s43_fixed_epochs5_pat2_dirichlet_a01_lambda075_energycal,0.02570710647031766,0.0006608553230762482,0.008691457683968248,7.55414366722107e-05,0.018740018594383144,0.00035118829691782594,0.0005853138864040375,0.3380955259979848,0.114308584699854,fc,32,0.75,,2,2,3,3,96,projection
20260823-184507,full_s43_fixed_epochs5_pat2_dirichlet_a01_lambda075_energycal,0.143297107072833,0.020534060895442963,0.1372126581524722,0.01882731355726719,0.03200075119341049,0.001024048076942563,0.0017067473381757736,0.9575396248769468,0.9168821332094839,layer4_1_conv2,32,0.75,,3,2,1,1,97,projection
20260823-184507,full_s43_fixed_epochs5_pat2_dirichlet_a01_lambda075_energycal,0.026264938366011858,0.0006898469873704016,0.008831792431363793,7.80005575506948e-05,0.01916005744092002,0.0003671078011393547,0.0006118464298197068,0.33625787764240767,0.11306936027657641,fc,32,0.75,,3,2,1,1,97,projection
20260823-184507,full_s43_fixed_epochs5_pat2_dirichlet_a01_lambda075_energycal,0.14733317821679356,0.021707065403461456,0.14106284959620474,0.019898727536201477,0.032939380537666166,0.0010850027902051806,0.0018083378672599792,0.9574411636504417,0.9166935818523116,layer4_1_conv2,32,0.75,,3,2,1,2,98,projection
20260823-184507,full_s43_fixed_epochs5_pat2_dirichlet_a01_lambda075_energycal,0.02670372770873957,0.0007130890735425055,0.008956985132132578,8.022758265724406e-05,0.019486324229005363,0.0003797168319579214,0.0006328614908852614,0.3354207783208164,0.11250709852934226,fc,32,0.75,,3,2,1,2,98,projection
20260823-184507,full_s43_fixed_epochs5_pat2_dirichlet_a01_lambda075_energycal,0.15088469608395103,0.022766191512346268,0.1444577274961268,0.020868035033345222,0.03374750884231182,0.0011388943530619144,0.0018981564790010452,0.957404768312299,0.9166238903871269,layer4_1_conv2,32,0.75,,3,2,1,3,99,projection
20260823-184507,full_s43_fixed_epochs5_pat2_dirichlet_a01_lambda075_energycal,0.026964272823227463,0.0007270720088854432,0.009035944925291695,8.164830069290474e-05,0.019678773154487447,0.0003872541128657758,0.0006454237081925385,0.3351080514772119,0.1122974061648537,fc,32,0.75,,3,2,1,3,99,projection
20260823-184507,full_s43_fixed_epochs5_pat2_dirichlet_a01_lambda075_energycal,0.15246224685525017,0.023244736716151237,0.14606540527359868,0.02133510261774063,0.03384938725944546,0.0011457810178399086,0.0019096340984106064,0.9580431109104358,0.9178466023629458,layer4_1_conv2,32,0.75,,3,2,2,1,100,projection
20260823-184507,full_s43_fixed_epochs5_pat2_dirichlet_a01_lambda075_energycal,0.02702680034342028,0.0007304479368031025,0.0090537811456488,8.19709530333057e-05,0.019725266558030752,0.0003890861407853663,0.0006484769837697968,0.33499271207118525,0.11222011714080803,fc,32,0.75,,3,2,2,1,100,projection
20260823-184507,full_s43_fixed_epochs5_pat2_dirichlet_a01_lambda075_energycal,0.151390123167849,0.02291896939277649,0.14512038657357604,0.021059926599264145,0.03339798631419103,0.0011154254898428917,0.0018590427935123444,0.9585855638196318,0.9188862831634013,layer4_1_conv2,32,0.75,,3,2,2,2,101,projection
20260823-184507,full_s43_fixed_epochs5_pat2_dirichlet_a01_lambda075_energycal,0.026903601341464935,0.0007238037651404738,0.009049626994269184,8.18957487354055e-05,0.019625103728085163,0.0003851446963381022,0.0006419080164050683,0.3363723272364108,0.11314634253043904,fc,32,0.75,,3,2,2,2,101,projection
20260823-184507,full_s43_fixed_epochs5_pat2_dirichlet_a01_lambda075_energycal,0.14849329201080855,0.02205025777220726,0.14244295270826468,0.020289994776248932,0.032498604037836026,0.001056159264408052,0.0017602629959583282,0.9592551338810411,0.9201704118771341,layer4_1_conv2,32,0.75,,3,2,2,3,102,projection
20260823-184507,full_s43_fixed_epochs5_pat2_dirichlet_a01_lambda075_energycal,0.026615719914040357,0.0007083965465426445,0.009016531867545302,8.129784691845998e-05,0.019397400634634247,0.00037625915138050914,0.0006270986996241845,0.33876716078564123,0.11476318922676448,fc,32,0.75,,3,2,2,3,102,projection
20260823-184507,full_s43_fixed_epochs5_pat2_dirichlet_a01_lambda075_energycal,0.14445693450988037,0.020867805927991867,0.13869977052600171,0.01923762634396553,0.031274714978428354,0.0009781077969819307,0.0016301795840263367,0.9601461570300394,0.9218806428595528,layer4_1_conv2,32,0.75,,3,2,3,1,103,projection
20260823-184507,full_s43_fixed_epochs5_pat2_dirichlet_a01_lambda075_energycal,0.02624485880702381,0.0006887926138006151,0.008917174512060115,7.951600127853453e-05,0.019119777200630687,0.00036556588020175695,0.0006092766125220805,0.3397684315098562,0.11544258705066783,fc,32,0.75,,3,2,3,1,103,projection
20260823-184507,full_s43_fixed_epochs5_pat2_dirichlet_a01_lambda075_energycal,0.14013628677142084,0.0196381788700819,0.13466032724367147,0.01813340373337269,0.0300477289216357,0.0009028660133481026,0.0015047751367092133,0.9609240429162982,0.9233750162546036,layer4_1_conv2,32,0.75,,3,2,3,2,104,projection
20260823-184507,full_s43_fixed_epochs5_pat2_dirichlet_a01_lambda075_energycal,0.025775154885198773,0.0006643586093559861,0.008811858618449367,7.76488523115404e-05,0.018762350299017683,0.0003520257887430489,0.0005867097570444457,0.3418741286986222,0.11687791987344215,fc,32,0.75,,3,2,3,2,104,projection
20260823-184507,full_s43_fixed_epochs5_pat2_dirichlet_a01_lambda075_energycal,0.13466879918407418,0.018135685473680496,0.12949143146276926,0.01676803082227707,0.02864599002087251,0.0008205927442759275,0.0013676546514034271,0.9615548088891165,0.9245876504977856,layer4_1_conv2,32,0.75,,3,2,3,3,105,projection
20260823-184507,full_s43_fixed_epochs5_pat2_dirichlet_a01_lambda075_energycal,0.0251479518795499,0.0006324194837361574,0.008651666960553663,7.485134119633585e-05,0.01829045624037991,0.00033454078948125243,0.0005575681425398216,0.3440306789989178,0.11835710809245639,fc,32,0.75,,3,2,3,3,105,projection
20260823-184507,full_s43_fixed_epochs5_pat2_dirichlet_a01_lambda075_energycal,0.13998680868970187,0.01959630660712719,0.13448784713987508,0.018086981028318405,0.0300931116797239,0.0009055953705683351,0.0015093255788087845,0.9607180019224817,0.9229790792179255,layer4_1_conv2,32,0.75,,4,2,1,1,106,projection
20260823-184507,full_s43_fixed_epochs5_pat2_dirichlet_a01_lambda075_energycal,0.025693119706573314,0.0006601364002563059,0.008776393176545752,7.702507718931884e-05,0.018704725343731902,0.0003498667501844466,0.0005831113230669871,0.3415853456791549,0.11668054838274775,fc,32,0.75,,4,2,1,1,106,projection
20260823-184507,full_s43_fixed_epochs5_pat2_dirichlet_a01_lambda075_energycal,0.1447897673958,0.02096407674252987,0.13907135924504735,0.019340842962265015,0.031208021310583176,0.0009739405941218138,0.0016232337802648544,0.9605054400348563,0.9225707003365525,layer4_1_conv2,32,0.75,,4,2,1,2,107,projection
20260823-184507,full_s43_fixed_epochs5_pat2_dirichlet_a01_lambda075_energycal,0.02615039276512229,0.0006838430417701602,0.008894188984696674,7.910659769549966e-05,0.01904840651537123,0.00036284179077483714,0.0006047364440746605,0.3401168412490986,0.11567946570126454,fc,32,0.75,,4,2,1,2,107,projection
20260823-184507,full_s43_fixed_epochs5_pat2_dirichlet_a01_lambda075_energycal,0.14789556405373896,0.021873097866773605,0.1420829089592817,0.020187553018331528,0.031801359143973064,0.0010113264434039593,0.0016855448484420776,0.9606975697232866,0.9229398204722291,layer4_1_conv2,32,0.75,,4,2,1,3,108,projection
20260823-184507,full_s43_fixed_epochs5_pat2_dirichlet_a01_lambda075_energycal,0.026392732273126756,0.0006965763168409467,0.008998193266594576,8.096748206298798e-05,0.019218876414736134,0.0003693652106449008,0.0006156088347779587,0.3409345108144257,0.11623634066427177,fc,32,0.75,,4,2,1,3,108,projection
20260823-184507,full_s43_fixed_epochs5_pat2_dirichlet_a01_lambda075_energycal,0.14884263516076054,0.022154130041599274,0.1430705008067313,0.020469168201088905,0.031795893245087234,0.001010978827252984,0.0016849618405103683,0.9612198860373916,0.9239436693137361,layer4_1_conv2,32,0.75,,4,2,2,1,109,projection
20260823-184507,full_s43_fixed_epochs5_pat2_dirichlet_a01_lambda075_energycal,0.026427132405617178,0.0006983933271840215,0.009018956852079893,8.134158269967884e-05,0.01924138670391241,0.00037023096228949726,0.0006170517444843426,0.34127640917116236,0.11646958745676264,fc,32,0.75,,4,2,2,1,109,projection
20260823-184507,full_s43_fixed_epochs5_pat2_dirichlet_a01_lambda075_energycal,0.1479856616167573,0.0218997560441494,0.14232710728463113,0.020257005468010902,0.03139506139541394,0.0009856498800218105,0.0016427505761384964,0.9617628203279566,0.9249877225651852,layer4_1_conv2,32,0.75,,4,2,2,2,110,projection
20260823-184507,full_s43_fixed_epochs5_pat2_dirichlet_a01_lambda075_energycal,0.02630296143476071,0.0006918457802385092,0.008969363273756048,8.044947753660381e-05,0.019153008055987346,0.0003668377175927162,0.0006113963027019054,0.34100203112120203,0.11628238522878523,fc,32,0.75,,4,2,2,2,110,projection
20260823-184507,full_s43_fixed_epochs5_pat2_dirichlet_a01_lambda075_energycal,0.14496253078266622,0.02101413533091545,0.13948730028618295,0.019456706941127777,0.03056888749255828,0.000934456882532686,0.001557428389787674,0.9622300296019807,0.9258866298678288,layer4_1_conv2,32,0.75,,4,2,2,3,111,projection
20260823-184507,full_s43_fixed_epochs5_pat2_dirichlet_a01_lambda075_energycal,0.025969822446595688,0.0006744316779077053,0.008890572435461638,7.904227823019028e-05,0.018900624303475968,0.0003572335990611464,0.000595389399677515,0.34234244203032965,0.1171983476152896,fc,32,0.75,,4,2,2,3,111,projection
20260823-184507,full_s43_fixed_epochs5_pat2_dirichlet_a01_lambda075_energycal,0.14111784825309967,0.01991424709558487,0.13587478638029457,0.018461957573890686,0.02951904733209954,0.000871374155394733,0.0014522895216941833,0.9628462172736543,0.927072838118185,layer4_1_conv2,32,0.75,,4,2,3,1,112,projection
20260823-184507,full_s43_fixed_epochs5_pat2_dirichlet_a01_lambda075_energycal,0.02557529180672325,0.0006540955509990454,0.008766190501464564,7.684609590796754e-05,0.018610470452984557,0.0003463496104814112,0.0005772494550910778,0.3427601361389004,0.1174845109259575,fc,32,0.75,,4,2,3,1,112,projection
20260823-184507,full_s43_fixed_epochs5_pat2_dirichlet_a01_lambda075_energycal,0.13627317572705613,0.01857037842273712,0.13133591383167453,0.017249122262001038,0.028155876097845315,0.0007927533588372171,0.001321256160736084,0.9637693781696955,0.9288514142976015,layer4_1_conv2,32,0.75,,4,2,3,2,113,projection
20260823-184507,full_s43_fixed_epochs5_pat2_dirichlet_a01_lambda075_energycal,0.025049396000944597,0.0006274722400121391,0.008650399497138077,7.48294114600867e-05,0.0182094932588564,0.0003315856447443366,0.0005526428285520524,0.3453336558219558,0.11925533384335704,fc,32,0.75,,4,2,3,2,113,projection
20260823-184507,full_s43_fixed_epochs5_pat2_dirichlet_a01_lambda075_energycal,0.13100128165830205,0.017161335796117783,0.12633669926144378,0.01596096158027649,0.02683700555407047,0.0007202248671092093,0.0012003742158412933,0.9643928491552841,0.9300535675018468,layer4_1_conv2,32,0.75,,4,2,3,3,114,projection
20260823-184507,full_s43_fixed_epochs5_pat2_dirichlet_a01_lambda075_energycal,0.02445650940697671,0.0005981208523735404,0.008469063515673027,7.172503683250397e-05,0.017771816048701275,0.00031583744566887617,0.0005263958155410364,0.3462907717017481,0.11991729856579221,fc,32,0.75,,4,2,3,3,114,projection
20260823-184507,full_s43_fixed_epochs5_pat2_dirichlet_a01_lambda075_energycal,0.1369375793677918,0.018751900643110275,0.13201579787895087,0.017428170889616013,0.028182223340222315,0.0007942377123981714,0.0013237297534942627,0.9640582116935058,0.9294082355336807,layer4_1_conv2,32,0.75,,5,2,1,1,115,projection
20260823-184507,full_s43_fixed_epochs5_pat2_dirichlet_a01_lambda075_energycal,0.02510196949302059,0.0006301088724285364,0.00861516166048577,7.422101043630391e-05,0.018262876605235595,0.00033353266189806163,0.0005558878619922325,0.34320660228995775,0.1177907718554172,fc,32,0.75,,5,2,1,1,115,projection
20260823-184507,full_s43_fixed_epochs5_pat2_dirichlet_a01_lambda075_energycal,0.14191085317244678,0.020138690248131752,0.13681264105659277,0.018717698752880096,0.0291992268833417,0.0008525948505848646,0.0014209914952516556,0.9640745439698063,0.9294397263305899,layer4_1_conv2,32,0.75,,5,2,1,2,116,projection
20260823-184507,full_s43_fixed_epochs5_pat2_dirichlet_a01_lambda075_energycal,0.025507278414884687,0.0006506212521344423,0.008715870784298165,7.59664035285823e-05,0.018568598401340917,0.00034479284659028053,0.00057465484860586,0.3417013231490839,0.11675979424183465,fc,32,0.75,,5,2,1,2,116,projection
20260823-184507,full_s43_fixed_epochs5_pat2_dirichlet_a01_lambda075_energycal,0.14337614855227265,0.020556719973683357,0.13823940107216529,0.01911013200879097,0.029461040098903876,0.0008679528837092221,0.0014465879648923874,0.9641729288171346,0.9296294366638109,layer4_1_conv2,32,0.75,,5,2,1,3,117,projection
20260823-184507,full_s43_fixed_epochs5_pat2_dirichlet_a01_lambda075_energycal,0.025687643419034185,0.0006598550244234502,0.008749047057433615,7.65458244131878e-05,0.01870789845784073,0.0003499854647088796,0.0005833092000102624,0.3405936042755363,0.11600400327340067,fc,32,0.75,,5,2,1,3,117,projection
20260823-184507,full_s43_fixed_epochs5_pat2_dirichlet_a01_lambda075_energycal,0.14363671897906236,0.02063150703907013,0.13854186585658199,0.019193848595023155,0.029369979288882554,0.0008625956834293902,0.0014376584440469742,0.9645295913280849,0.9303173325475225,layer4_1_conv2,32,0.75,,5,2,2,1,118,projection
20260823-184507,full_s43_fixed_epochs5_pat2_dirichlet_a01_lambda075_energycal,0.02571753128963317,0.0006613914156332612,0.008737955249090539,7.63518619351089e-05,0.01873562610783965,0.00035102368565276265,0.0005850395536981523,0.3397664865528069,0.11544126538443869,fc,32,0.75,,5,2,2,1,118,projection
20260823-184507,full_s43_fixed_epochs5_pat2_dirichlet_a01_lambda075_energycal,0.14194646463845667,0.02014879882335663,0.1369544993939285,0.018756534904241562,0.0289025562494202,0.0008353577577508986,0.0013922639191150665,0.964832056527488,0.9309008973030618,layer4_1_conv2,32,0.75,,5,2,2,2,119,projection
20260823-184507,full_s43_fixed_epochs5_pat2_dirichlet_a01_lambda075_energycal,0.025486388401106678,0.000649555993732065,0.008678296266201854,7.531282608397305e-05,0.018561946082811313,0.00034454584238119423,0.0005742431676480919,0.3405071024431623,0.11594508681423822,fc,32,0.75,,5,2,2,2,119,projection
20260823-184507,full_s43_fixed_epochs5_pat2_dirichlet_a01_lambda075_energycal,0.13855173386898564,0.019196582958102226,0.1337276791281195,0.017883092164993286,0.028073020426476452,0.0007880944758653641,0.0013134907931089401,0.9651822853012597,0.9315768438593619,layer4_1_conv2,32,0.75,,5,2,2,3,120,projection
20260823-184507,full_s43_fixed_epochs5_pat2_dirichlet_a01_lambda075_energycal,0.02515863847056025,0.0006329570896923542,0.008561398169688999,7.329753861995414e-05,0.018324728877745663,0.0003357956884428859,0.0005596595510724001,0.3402965617438815,0.11580174993470736,fc,32,0.75,,5,2,2,3,120,projection
20260823-184507,full_s43_fixed_epochs5_pat2_dirichlet_a01_lambda075_energycal,0.1340441673255237,0.017967838793992996,0.12941641712435883,0.016748609021306038,0.02704695578149316,0.0007315378170460463,0.0012192297726869583,0.9654759301094655,0.9321437716207377,layer4_1_conv2,32,0.75,,5,2,3,1,121,projection
20260823-184507,full_s43_fixed_epochs5_pat2_dirichlet_a01_lambda075_energycal,0.024655627597723943,0.0006078999722376466,0.00843269267349385,7.111030572559685e-05,0.017946413464853754,0.00032207375625148416,0.0005367896665120497,0.34201898289023086,0.11697698465726802,fc,32,0.75,,5,2,3,1,121,projection
20260823-184507,full_s43_fixed_epochs5_pat2_dirichlet_a01_lambda075_energycal,0.12924672447827995,0.01670471578836441,0.12485760535507855,0.01558942161500454,0.025868451957853204,0.0006691768066957593,0.001115294173359871,0.9660407709292548,0.9332347710975889,layer4_1_conv2,32,0.75,,5,2,3,2,122,projection
20260823-184507,full_s43_fixed_epochs5_pat2_dirichlet_a01_lambda075_energycal,0.024130919806459927,0.0005823012907058001,0.008281850967328815,6.858905544504523e-05,0.017556402241510862,0.0003082272596657276,0.0005137122352607548,0.3432049434398989,0.11778963320158418,fc,32,0.75,,5,2,3,2,122,projection
20260823-184507,full_s43_fixed_epochs5_pat2_dirichlet_a01_lambda075_energycal,0.12415215803580819,0.015413758344948292,0.12001549284855337,0.014403718523681164,0.024617555844188257,0.0006060240557417274,0.001010039821267128,0.966680682376365,0.9344715416796346,layer4_1_conv2,32,0.75,,5,2,3,3,123,projection
20260823-184507,full_s43_fixed_epochs5_pat2_dirichlet_a01_lambda075_energycal,0.023533621516384044,0.000553831341676414,0.008109726993734656,6.576767191290855e-05,0.017112513390691968,0.0002928381145466119,0.00048806366976350546,0.34460174300367186,0.11875036128116871,fc,32,0.75,,5,2,3,3,123,projection
20260823-184507,full_s43_fixed_epochs5_pat2_dirichlet_a01_lambda075_energycal,0.12973062303868224,0.01683003455400467,0.12535811326600718,0.015714656561613083,0.025869430750612855,0.000669227447360754,0.0011153779923915863,0.9662954692557725,0.9337269339042334,layer4_1_conv2,32,0.75,,6,2,1,1,124,projection
20260823-184507,full_s43_fixed_epochs5_pat2_dirichlet_a01_lambda075_energycal,0.02416648382722848,0.0005840189405716956,0.008248158857916424,6.803212454542518e-05,0.01759522652549562,0.00030959199648350477,0.0005159868160262704,0.34130570739559507,0.1164895859008076,fc,32,0.75,,6,2,1,1,124,projection
20260823-184507,full_s43_fixed_epochs5_pat2_dirichlet_a01_lambda075_energycal,0.13482031196372743,0.018176516517996788,0.13027942306288032,0.016972728073596954,0.026875150577544724,0.0007222737185657024,0.0012037884443998337,0.96631895569216,0.9337723241299867,layer4_1_conv2,32,0.75,,6,2,1,2,125,projection
20260823-184507,full_s43_fixed_epochs5_pat2_dirichlet_a01_lambda075_energycal,0.024597470870886196,0.0006050355732440948,0.008385685975224098,7.031972927507013e-05,0.017911712678695384,0.00032082945108413696,0.0005347158439690247,0.34091659338641506,0.11622412364619827,fc,32,0.75,,6,2,1,2,125,projection
20260823-184507,full_s43_fixed_epochs5_pat2_dirichlet_a01_lambda075_energycal,0.1367592479125994,0.018703091889619827,0.1321406481164229,0.017461150884628296,0.027297699629984788,0.0007451644050888717,0.0012419410049915314,0.9662282451338999,0.9335970216945356,layer4_1_conv2,32,0.75,,6,2,1,3,126,projection
20260823-184507,full_s43_fixed_epochs5_pat2_dirichlet_a01_lambda075_energycal,0.024754133437069614,0.000612767122220248,0.008453577001198883,7.14629641151987e-05,0.018021721608994307,0.00032478244975209236,0.0005413041581050493,0.34150163336114,0.11662336558832646,fc,32,0.75,,6,2,1,3,126,projection
20260823-184507,full_s43_fixed_epochs5_pat2_dirichlet_a01_lambda075_energycal,0.1372548220339794,0.01883888617157936,0.13267672835626482,0.017603114247322083,0.02722980929551467,0.000741462514270097,0.0012357719242572784,0.9666452980676977,0.9344031322763878,layer4_1_conv2,32,0.75,,6,2,2,1,127,projection
20260823-184507,full_s43_fixed_epochs5_pat2_dirichlet_a01_lambda075_energycal,0.02475452024460762,0.0006127862725406885,0.008493670389940785,7.214243669295684e-05,0.018010725421377518,0.0003243862302042544,0.0005406438358477317,0.34311593624162423,0.11772854570296634,fc,32,0.75,,6,2,2,1,127,projection
20260823-184507,full_s43_fixed_epochs5_pat2_dirichlet_a01_lambda075_energycal,0.13679867860355605,0.018713878467679024,0.1322993153015535,0.017503108829259872,0.02695293728790708,0.0007264608284458518,0.0012107696384191513,0.9671095996837679,0.9353009778004978,layer4_1_conv2,32,0.75,,6,2,2,2,128,projection
20260823-184507,full_s43_fixed_epochs5_pat2_dirichlet_a01_lambda075_energycal,0.024575631058026595,0.0006039616419002414,0.008436333450250657,7.117172208381817e-05,0.01787942544915865,0.0003196738543920219,0.0005327899198164232,0.34328044030003796,0.11784146069258794,fc,32,0.75,,6,2,2,2,128,projection
20260823-184507,full_s43_fixed_epochs5_pat2_dirichlet_a01_lambda075_energycal,0.13364649227878803,0.01786138489842415,0.129282121594529,0.016713866963982582,0.026239474377488588,0.0006885100156068802,0.0011475179344415665,0.9673439189473458,0.9357542575244091,layer4_1_conv2,32,0.75,,6,2,2,3,129,projection
20260823-184507,full_s43_fixed_epochs5_pat2_dirichlet_a01_lambda075_energycal,0.024200506799515176,0.0005856645293533802,0.008350103503797859,6.972422852413729e-05,0.01759443420556419,0.0003095641150139272,0.0005159403008292429,0.34503837349245686,0.11905147918232017,fc,32,0.75,,6,2,2,3,129,projection
20260823-184507,full_s43_fixed_epochs5_pat2_dirichlet_a01_lambda075_energycal,0.12909805593186627,0.016666308045387268,0.1249746132939669,0.01561865396797657,0.025071747140039517,0.0006285925046540797,0.001047654077410698,0.9680596070317621,0.9371394027664899,layer4_1_conv2,32,0.75,,6,2,3,1,130,projection
20260823-184507,full_s43_fixed_epochs5_pat2_dirichlet_a01_lambda075_energycal,0.0236442568256688,0.0005590508808381855,0.008234189950607282,6.780188414268196e-05,0.017168265316824388,0.00029474933398887515,0.0004912489966955036,0.34825327821968327,0.12128034579075615,fc,32,0.75,,6,2,3,1,130,projection
20260823-184507,full_s43_fixed_epochs5_pat2_dirichlet_a01_lambda075_energycal,0.12446255554776678,0.01549092773348093,0.12055638893814977,0.014533842913806438,0.023963528653772596,0.0005742507055401802,0.0009570848196744919,0.9686157287030966,0.9382164298910309,layer4_1_conv2,32,0.75,,6,2,3,2,131,projection
20260823-184507,full_s43_fixed_epochs5_pat2_dirichlet_a01_lambda075_energycal,0.023119540444001236,0.0005345131503418088,0.008113714018629117,6.583235517609864e-05,0.016769270336628075,0.0002812084276229143,0.00046868079516571015,0.350946163410197,0.12316320961233672,fc,32,0.75,,6,2,3,2,131,projection
20260823-184507,full_s43_fixed_epochs5_pat2_dirichlet_a01_lambda075_energycal,0.11889143586455644,0.01413517352193594,0.1152051023706532,0.013272215612232685,0.022754662474561725,0.0005177746643312275,0.0008629579097032547,0.9689941208372419,0.9389496062171393,layer4_1_conv2,32,0.75,,6,2,3,3,132,projection
20260823-184507,full_s43_fixed_epochs5_pat2_dirichlet_a01_lambda075_energycal,0.02250099756095744,0.0005062948912382126,0.007944881634999727,6.312114419415593e-05,0.016306568565373922,0.0002659041783772409,0.00044317374704405665,0.35309019582248535,0.12467268638596105,fc,32,0.75,,6,2,3,3,132,projection
20260823-184507,full_s43_fixed_epochs5_pat2_dirichlet_a01_lambda075_energycal,0.051617792856053835,0.0026643965393304825,0.04965789048388103,0.002465906087309122,0.010913026839401358,0.00011909415479749441,0.0001984904520213604,0.9620304886410318,0.9255026610749023,layer4_1_conv2,32,0.75,,1,3,1,1,106,projection
20260823-184507,full_s43_fixed_epochs5_pat2_dirichlet_a01_lambda075_energycal,0.008178174478103253,6.688253779429942e-05,0.004591709202373012,2.1083793399157003e-05,0.005242064660771842,2.7479241907713003e-05,4.579874439514242e-05,0.5614589435169348,0.31523614525515253,fc,32,0.75,,1,3,1,1,106,projection
20260823-184507,full_s43_fixed_epochs5_pat2_dirichlet_a01_lambda075_energycal,0.07269116390859634,0.005284005310386419,0.06912958304817629,0.004778899252414703,0.01740871860428306,0.0003030634834431112,0.0005051060579717159,0.9510039368072511,0.9044084878228903,layer4_1_conv2,32,0.75,,1,3,1,2,107,projection
20260823-184507,full_s43_fixed_epochs5_pat2_dirichlet_a01_lambda075_energycal,0.011930525312267144,0.00014233743422664702,0.005376511653486429,2.8906877560075372e-05,0.00824974654112696,6.805831799283624e-05,0.00011343055666657165,0.45065171170277135,0.20308696526063774,fc,32,0.75,,1,3,1,2,107,projection
20260823-184507,full_s43_fixed_epochs5_pat2_dirichlet_a01_lambda075_energycal,0.09003174849322203,0.008105715736746788,0.08523819069577629,0.007265549153089523,0.022452175203829812,0.0005041001713834703,0.0008401665836572647,0.9467570287407379,0.8963488714699902,layer4_1_conv2,32,0.75,,1,3,1,3,108,projection
20260823-184507,full_s43_fixed_epochs5_pat2_dirichlet_a01_lambda075_energycal,0.015276238954070846,0.0002333634765818715,0.006157970988965142,3.792060670093633e-05,0.01082892848333273,0.00011726569209713489,0.00019544286988093518,0.403107794233878,0.16249589377210255,fc,32,0.75,,1,3,1,3,108,projection
20260823-184507,full_s43_fixed_epochs5_pat2_dirichlet_a01_lambda075_energycal,0.10565227858856997,0.011162403970956802,0.09972770992086645,0.009945616126060486,0.02701986238032122,0.0007300729630514979,0.0012167878448963165,0.943923891213223,0.8909923124031124,layer4_1_conv2,32,0.75,,1,3,1,4,109,projection
20260823-184507,full_s43_fixed_epochs5_pat2_dirichlet_a01_lambda075_energycal,0.01806724391747989,0.00032642530277371407,0.00686895987071458,4.7182609705487266e-05,0.012943940126928503,0.00016754558600950986,0.0002792426930682268,0.3801885833881351,0.14454335893867698,fc,32,0.75,,1,3,1,4,109,projection
20260823-184507,full_s43_fixed_epochs5_pat2_dirichlet_a01_lambda075_energycal,0.11880473958276001,0.014114566147327423,0.11209838411239965,0.012566047720611095,0.0304813284158138,0.0009291113819926977,0.0015485184267163277,0.9435514484193732,0.8902893358142973,layer4_1_conv2,32,0.75,,1,3,2,1,110,projection
20260823-184507,full_s43_fixed_epochs5_pat2_dirichlet_a01_lambda075_energycal,0.02041321818755973,0.0004166994767729193,0.007515578558637308,5.6483921071048826e-05,0.014701336474312503,0.00021612929413095117,0.00036021555570187047,0.36817215637353395,0.1355507367287379,fc,32,0.75,,1,3,2,1,110,projection
20260823-184507,full_s43_fixed_epochs5_pat2_dirichlet_a01_lambda075_energycal,0.12849776975898672,0.01651167683303356,0.12124883810941729,0.014701280742883682,0.032958126056939076,0.0010862380731850863,0.0018103960901498795,0.9435871014480198,0.8903566180190756,layer4_1_conv2,32,0.75,,1,3,2,2,111,projection
20260823-184507,full_s43_fixed_epochs5_pat2_dirichlet_a01_lambda075_energycal,0.022345685178977736,0.0004993296461179852,0.008033231662198256,6.453281093854457e-05,0.016151720133554964,0.0002608780632726848,0.0004347968351794407,0.3594981132982094,0.12923889346497222,fc,32,0.75,,1,3,2,2,111,projection
20260823-184507,full_s43_fixed_epochs5_pat2_dirichlet_a01_lambda075_energycal,0.13489082988704454,0.018195535987615585,0.12727564412225448,0.01619908958673477,0.0346102166342603,0.0011978670954704285,0.0019964464008808136,0.9435455636890447,0.8902782307572773,layer4_1_conv2,32,0.75,,1,3,2,3,112,projection
20260823-184507,full_s43_fixed_epochs5_pat2_dirichlet_a01_lambda075_energycal,0.023773514105184176,0.0005651799729093909,0.008454014653647835,7.147036376409233e-05,0.01721120978328121,0.0002962257422041148,0.0004937096091452986,0.355606437325322,0.12645593826720816,fc,32,0.75,,1,3,2,3,112,projection
20260823-184507,full_s43_fixed_epochs5_pat2_dirichlet_a01_lambda075_energycal,0.13937555340798163,0.019425544887781143,0.13159939066362117,0.017318399623036385,0.035556829022979956,0.0012642880901694298,0.0021071452647447586,0.9442071256097689,0.8915270960522619,layer4_1_conv2,32,0.75,,1,3,2,4,113,projection
20260823-184507,full_s43_fixed_epochs5_pat2_dirichlet_a01_lambda075_energycal,0.024874793501696506,0.0006187553517520428,0.008766541170390493,7.685224409215152e-05,0.01803168943417594,0.0003251418238505721,0.0005419031076598912,0.3524266912926372,0.12420457273547582,fc,32,0.75,,1,3,2,4,113,projection
20260823-184507,full_s43_fixed_epochs5_pat2_dirichlet_a01_lambda075_energycal,0.14187841645509106,0.020129485055804253,0.13406778803090763,0.01797417178750038,0.03596092916824606,0.00129318842664361,0.002155313268303871,0.9449484381110517,0.8929275506885163,layer4_1_conv2,32,0.75,,1,3,3,1,114,projection
20260823-184507,full_s43_fixed_epochs5_pat2_dirichlet_a01_lambda075_energycal,0.025660064112178024,0.0006584388902410865,0.00901974338975486,8.13557708170265e-05,0.01860778827112305,0.0003462497843429446,0.00057708311942406,0.35150899663863955,0.12355857471790312,fc,32,0.75,,1,3,3,1,114,projection
20260823-184507,full_s43_fixed_epochs5_pat2_dirichlet_a01_lambda075_energycal,0.14332607126713928,0.020542362704873085,0.13560667752509162,0.018389170989394188,0.035943220165331136,0.001291915075853467,0.002153191715478897,0.9461410357948079,0.8951828596148721,layer4_1_conv2,32,0.75,,1,3,3,2,115,projection
20260823-184507,full_s43_fixed_epochs5_pat2_dirichlet_a01_lambda075_energycal,0.026201127024188132,0.0006864990573376417,0.00920028232580994,8.464519487461075e-05,0.019002954153134067,0.0003611122665461153,0.000601853862463031,0.35114070922661084,0.12329979767616724,fc,32,0.75,,1,3,3,2,115,projection
20260823-184507,full_s43_fixed_epochs5_pat2_dirichlet_a01_lambda075_energycal,0.14278353956728318,0.020387139171361923,0.13531748795511275,0.018310822546482086,0.03529574613931727,0.0012457896955311298,0.002076316624879837,0.9477106980622775,0.8981555672216892,layer4_1_conv2,32,0.75,,1,3,3,3,116,projection
20260823-184507,full_s43_fixed_epochs5_pat2_dirichlet_a01_lambda075_energycal,0.026498830181996568,0.0007021880010142922,0.009305596466921844,8.659412560518831e-05,0.019218643962802127,0.0003693562757689506,0.0006155938754091039,0.3511700857362417,0.12332042911599936,fc,32,0.75,,1,3,3,3,116,projection
20260823-184507,full_s43_fixed_epochs5_pat2_dirichlet_a01_lambda075_energycal,0.14121444006621547,0.01994151808321476,0.13401612275458016,0.0179603211581707,0.034477788486396974,0.0011887178989127278,0.0019811969250440598,0.9490256286236732,0.9006496437845583,layer4_1_conv2,32,0.75,,1,3,3,4,117,projection
20260823-184507,full_s43_fixed_epochs5_pat2_dirichlet_a01_lambda075_energycal,0.026608696641215974,0.0007080227369442582,0.009382742876280707,8.803586388239637e-05,0.01928709579419008,0.00037199206417426467,0.0006199868730618618,0.3526194087141854,0.12434044740194174,fc,32,0.75,,1,3,3,4,117,projection
20260823-184507,full_s43_fixed_epochs5_pat2_dirichlet_a01_lambda075_energycal,0.13944130989052356,0.019443878903985023,0.13255342290484953,0.017570409923791885,0.033527320230691986,0.001124081201851368,0.0018734689801931381,0.950603684151549,0.9036473643224979,layer4_1_conv2,32,0.75,,1,3,4,1,118,projection
20260823-184507,full_s43_fixed_epochs5_pat2_dirichlet_a01_lambda075_energycal,0.02662874010883962,0.0007090897997841239,0.009436109981758358,8.904017158783972e-05,0.019288072079160105,0.0003720297245308757,0.0006200496281962842,0.35435810868971485,0.12556966919415175,fc,32,0.75,,1,3,4,1,118,projection
20260823-184507,full_s43_fixed_epochs5_pat2_dirichlet_a01_lambda075_energycal,0.13677409278092525,0.01870715245604515,0.1302548579703045,0.016966328024864197,0.032318642947865815,0.0010444946819916368,0.001740824431180954,0.95233574810792,0.9069433771242714,layer4_1_conv2,32,0.75,,1,3,4,2,119,projection
20260823-184507,full_s43_fixed_epochs5_pat2_dirichlet_a01_lambda075_energycal,0.026523813657944456,0.0007035126909613609,0.009464236624208252,8.95717748790048e-05,0.019192822781727955,0.00036836444633081555,0.0006139409160823561,0.35682035570980225,0.1273207662488698,fc,32,0.75,,1,3,4,2,119,projection
20260823-184507,full_s43_fixed_epochs5_pat2_dirichlet_a01_lambda075_energycal,0.1338145099579806,0.017906323075294495,0.12760928850858805,0.01628413051366806,0.03119800197814407,0.0009733153274282813,0.0016221925616264343,0.9536281868734483,0.9094067187995403,layer4_1_conv2,32,0.75,,1,3,4,3,120,projection
20260823-184507,full_s43_fixed_epochs5_pat2_dirichlet_a01_lambda075_energycal,0.026334397802550133,0.0006935005076229572,0.009455393393913691,8.940446423366666e-05,0.019038318255695467,0.00036245756200514734,0.0006040960433892906,0.3590510580423473,0.12891766228132903,fc,32,0.75,,1,3,4,3,120,projection
20260823-184507,full_s43_fixed_epochs5_pat2_dirichlet_a01_lambda075_energycal,0.13047696219085494,0.017024237662553787,0.12459088221163701,0.01552288793027401,0.030013491184854715,0.0009008096531033516,0.0015013497322797775,0.9548879750081238,0.9118110448151155,layer4_1_conv2,32,0.75,,1,3,4,4,121,projection
20260823-184507,full_s43_fixed_epochs5_pat2_dirichlet_a01_lambda075_energycal,0.026003998594218942,0.0006762079428881407,0.00943354156370616,8.899170643417165e-05,0.018770447275988873,0.0003523296909406781,0.000587216236453969,0.3627727301063372,0.13160405370880535,fc,32,0.75,,1,3,4,4,121,projection
20260823-184507,full_s43_fixed_epochs5_pat2_dirichlet_a01_lambda075_energycal,0.13602552414070812,0.018502943217754364,0.1297712348722128,0.016840573400259018,0.03158199823114748,0.000997422612272203,0.001662369817495346,0.9540212080930801,0.9101564654913803,layer4_1_conv2,32,0.75,,2,3,1,1,122,projection
20260823-184507,full_s43_fixed_epochs5_pat2_dirichlet_a01_lambda075_energycal,0.0270698691324226,0.0007327778148464859,0.009628707737888187,9.271201270166785e-05,0.019596922999925687,0.0003840393910650164,0.000640065802144818,0.35569834825523855,0.12652131495150498,fc,32,0.75,,2,3,1,1,122,projection
20260823-184507,full_s43_fixed_epochs5_pat2_dirichlet_a01_lambda075_energycal,0.14208743168726956,0.020188838243484497,0.1354775903054656,0.018354177474975586,0.033178264061933777,0.0011007972061634064,0.0018346607685089111,0.9534804640824811,0.9091249953869432,layer4_1_conv2,32,0.75,,2,3,1,2,123,projection
20260823-184507,full_s43_fixed_epochs5_pat2_dirichlet_a01_lambda075_energycal,0.027984191699907998,0.0007831149850971997,0.009835002006251458,9.67272644629702e-05,0.020293657396268695,0.0004118325305171311,0.0006863877206342295,0.3514484931963853,0.12351604337000968,fc,32,0.75,,2,3,1,2,123,projection
20260823-184507,full_s43_fixed_epochs5_pat2_dirichlet_a01_lambda075_energycal,0.1467871842223309,0.02154647745192051,0.13988922274894522,0.019568994641304016,0.034445458238171814,0.0011864895932376385,0.0019774828106164932,0.9530070590976274,0.9082224546899088,layer4_1_conv2,32,0.75,,2,3,1,3,124,projection
20260823-184507,full_s43_fixed_epochs5_pat2_dirichlet_a01_lambda075_energycal,0.028636058084138594,0.0008200238225981593,0.009991964351699018,9.983935160562396e-05,0.020787269329572835,0.0004321105661801994,0.0007201844709925354,0.34892946237015526,0.12175176970992559,fc,32,0.75,,2,3,1,3,124,projection
20260823-184507,full_s43_fixed_epochs5_pat2_dirichlet_a01_lambda075_energycal,0.14878242972630765,0.022136211395263672,0.14184619555494546,0.020120343193411827,0.03477816127997494,0.0012095205020159483,0.002015868201851845,0.9533800181639611,0.9089334590343149,layer4_1_conv2,32,0.75,,2,3,1,4,125,projection
20260823-184507,full_s43_fixed_epochs5_pat2_dirichlet_a01_lambda075_energycal,0.02902143258721008,0.000842243549413979,0.010077058769557801,0.0001015471134451218,0.021081217518665017,0.0004444177320692688,0.0007406964359688573,0.34722816453929367,0.12056739824932683,fc,32,0.75,,2,3,1,4,125,projection
20260823-184507,full_s43_fixed_epochs5_pat2_dirichlet_a01_lambda075_energycal,0.15051627174206023,0.022655148059129715,0.14355048348635388,0.020606741309165955,0.0350577444648414,0.0012290454469621181,0.0020484067499637604,0.9537206962736652,0.9095831665007248,layer4_1_conv2,32,0.75,,2,3,2,1,126,projection
20260823-184507,full_s43_fixed_epochs5_pat2_dirichlet_a01_lambda075_energycal,0.0292418240851492,0.0008550842758268118,0.010137035647094172,0.00010275949171045795,0.021246053594601085,0.0004513947933446616,0.0007523247841163538,0.3466622197567485,0.12017469460667617,fc,32,0.75,,2,3,2,1,126,projection
20260823-184507,full_s43_fixed_epochs5_pat2_dirichlet_a01_lambda075_energycal,0.1506543015435346,0.02269671857357025,0.14369756374566972,0.02064898982644081,0.03505194442884698,0.0012286388082429767,0.0020477287471294403,0.9538231718139519,0.9097786430892275,layer4_1_conv2,32,0.75,,2,3,2,2,127,projection
20260823-184507,full_s43_fixed_epochs5_pat2_dirichlet_a01_lambda075_energycal,0.02927046817553751,0.0008567603072151542,0.010157031736411666,0.0001031652936944738,0.02126398211419564,0.0004521569353528321,0.0007535950135206804,0.34700612492766003,0.12041325073731081,fc,32,0.75,,2,3,2,2,127,projection
20260823-184507,full_s43_fixed_epochs5_pat2_dirichlet_a01_lambda075_energycal,0.1496382197469269,0.02239159680902958,0.14286527067717467,0.020410485565662384,0.03447703720006281,0.0011886660940945148,0.001981111243367195,0.954737839829912,0.9115243428030869,layer4_1_conv2,32,0.75,,2,3,2,3,128,projection
20260823-184507,full_s43_fixed_epochs5_pat2_dirichlet_a01_lambda075_energycal,0.0290246334734414,0.0008424293482676148,0.010126308073566428,0.00010254211520077661,0.021069699142835182,0.0004439322219695896,0.0007398872330668382,0.34888668216369967,0.12172191699119439,fc,32,0.75,,2,3,2,3,128,projection
20260823-184507,full_s43_fixed_epochs5_pat2_dirichlet_a01_lambda075_energycal,0.14657764008900007,0.02148500457406044,0.14012270867365512,0.019634373486042023,0.03332235163478619,0.0011103791184723377,0.0018506310880184174,0.9559623731735236,0.9138640589235552,layer4_1_conv2,32,0.75,,2,3,2,4,129,projection
20260823-184507,full_s43_fixed_epochs5_pat2_dirichlet_a01_lambda075_energycal,0.02870756959948914,0.0008241245523095131,0.010058508219864537,0.00010117358760908246,0.02082715852568779,0.00043377053225412965,0.0007229509647004306,0.3503782577276598,0.12276492348827038,fc,32,0.75,,2,3,2,4,129,projection
20260823-184507,full_s43_fixed_epochs5_pat2_dirichlet_a01_lambda075_energycal,0.14242461183589492,0.02028477005660534,0.13632905462434458,0.018585611134767532,0.031929543877071635,0.0010194957721978426,0.0016991589218378067,0.9572015178207136,0.916234745718278,layer4_1_conv2,32,0.75,,2,3,3,1,130,projection
20260823-184507,full_s43_fixed_epochs5_pat2_dirichlet_a01_lambda075_energycal,0.02821838806969493,0.0007962774252519011,0.009986779814986833,9.973577107302845e-05,0.020443211429574858,0.00041792489355430007,0.0006965416541788727,0.35391035768312046,0.12525254127539429,fc,32,0.75,,2,3,3,1,130,projection
20260823-184507,full_s43_fixed_epochs5_pat2_dirichlet_a01_lambda075_energycal,0.13738145974550497,0.0188736654818058,0.13164354343744925,0.017330022528767586,0.030433296168986056,0.0009261855157092214,0.0015436429530382156,0.9582336923869855,0.9182118092255961,layer4_1_conv2,32,0.75,,2,3,3,2,131,projection
20260823-184507,full_s43_fixed_epochs5_pat2_dirichlet_a01_lambda075_energycal,0.027600587185040815,0.0007617924129590392,0.009839496758056938,9.681569645181298e-05,0.0199746320399287,0.0003989859251305461,0.0006649767165072262,0.35649592134002955,0.12708934193207652,fc,32,0.75,,2,3,3,2,131,projection
20260823-184507,full_s43_fixed_epochs5_pat2_dirichlet_a01_lambda075_energycal,0.13237826802458588,0.017524005845189095,0.12699939178148442,0.016128845512866974,0.02893260957316909,0.0008370958967134356,0.0013951603323221207,0.9593673771128168,0.9203857642683259,layer4_1_conv2,32,0.75,,2,3,3,3,132,projection
20260823-184507,full_s43_fixed_epochs5_pat2_dirichlet_a01_lambda075_energycal,0.02697879585514664,0.0007278554257936776,0.009683542324615728,9.377099195262417e-05,0.01950514210734098,0.0003804505686275661,0.0006340844338410534,0.3589315986009226,0.1288318924742138,fc,32,0.75,,2,3,3,3,132,projection
20260823-184507,full_s43_fixed_epochs5_pat2_dirichlet_a01_lambda075_energycal,0.12738413638374801,0.016226718202233315,0.1223352760970889,0.014965919777750969,0.02750417574355111,0.0007564796833321452,0.0012607984244823456,0.9603650781801488,0.9223010833879632,layer4_1_conv2,32,0.75,,2,3,3,4,133,projection
20260823-184507,full_s43_fixed_epochs5_pat2_dirichlet_a01_lambda075_energycal,0.026299242275970216,0.000691650144290179,0.009519469066230109,9.062029130291194e-05,0.018989940775955998,0.0003606178506743163,0.0006010298529872671,0.3619674272869872,0.13102041841676038,fc,32,0.75,,2,3,3,4,133,projection
20260823-184507,full_s43_fixed_epochs5_pat2_dirichlet_a01_lambda075_energycal,0.13396190699600652,0.0179457925260067,0.12850516952142793,0.016513578593730927,0.02931429821722995,0.0008593280799686909,0.001432213932275772,0.9592664989851089,0.9201922160751477,layer4_1_conv2,32,0.75,,3,3,1,1,134,projection
20260823-184507,full_s43_fixed_epochs5_pat2_dirichlet_a01_lambda075_energycal,0.027230160935817798,0.0007414816645905375,0.009691856085304021,9.393207437824458e-05,0.019711156118985856,0.00038852967554703355,0.000647549590212293,0.3559235697559034,0.1266815875077854,fc,32,0.75,,3,3,1,1,134,projection
20260823-184507,full_s43_fixed_epochs5_pat2_dirichlet_a01_lambda075_energycal,0.13980592503816652,0.019545696675777435,0.13403282095988395,0.017964797094464302,0.030798362296478397,0.0009485391201451421,0.0015808995813131332,0.9587062989161115,0.9191177675814284,layer4_1_conv2,32,0.75,,3,3,1,2,135,projection
20260823-184507,full_s43_fixed_epochs5_pat2_dirichlet_a01_lambda075_energycal,0.027917942665454065,0.0007794115226715803,0.009848157620514681,9.698620851850137e-05,0.020234996832586394,0.00040945509681478143,0.0006824253141530789,0.35275370175112825,0.12443517409912393,fc,32,0.75,,3,3,1,2,135,projection
20260823-184507,full_s43_fixed_epochs5_pat2_dirichlet_a01_lambda075_energycal,0.1436177199679165,0.020626049488782883,0.1376510034788893,0.018947798758745193,0.03173251099584831,0.001006952254101634,0.0016782507300376892,0.9584541761952485,0.9186344078661124,layer4_1_conv2,32,0.75,,3,3,1,3,136,projection
20260823-184507,full_s43_fixed_epochs5_pat2_dirichlet_a01_lambda075_energycal,0.028296213748942537,0.0008006757125258446,0.009982403859896778,9.96483868220821e-05,0.020508932894800925,0.00042061632848344743,0.0007010273257037625,0.35278231739643373,0.12445536346759814,fc,32,0.75,,3,3,1,3,136,projection
20260823-184507,full_s43_fixed_epochs5_pat2_dirichlet_a01_lambda075_energycal,0.14533547301870026,0.02112239971756935,0.13935664175778928,0.01942027360200882,0.03195740908301579,0.00102127599529922,0.0017021261155605316,0.9588618584525357,0.9194160635950505,layer4_1_conv2,32,0.75,,3,3,1,4,137,projection
20260823-184507,full_s43_fixed_epochs5_pat2_dirichlet_a01_lambda075_energycal,0.02849341182167608,0.0008118745172396302,0.010036400360142856,0.00010072933218907565,0.02065640499638277,0.00042668706737458706,0.0007111451850505546,0.3522358228967078,0.1240700749317209,fc,32,0.75,,3,3,1,4,137,projection
20260823-184507,full_s43_fixed_epochs5_pat2_dirichlet_a01_lambda075_energycal,0.1464475331070687,0.02144687995314598,0.1405378044852908,0.019750874489545822,0.03189990631989622,0.001017604023218155,0.0016960054636001587,0.959646103308157,0.9209206435945301,layer4_1_conv2,32,0.75,,3,3,2,1,138,projection
20260823-184507,full_s43_fixed_epochs5_pat2_dirichlet_a01_lambda075_energycal,0.028549086276430442,0.000815050327219069,0.01003523311167,0.00010070590360555798,0.020702815081642883,0.0004286065523047,0.000714344423613511,0.35150803127296193,0.12355789604939361,fc,32,0.75,,3,3,2,1,138,projection
20260823-184507,full_s43_fixed_epochs5_pat2_dirichlet_a01_lambda075_energycal,0.14469542071781918,0.020936764776706696,0.13893888851712619,0.01930401474237442,0.031299350930547476,0.000979649368673563,0.0016327500343322754,0.9602162102149783,0.9220151703596154,layer4_1_conv2,32,0.75,,3,3,2,2,139,projection
20260823-184507,full_s43_fixed_epochs5_pat2_dirichlet_a01_lambda075_energycal,0.028349988286360334,0.0008037218358367682,0.010015116255903279,0.0001003025536192581,0.02054389124453056,0.00042205146746709943,0.00070341928221751,0.35326703329615566,0.12479759681386714,fc,32,0.75,,3,3,2,2,139,projection
20260823-184507,full_s43_fixed_epochs5_pat2_dirichlet_a01_lambda075_energycal,0.14193519881141323,0.0201456006616354,0.13639606815803668,0.018603887408971786,0.030414272934993797,0.0009250279981642962,0.0015417132526636124,0.9609742283819513,0.9234714676142867,layer4_1_conv2,32,0.75,,3,3,2,3,140,projection
20260823-184507,full_s43_fixed_epochs5_pat2_dirichlet_a01_lambda075_energycal,0.027980146809906254,0.0007828886155039072,0.009928349670100872,9.857212717179209e-05,0.020263016931451484,0.0004105898551642895,0.0006843164883321151,0.3548355102477797,0.12590823933280218,fc,32,0.75,,3,3,2,3,140,projection
20260823-184507,full_s43_fixed_epochs5_pat2_dirichlet_a01_lambda075_energycal,0.1389442911182921,0.0193055160343647,0.1335474882280261,0.01783493161201477,0.029704371320081066,0.0008823496755212545,0.0014705844223499298,0.9611585129059289,0.923825686931537,layer4_1_conv2,32,0.75,,3,3,2,4,141,projection
20260823-184507,full_s43_fixed_epochs5_pat2_dirichlet_a01_lambda075_energycal,0.027602011729381853,0.0007618710515089333,0.009795997000590025,9.596155723556876e-05,0.01998863802258398,0.00039954564999789,0.0006659094942733645,0.3549015592281036,0.12595511674253917,fc,32,0.75,,3,3,2,4,141,projection
20260823-184507,full_s43_fixed_epochs5_pat2_dirichlet_a01_lambda075_energycal,0.13483631657238176,0.018180832266807556,0.12970125803300567,0.016822416335344315,0.028549072004389497,0.0008150495123118162,0.0013584159314632416,0.9619163540660832,0.9252830722197861,layer4_1_conv2,32,0.75,,3,3,3,1,142,projection
20260823-184507,full_s43_fixed_epochs5_pat2_dirichlet_a01_lambda075_energycal,0.027030741329864518,0.0007306609768420458,0.009649060886530373,9.31043759919703e-05,0.01955847333048569,0.00038253387901932,0.0006375566008500755,0.35696619522120726,0.12742486453070503,fc,32,0.75,,3,3,3,1,142,projection
20260823-184507,full_s43_fixed_epochs5_pat2_dirichlet_a01_lambda075_energycal,0.1301957569406582,0.016950935125350952,0.12532555386101094,0.015706494450569153,0.027325149152865418,0.0007466637762263417,0.0012444406747817993,0.9625932273517404,0.9265857213434392,layer4_1_conv2,32,0.75,,3,3,3,2,143,projection
20260823-184507,full_s43_fixed_epochs5_pat2_dirichlet_a01_lambda075_energycal,0.026454196966654683,0.0006998245371505618,0.009473354627855151,8.974444790510461e-05,0.019132381301267837,0.0003660480142571032,0.0006100800892454572,0.3581040331632914,0.1282384985678157,fc,32,0.75,,3,3,3,2,143,projection
20260823-184507,full_s43_fixed_epochs5_pat2_dirichlet_a01_lambda075_energycal,0.1254472331436762,0.015737008303403854,0.12081091675606534,0.014595277607440948,0.02617323257177788,0.0006850381032563746,0.0011417306959629059,0.9630417007101238,0.9274493173066476,layer4_1_conv2,32,0.75,,3,3,3,3,144,projection
20260823-184507,full_s43_fixed_epochs5_pat2_dirichlet_a01_lambda075_energycal,0.025833279721343198,0.0006673583411611617,0.009317283863941197,8.681177860125899e-05,0.01866354350184381,0.0003483278560452163,0.0005805465625599027,0.3606698012967881,0.13008270556746462,fc,32,0.75,,3,3,3,3,144,projection
20260823-184507,full_s43_fixed_epochs5_pat2_dirichlet_a01_lambda075_energycal,0.12056312126456412,0.014535466209053993,0.11617506499358424,0.013496645726263523,0.024965808442394793,0.0006232915911823511,0.0010388204827904701,0.9636036606803609,0.928532014876592,layer4_1_conv2,32,0.75,,3,3,3,4,145,projection
20260823-184507,full_s43_fixed_epochs5_pat2_dirichlet_a01_lambda075_energycal,0.02514951534892972,0.0006324981222860515,0.009148289082670697,8.369119314011186e-05,0.018146187308407738,0.0003292841138318181,0.0005488069291459396,0.3637560786259851,0.13231848473735383,fc,32,0.75,,3,3,3,4,145,projection
20260823-184507,full_s43_fixed_epochs5_pat2_dirichlet_a01_lambda075_energycal,0.12680633568387387,0.016079846769571304,0.12208746217422625,0.014905348420143127,0.026546174310894663,0.0007046993705444038,0.0011744983494281769,0.9627867686247816,0.9269583618389488,layer4_1_conv2,32,0.75,,4,3,1,1,146,projection
20260823-184507,full_s43_fixed_epochs5_pat2_dirichlet_a01_lambda075_energycal,0.02599388460141707,0.0006756820366717875,0.009314117517882367,8.67527851369232e-05,0.018797806303318697,0.00035335752181708813,0.0005889292515348643,0.35831956864864295,0.12839291327654956,fc,32,0.75,,4,3,1,1,146,projection
20260823-184507,full_s43_fixed_epochs5_pat2_dirichlet_a01_lambda075_energycal,0.132713603616721,0.017612900584936142,0.12766701908515282,0.016298867762088776,0.028078836853594018,0.0007884210790507495,0.0013140328228473663,0.9619738715999093,0.9253937296409187,layer4_1_conv2,32,0.75,,4,3,1,2,147,projection
20260823-184507,full_s43_fixed_epochs5_pat2_dirichlet_a01_lambda075_energycal,0.026609999291026035,0.0007080920622684062,0.00949531713057652,9.016104741021991e-05,0.019255090192475236,0.000370758498320356,0.0006179310148581862,0.3568326713100937,0.12732955531429735,fc,32,0.75,,4,3,1,2,147,projection
20260823-184507,full_s43_fixed_epochs5_pat2_dirichlet_a01_lambda075_energycal,0.13699903368261043,0.018768735229969025,0.13176205295464832,0.017361238598823547,0.029060246594293685,0.0008444979321211576,0.0014074966311454773,0.9617735936729688,0.9250084454866169,layer4_1_conv2,32,0.75,,4,3,1,3,148,projection
20260823-184507,full_s43_fixed_epochs5_pat2_dirichlet_a01_lambda075_energycal,0.027025180711349343,0.0007303603924810886,0.009599357287093825,9.214766032528132e-05,0.019568535858304235,0.0003829275956377387,0.0006382127321558073,0.35520048467474385,0.12616738431317293,fc,32,0.75,,4,3,1,3,148,projection
20260823-184507,full_s43_fixed_epochs5_pat2_dirichlet_a01_lambda075_energycal,0.1390253451356615,0.019328046590089798,0.1336635641416155,0.017865948379039764,0.029618547699650558,0.0008772583678364754,0.0014620982110500336,0.9614330682738895,0.9243535447705458,layer4_1_conv2,32,0.75,,4,3,1,4,149,projection
20260823-184507,full_s43_fixed_epochs5_pat2_dirichlet_a01_lambda075_energycal,0.02722883771860868,0.0007414096035063267,0.009668939639841036,9.348839375888929e-05,0.019716811100991015,0.0003887526399921626,0.0006479212097474374,0.35509924219913025,0.12609547181039654,fc,32,0.75,,4,3,1,4,149,projection
20260823-184507,full_s43_fixed_epochs5_pat2_dirichlet_a01_lambda075_energycal,0.1396790384230262,0.019510233774781227,0.13429135336184944,0.01803416758775711,0.029759689293653527,0.0008856391068547964,0.0014760661870241165,0.9614281060207485,0.9243440030466438,layer4_1_conv2,32,0.75,,4,3,2,1,150,projection
20260823-184507,full_s43_fixed_epochs5_pat2_dirichlet_a01_lambda075_energycal,0.027209724058869792,0.0007403690833598375,0.009676883240985108,9.364206925965846e-05,0.0196986327644877,0.00038803613279014826,0.0006467270141001791,0.3556406239199125,0.1264802533821447,fc,32,0.75,,4,3,2,1,150,projection
20260823-184507,full_s43_fixed_epochs5_pat2_dirichlet_a01_lambda075_energycal,0.13762058096867,0.01893942430615425,0.13229972359260064,0.017503216862678528,0.02935513921496871,0.0008617241983301938,0.0014362074434757233,0.9613367612706076,0.9241683685702613,layer4_1_conv2,32,0.75,,4,3,2,2,151,projection
20260823-184507,full_s43_fixed_epochs5_pat2_dirichlet_a01_lambda075_energycal,0.026966528565923208,0.0007271936628967524,0.00962109833246595,9.25655331229791e-05,0.019513503595381995,0.0003807768225669861,0.0006346281297737733,0.3567792683787947,0.12729144634490805,fc,32,0.75,,4,3,2,2,151,projection
20260823-184507,full_s43_fixed_epochs5_pat2_dirichlet_a01_lambda075_energycal,0.1353715323156392,0.018325451761484146,0.13015028295314013,0.01693909615278244,0.02884115787086781,0.0008318123873323202,0.001386355608701706,0.9614302263320404,0.9243480801048788,layer4_1_conv2,32,0.75,,4,3,2,3,152,projection
20260823-184507,full_s43_fixed_epochs5_pat2_dirichlet_a01_lambda075_energycal,0.02662938056871431,0.0007091239094734192,0.009514722195695416,9.052993846125901e-05,0.019265417685035254,0.0003711563185788691,0.0006185939710121602,0.35730167178104943,0.1276644846575328,fc,32,0.75,,4,3,2,3,152,projection
20260823-184507,full_s43_fixed_epochs5_pat2_dirichlet_a01_lambda075_energycal,0.1317785703387971,0.0173655916005373,0.12677486816302352,0.016071867197752,0.027860964200437214,0.0007762333261780441,0.0012937244027853012,0.9620294698682094,0.925500700894908,layer4_1_conv2,32,0.75,,4,3,2,4,153,projection
20260823-184507,full_s43_fixed_epochs5_pat2_dirichlet_a01_lambda075_energycal,0.026179591151680323,0.0006853709928691387,0.009376614727719822,8.792090375209227e-05,0.018933303673332062,0.00035846998798660934,0.0005974500891170464,0.35816505587857467,0.1282822072525025,fc,32,0.75,,4,3,2,4,153,projection
20260823-184507,full_s43_fixed_epochs5_pat2_dirichlet_a01_lambda075_energycal,0.12777947204297024,0.016327593475580215,0.1230113909283551,0.015131802298128605,0.02678572637073068,0.0007174751372076571,0.0011957911774516106,0.9626850773572478,0.9267625581663304,layer4_1_conv2,32,0.75,,4,3,3,1,154,projection
20260823-184507,full_s43_fixed_epochs5_pat2_dirichlet_a01_lambda075_energycal,0.025568745384423365,0.0006537607405334711,0.009219442239023287,8.499811519868672e-05,0.018473155872491827,0.00034125748788937926,0.0005687626253347844,0.360574682113258,0.13001410138107705,fc,32,0.75,,4,3,3,1,154,projection
20260823-184507,full_s43_fixed_epochs5_pat2_dirichlet_a01_lambda075_energycal,0.12341070503028567,0.015230202116072178,0.11888474988113938,0.014133583754301071,0.025650946868884295,0.0006579710752703249,0.0010966183617711067,0.9633260733091542,0.927997123517234,layer4_1_conv2,32,0.75,,4,3,3,2,155,projection
20260823-184507,full_s43_fixed_epochs5_pat2_dirichlet_a01_lambda075_energycal,0.02499057295876599,0.000624528736807406,0.00908894592902542,8.260893810074776e-05,0.01803196704656065,0.0003251518355682492,0.0005419197987066582,0.363694979863888,0.13227403837819388,fc,32,0.75,,4,3,3,2,155,projection
20260823-184507,full_s43_fixed_epochs5_pat2_dirichlet_a01_lambda075_energycal,0.11867310691605935,0.014083306305110455,0.11441186968576539,0.013090075924992561,0.0244118451065176,0.0005959381815046072,0.0009932303801178932,0.9640926462529708,0.9294746305590559,layer4_1_conv2,32,0.75,,4,3,3,3,156,projection
20260823-184507,full_s43_fixed_epochs5_pat2_dirichlet_a01_lambda075_energycal,0.024374715569560605,0.0005941267590969801,0.008929909314574744,7.974328036652878e-05,0.017567870009743605,0.0003086300566792488,0.0005143834787304513,0.3663595289590377,0.13421930445908797,fc,32,0.75,,4,3,3,3,156,projection
20260823-184507,full_s43_fixed_epochs5_pat2_dirichlet_a01_lambda075_energycal,0.11365738035646314,0.012918000109493732,0.10963565557579172,0.01201997697353363,0.023212367350000797,0.0005388139979913831,0.0008980231359601021,0.9646153662167991,0.9304828047415695,layer4_1_conv2,32,0.75,,4,3,3,4,157,projection
20260823-184507,full_s43_fixed_epochs5_pat2_dirichlet_a01_lambda075_energycal,0.02375753521200783,0.000564420479349792,0.008779876100327865,7.708622433710843e-05,0.017099721642413773,0.000292400480248034,0.00048733425501268357,0.3695617420737413,0.13657588120457848,fc,32,0.75,,4,3,3,4,157,projection
20260823-184507,full_s43_fixed_epochs5_pat2_dirichlet_a01_lambda075_energycal,0.12106183615961862,0.01465596817433834,0.11668745883441356,0.01361596304923296,0.024980054476108682,0.0006240031216293573,0.001040005125105381,0.9638665869941251,0.9290387975237034,layer4_1_conv2,32,0.75,,5,3,1,1,158,projection
20260823-184507,full_s43_fixed_epochs5_pat2_dirichlet_a01_lambda075_energycal,0.024664457868694402,0.0006083354819566011,0.00897604021863729,8.056929800659418e-05,0.017794932674199106,0.0003166596288792789,0.000527766183950007,0.3639261104550858,0.13244221387096738,fc,32,0.75,,5,3,1,1,158,projection
20260823-184507,full_s43_fixed_epochs5_pat2_dirichlet_a01_lambda075_energycal,0.12647823130322947,0.015996742993593216,0.12190258710365504,0.014860240742564201,0.02611325985294912,0.0006819023401476443,0.0011365022510290146,0.9638226740489089,0.928954147010789,layer4_1_conv2,32,0.75,,5,3,1,2,159,projection
20260823-184507,full_s43_fixed_epochs5_pat2_dirichlet_a01_lambda075_energycal,0.025352045239758928,0.0006427261978387833,0.00915276811017264,8.377316407859325e-05,0.018313158166969812,0.0003353717620484531,0.00055895303376019,0.3610268135613217,0.1303403601102414,fc,32,0.75,,5,3,1,2,159,projection
20260823-184507,full_s43_fixed_epochs5_pat2_dirichlet_a01_lambda075_energycal,0.1316488563386506,0.017331421375274658,0.12684946963695942,0.016090787947177887,0.027283314350547844,0.00074437924195081,0.0012406334280967712,0.9635440304217658,0.9284170985614207,layer4_1_conv2,32,0.75,,5,3,1,3,160,projection
20260823-184507,full_s43_fixed_epochs5_pat2_dirichlet_a01_lambda075_energycal,0.025774979867471178,0.0006643495871685445,0.009287262620975236,8.625324699096382e-05,0.018624116224764193,0.0003468577051535249,0.0005780963401775807,0.36032084869622144,0.1298311140051653,fc,32,0.75,,5,3,1,3,160,projection
20260823-184507,full_s43_fixed_epochs5_pat2_dirichlet_a01_lambda075_energycal,0.13397389195751527,0.017949003726243973,0.1290855894148119,0.016663089394569397,0.02777678670352792,0.0007715498795732856,0.0012859143316745758,0.9635130212963171,0.9283573422075573,layer4_1_conv2,32,0.75,,5,3,1,4,161,projection
20260823-184507,full_s43_fixed_epochs5_pat2_dirichlet_a01_lambda075_energycal,0.025899640360325025,0.0006707913707941771,0.009318960326305413,8.68430215632543e-05,0.018718144586977032,0.0003503689367789775,0.0005839483492309228,0.3598104142241636,0.12946353418416418,fc,32,0.75,,5,3,1,4,161,projection
20260823-184507,full_s43_fixed_epochs5_pat2_dirichlet_a01_lambda075_energycal,0.13443208274895524,0.018071984872221947,0.1295966746665078,0.01679529808461666,0.027676917636964827,0.0007660117698833346,0.0012766867876052856,0.9640308475211433,0.929355474972334,layer4_1_conv2,32,0.75,,5,3,2,1,162,projection
20260823-184507,full_s43_fixed_epochs5_pat2_dirichlet_a01_lambda075_energycal,0.025842226773476727,0.0006678206846117973,0.009343887010512935,8.730822446523234e-05,0.01866299614628465,0.0003483074251562357,0.000580512460146565,0.3615743756301632,0.13073602911234236,fc,32,0.75,,5,3,2,1,162,projection
20260823-184507,full_s43_fixed_epochs5_pat2_dirichlet_a01_lambda075_energycal,0.13321024576434506,0.017744969576597214,0.128499009122071,0.01651199534535408,0.02719900979145728,0.0007397861336357892,0.0012329742312431335,0.9646330759676814,0.9305169712508704,layer4_1_conv2,32,0.75,,5,3,2,2,163,projection
20260823-184507,full_s43_fixed_epochs5_pat2_dirichlet_a01_lambda075_energycal,0.02563088364953535,0.0006569421966560185,0.009279681369258313,8.611248631495982e-05,0.01850669545672926,0.0003424977767281234,0.0005708297103410587,0.362050778121594,0.13108076593845164,fc,32,0.75,,5,3,2,2,163,projection
20260823-184507,full_s43_fixed_epochs5_pat2_dirichlet_a01_lambda075_energycal,0.13102293468413206,0.01716700941324234,0.12646108791120614,0.015992406755685806,0.026547333124854355,0.0007047608960419893,0.0011746026575565338,0.9651828377686429,0.9315779103231303,layer4_1_conv2,32,0.75,,5,3,2,3,164,projection
20260823-184507,full_s43_fixed_epochs5_pat2_dirichlet_a01_lambda075_energycal,0.025254495597993067,0.0006377895479090512,0.009134270099859903,8.343489025719464e-05,0.018237673067613498,0.00033261271892115474,0.0005543546576518565,0.361688874933847,0.13081884225091198,fc,32,0.75,,5,3,2,3,164,projection
20260823-184507,full_s43_fixed_epochs5_pat2_dirichlet_a01_lambda075_energycal,0.12649283964544905,0.01600043848156929,0.1221573976780946,0.01492242980748415,0.02543236437858178,0.0006468051578849554,0.0010780086740851402,0.9657257914400024,0.9326263042524188,layer4_1_conv2,32,0.75,,5,3,2,4,165,projection
20260823-184507,full_s43_fixed_epochs5_pat2_dirichlet_a01_lambda075_energycal,0.024764604500449126,0.0006132856360636652,0.0089793176774061,8.06281459517777e-05,0.017877205014837635,0.0003195944591425359,0.0005326574901118875,0.36258675874445134,0.13146915761680694,fc,32,0.75,,5,3,2,4,165,projection
20260823-184507,full_s43_fixed_epochs5_pat2_dirichlet_a01_lambda075_energycal,0.12200388054411876,0.0148849468678236,0.11789235489816668,0.013898607343435287,0.02432702523966321,0.0005918041570112109,0.0009863395243883133,0.9663000420346034,0.9337357712360762,layer4_1_conv2,32,0.75,,5,3,3,1,166,projection
20260823-184507,full_s43_fixed_epochs5_pat2_dirichlet_a01_lambda075_energycal,0.02420261127977679,0.0005857663927599788,0.008840269353476354,7.815036224201322e-05,0.01745192188744313,0.0003045695775654167,0.0005076160305179656,0.36526097334228985,0.13341557864695694,fc,32,0.75,,5,3,3,1,166,projection
20260823-184507,full_s43_fixed_epochs5_pat2_dirichlet_a01_lambda075_energycal,0.11735525839255076,0.013772256672382355,0.11345136136101508,0.012871211394667625,0.023251390638601332,0.0005406271666288376,0.0009010452777147293,0.9667343663589643,0.9345753350994681,layer4_1_conv2,32,0.75,,5,3,3,2,167,projection
20260823-184507,full_s43_fixed_epochs5_pat2_dirichlet_a01_lambda075_energycal,0.023581177433876284,0.0005560719291679561,0.008646176082271301,7.47563608456403e-05,0.016993801989807725,0.00028878930606879294,0.0004813155683223158,0.36665582566926297,0.13443649449720896,fc,32,0.75,,5,3,3,2,167,projection
20260823-184507,full_s43_fixed_epochs5_pat2_dirichlet_a01_lambda075_energycal,0.11252210138368973,0.01266122329980135,0.10887647161463684,0.011854086071252823,0.0220064221654927,0.00048428261652588844,0.0008071372285485268,0.9676007671006638,0.936251244493793,layer4_1_conv2,32,0.75,,5,3,3,3,168,projection
20260823-184507,full_s43_fixed_epochs5_pat2_dirichlet_a01_lambda075_energycal,0.02292279614515102,0.0005254545831121504,0.008475449967411744,7.183325215009972e-05,0.016497659382707155,0.0002721727651078254,0.0004536213309620507,0.3697389233732117,0.13670687145718166,fc,32,0.75,,5,3,3,3,168,projection
20260823-184507,full_s43_fixed_epochs5_pat2_dirichlet_a01_lambda075_energycal,0.1076175684498104,0.011581541039049625,0.10418818718415286,0.010855178348720074,0.020876245770750913,0.0004358176374807954,0.0007263626903295517,0.9681336298983851,0.9372827253402233,layer4_1_conv2,32,0.75,,5,3,3,4,169,projection
20260823-184507,full_s43_fixed_epochs5_pat2_dirichlet_a01_lambda075_energycal,0.022290794311714303,0.0004968795110471547,0.008290420668561787,6.873107486171648e-05,0.01602775823571793,0.000256889034062624,0.0004281484361854382,0.3719212762285904,0.1383254357115035,fc,32,0.75,,5,3,3,4,169,projection
20260823-184507,full_s43_fixed_epochs5_pat2_dirichlet_a01_lambda075_energycal,0.11584098817925373,0.013419134542346,0.11203064446837621,0.012550865299999714,0.022824579237105732,0.0005209614173509181,0.0008682692423462868,0.967107120106906,0.9352961817614736,layer4_1_conv2,32,0.75,,6,3,1,1,170,projection
20260823-184507,full_s43_fixed_epochs5_pat2_dirichlet_a01_lambda075_energycal,0.02327902433218403,0.0005419129738584161,0.008525930314662485,7.269148773048073e-05,0.01677894061080781,0.0002815328480210155,0.00046922148612793535,0.366249469608359,0.1341386739884043,fc,32,0.75,,6,3,1,1,170,projection
20260823-184507,full_s43_fixed_epochs5_pat2_dirichlet_a01_lambda075_energycal,0.12259011034360215,0.015028335154056549,0.1184388229263521,0.01402775477617979,0.024502016423197995,0.0006003488088026643,0.0010005803778767586,0.9661368490034425,0.9334204110023009,layer4_1_conv2,32,0.75,,6,3,1,2,171,projection
20260823-184507,full_s43_fixed_epochs5_pat2_dirichlet_a01_lambda075_energycal,0.023961376453890154,0.0005741475615650415,0.008738546018587041,7.636218651896343e-05,0.017282106108870002,0.00029867119155824184,0.0004977853750460781,0.3646929897955979,0.13300097680605205,fc,32,0.75,,6,3,1,2,171,projection
20260823-184507,full_s43_fixed_epochs5_pat2_dirichlet_a01_lambda075_energycal,0.12687771831851377,0.016097955405712128,0.12256115458575294,0.01502123661339283,0.025417162708453997,0.0006460321601480246,0.0010767187923192978,0.9659785517113058,0.9331145623662717,layer4_1_conv2,32,0.75,,6,3,1,3,172,projection
20260823-184507,full_s43_fixed_epochs5_pat2_dirichlet_a01_lambda075_energycal,0.024344110410015413,0.0005926357116550207,0.008860678760087889,7.851162808947265e-05,0.017563437909085603,0.0003084743511863053,0.0005141240835655481,0.3639762805398104,0.1324787327955948,fc,32,0.75,,6,3,1,3,172,projection
20260823-184507,full_s43_fixed_epochs5_pat2_dirichlet_a01_lambda075_energycal,0.12925921868498655,0.016707945615053177,0.12483969482500842,0.015584949404001236,0.025957605294237168,0.0006737972726114094,0.001122996211051941,0.9658088304653241,0.9327866970047971,layer4_1_conv2,32,0.75,,6,3,1,4,173,projection
20260823-184507,full_s43_fixed_epochs5_pat2_dirichlet_a01_lambda075_energycal,0.024541756948529395,0.0006022978341206908,0.008925094265684793,7.965730765135959e-05,0.017708309549895378,0.00031358422711491585,0.0005226405264693312,0.36366973580592027,0.13225567674114788,fc,32,0.75,,6,3,1,4,173,projection
20260823-184507,full_s43_fixed_epochs5_pat2_dirichlet_a01_lambda075_energycal,0.1292154764685614,0.016696639358997345,0.12480502270338625,0.01557629369199276,0.025926970436494223,0.0006722077960148454,0.0011203456670045853,0.9658674495833459,0.9328999301646375,layer4_1_conv2,32,0.75,,6,3,2,1,174,projection
20260823-184507,full_s43_fixed_epochs5_pat2_dirichlet_a01_lambda075_energycal,0.02439790548707388,0.0005952577921561897,0.008888873294978176,7.901206845417619e-05,0.017599641525733224,0.0003097473818343133,0.0005162457237020135,0.364329360144769,0.13273588266349684,fc,32,0.75,,6,3,2,1,174,projection
20260823-184507,full_s43_fixed_epochs5_pat2_dirichlet_a01_lambda075_energycal,0.12749830707660298,0.01625581830739975,0.12314848640134547,0.015165549702942371,0.02557657995258943,0.0006541614420711994,0.0010902686044573784,0.9658833064140682,0.9329305616093727,layer4_1_conv2,32,0.75,,6,3,2,2,175,projection
20260823-184507,full_s43_fixed_epochs5_pat2_dirichlet_a01_lambda075_energycal,0.024235309430940512,0.0005873502232134342,0.008820951909487102,7.780919258948416e-05,0.01748498107168241,0.00030572456307709217,0.0005095410306239501,0.36397108667511585,0.13247495193546469,fc,32,0.75,,6,3,2,2,175,projection
20260823-184507,full_s43_fixed_epochs5_pat2_dirichlet_a01_lambda075_energycal,0.12408467530601304,0.015397006645798683,0.11990159931936666,0.014376393519341946,0.024746060830525673,0.000612367526628077,0.0010206131264567375,0.9662885366276679,0.9337135360180397,layer4_1_conv2,32,0.75,,6,3,2,3,176,projection
20260823-184507,full_s43_fixed_epochs5_pat2_dirichlet_a01_lambda075_energycal,0.02384980946504461,0.0005688134115189314,0.008711072319050193,7.58827809477225e-05,0.01719762499832896,0.0002957583055831492,0.0004929306305712089,0.3652470403093805,0.1334054004547622,fc,32,0.75,,6,3,2,3,176,projection
20260823-184507,full_s43_fixed_epochs5_pat2_dirichlet_a01_lambda075_energycal,0.11958638038710247,0.014300902374088764,0.11557219175730567,0.013356931507587433,0.02379880145380203,0.0005663829506374896,0.0009439708665013313,0.9664327273992003,0.933992216588257,layer4_1_conv2,32,0.75,,6,3,2,4,177,projection
20260823-184507,full_s43_fixed_epochs5_pat2_dirichlet_a01_lambda075_energycal,0.023340506324780467,0.000544779235497117,0.008543092668111648,7.298443233594298e-05,0.016824887379432163,0.0002830768353305757,0.00047179480316117406,0.36602002326922534,0.13397065743400424,fc,32,0.75,,6,3,2,4,177,projection
20260823-184507,full_s43_fixed_epochs5_pat2_dirichlet_a01_lambda075_energycal,0.11509703679535471,0.013247327879071236,0.11129670787350479,0.012386957183480263,0.02272053418096264,0.0005162226734682918,0.0008603706955909729,0.9669815224817039,0.935053264821034,layer4_1_conv2,32,0.75,,6,3,3,1,178,projection
20260823-184507,full_s43_fixed_epochs5_pat2_dirichlet_a01_lambda075_energycal,0.02279933724430921,0.0005198097787797451,0.0083679973423421,7.002337952144444e-05,0.0164277757554672,0.00026987181627191603,0.00044978639925830066,0.3670280961535748,0.13470962336611772,fc,32,0.75,,6,3,3,1,178,projection
20260823-184507,full_s43_fixed_epochs5_pat2_dirichlet_a01_lambda075_energycal,0.11040849398635887,0.012190035544335842,0.10680919535688287,0.011408204212784767,0.02165868876295712,0.000469098798930645,0.000781831331551075,0.9674001655169692,0.9358630802422593,layer4_1_conv2,32,0.75,,6,3,3,2,179,projection
20260823-184507,full_s43_fixed_epochs5_pat2_dirichlet_a01_lambda075_energycal,0.022194796452973304,0.0004926089895889163,0.008188773928476376,6.70560184516944e-05,0.015979103426117032,0.00025533174630254507,0.0004255529711372219,0.368950170181866,0.13612422807722785,fc,32,0.75,,6,3,3,2,179,projection
20260823-184507,full_s43_fixed_epochs5_pat2_dirichlet_a01_lambda075_energycal,0.10525272020445775,0.01107813511043787,0.10186592955375397,0.010376667603850365,0.020515361032436546,0.0004208800382912159,0.0007014675065875053,0.967822298139898,0.9366800007767933,layer4_1_conv2,32,0.75,,6,3,3,3,180,projection
20260823-184507,full_s43_fixed_epochs5_pat2_dirichlet_a01_lambda075_energycal,0.02157141518244032,0.00046532595297321677,0.008022321047117567,6.435763498302549e-05,0.015510671664916284,0.0002405809354968369,0.0004009683179901913,0.3718959085098849,0.13830656676639264,fc,32,0.75,,6,3,3,3,180,projection
20260823-184507,full_s43_fixed_epochs5_pat2_dirichlet_a01_lambda075_energycal,0.10067512669004715,0.010135481134057045,0.09745307768355276,0.009497102349996567,0.019571065552722276,0.0003830266068689525,0.0006383787840604782,0.9679955803143486,0.9370154435081123,layer4_1_conv2,32,0.75,,6,3,3,4,181,projection
20260823-184507,full_s43_fixed_epochs5_pat2_dirichlet_a01_lambda075_energycal,0.02100805424307861,0.0004413383430801332,0.007891540123141314,6.227640551514924e-05,0.015081018592708774,0.00022743712179362774,0.00037906193756498396,0.3756435523171447,0.14110807839744346,fc,32,0.75,,6,3,3,4,181,projection
