run_id,tag,raw_update_norm,raw_update_energy,projected_update_norm,projected_update_energy,removed_displacement_norm,removed_displacement_energy,removed_energy,retained_norm_fraction,retained_energy_fraction,layer,basis_rank,projection_lambda,shrinkage_factor,round,client,epoch,batch,local_optimizer_step,update_control
20260823-165812,full_s42_fixed_epochs5_pat2_dirichlet_a01_normmatched_lambda075,0.1535530268022066,0.02357853204011917,0.1535530268022066,0.02357853204011917,0.0,0.0,0.0,1.0,1.0,layer4_1_conv2,,0.0,1.0,0,0,1,1,1,shrinkage
20260823-165812,full_s42_fixed_epochs5_pat2_dirichlet_a01_normmatched_lambda075,0.02262729992310574,0.0005119947018101811,0.02262729992310574,0.0005119947018101811,0.0,0.0,0.0,1.0,1.0,fc,,0.0,1.0,0,0,1,1,1,shrinkage
20260823-165812,full_s42_fixed_epochs5_pat2_dirichlet_a01_normmatched_lambda075,0.12620020391879255,0.01592649146914482,0.12620020391879255,0.01592649146914482,0.0,0.0,0.0,1.0,1.0,layer4_1_conv2,,0.0,1.0,0,0,1,2,2,shrinkage
20260823-165812,full_s42_fixed_epochs5_pat2_dirichlet_a01_normmatched_lambda075,0.02181078039577031,0.00047571014147251844,0.02181078039577031,0.00047571014147251844,0.0,0.0,0.0,1.0,1.0,fc,,0.0,1.0,0,0,1,2,2,shrinkage
20260823-165812,full_s42_fixed_epochs5_pat2_dirichlet_a01_normmatched_lambda075,0.11537360815508488,0.013311069458723068,0.11537360815508488,0.013311069458723068,0.0,0.0,0.0,1.0,1.0,layer4_1_conv2,,0.0,1.0,0,0,1,3,3,shrinkage
20260823-165812,full_s42_fixed_epochs5_pat2_dirichlet_a01_normmatched_lambda075,0.02133076382912746,0.0004550014855340123,0.02133076382912746,0.0004550014855340123,0.0,0.0,0.0,1.0,1.0,fc,,0.0,1.0,0,0,1,3,3,shrinkage
20260823-165812,full_s42_fixed_epochs5_pat2_dirichlet_a01_normmatched_lambda075,0.10927854695821057,0.011941800825297832,0.10927854695821057,0.011941800825297832,0.0,0.0,0.0,1.0,1.0,layer4_1_conv2,,0.0,1.0,0,0,1,4,4,shrinkage
20260823-165812,full_s42_fixed_epochs5_pat2_dirichlet_a01_normmatched_lambda075,0.021037046558749235,0.00044255732791498303,0.021037046558749235,0.00044255732791498303,0.0,0.0,0.0,1.0,1.0,fc,,0.0,1.0,0,0,1,4,4,shrinkage
20260823-165812,full_s42_fixed_epochs5_pat2_dirichlet_a01_normmatched_lambda075,0.10578031790250833,0.011189475655555725,0.10578031790250833,0.011189475655555725,0.0,0.0,0.0,1.0,1.0,layer4_1_conv2,,0.0,1.0,0,0,1,5,5,shrinkage
20260823-165812,full_s42_fixed_epochs5_pat2_dirichlet_a01_normmatched_lambda075,0.02086957736377229,0.0004355392593424767,0.02086957736377229,0.0004355392593424767,0.0,0.0,0.0,1.0,1.0,fc,,0.0,1.0,0,0,1,5,5,shrinkage
20260823-165812,full_s42_fixed_epochs5_pat2_dirichlet_a01_normmatched_lambda075,0.10363466687489903,0.010740144178271294,0.10363466687489903,0.010740144178271294,0.0,0.0,0.0,1.0,1.0,layer4_1_conv2,,0.0,1.0,0,0,1,6,6,shrinkage
20260823-165812,full_s42_fixed_epochs5_pat2_dirichlet_a01_normmatched_lambda075,0.02077595780952111,0.0004316404229030013,0.02077595780952111,0.0004316404229030013,0.0,0.0,0.0,1.0,1.0,fc,,0.0,1.0,0,0,1,6,6,shrinkage
20260823-165812,full_s42_fixed_epochs5_pat2_dirichlet_a01_normmatched_lambda075,0.1019697734788414,0.010397834703326225,0.1019697734788414,0.010397834703326225,0.0,0.0,0.0,1.0,1.0,layer4_1_conv2,,0.0,1.0,0,0,1,7,7,shrinkage
20260823-165812,full_s42_fixed_epochs5_pat2_dirichlet_a01_normmatched_lambda075,0.020678019652808823,0.00042758049676194787,0.020678019652808823,0.00042758049676194787,0.0,0.0,0.0,1.0,1.0,fc,,0.0,1.0,0,0,1,7,7,shrinkage
20260823-165812,full_s42_fixed_epochs5_pat2_dirichlet_a01_normmatched_lambda075,0.10061623292990433,0.010123626329004765,0.10061623292990433,0.010123626329004765,0.0,0.0,0.0,1.0,1.0,layer4_1_conv2,,0.0,1.0,0,0,1,8,8,shrinkage
20260823-165812,full_s42_fixed_epochs5_pat2_dirichlet_a01_normmatched_lambda075,0.02044536101716669,0.0004180127871222794,0.02044536101716669,0.0004180127871222794,0.0,0.0,0.0,1.0,1.0,fc,,0.0,1.0,0,0,1,8,8,shrinkage
20260823-165812,full_s42_fixed_epochs5_pat2_dirichlet_a01_normmatched_lambda075,0.10007729672186717,0.010015465319156647,0.10007729672186717,0.010015465319156647,0.0,0.0,0.0,1.0,1.0,layer4_1_conv2,,0.0,1.0,0,0,1,9,9,shrinkage
20260823-165812,full_s42_fixed_epochs5_pat2_dirichlet_a01_normmatched_lambda075,0.0202631009549983,0.0004105932603124529,0.0202631009549983,0.0004105932603124529,0.0,0.0,0.0,1.0,1.0,fc,,0.0,1.0,0,0,1,9,9,shrinkage
20260823-165812,full_s42_fixed_epochs5_pat2_dirichlet_a01_normmatched_lambda075,0.09944637837566621,0.009889582172036171,0.09944637837566621,0.009889582172036171,0.0,0.0,0.0,1.0,1.0,layer4_1_conv2,,0.0,1.0,0,0,1,10,10,shrinkage
20260823-165812,full_s42_fixed_epochs5_pat2_dirichlet_a01_normmatched_lambda075,0.020064813005856576,0.0004025967209599912,0.020064813005856576,0.0004025967209599912,0.0,0.0,0.0,1.0,1.0,fc,,0.0,1.0,0,0,1,10,10,shrinkage
20260823-165812,full_s42_fixed_epochs5_pat2_dirichlet_a01_normmatched_lambda075,0.09921998225971264,0.009844604879617691,0.09921998225971264,0.009844604879617691,0.0,0.0,0.0,1.0,1.0,layer4_1_conv2,,0.0,1.0,0,0,1,11,11,shrinkage
20260823-165812,full_s42_fixed_epochs5_pat2_dirichlet_a01_normmatched_lambda075,0.019800319823679382,0.0003920526651199907,0.019800319823679382,0.0003920526651199907,0.0,0.0,0.0,1.0,1.0,fc,,0.0,1.0,0,0,1,11,11,shrinkage
20260823-165812,full_s42_fixed_epochs5_pat2_dirichlet_a01_normmatched_lambda075,0.09879804688759686,0.009761054068803787,0.09879804688759686,0.009761054068803787,0.0,0.0,0.0,1.0,1.0,layer4_1_conv2,,0.0,1.0,0,0,1,12,12,shrinkage
20260823-165812,full_s42_fixed_epochs5_pat2_dirichlet_a01_normmatched_lambda075,0.019530007203616136,0.00038142118137329817,0.019530007203616136,0.00038142118137329817,0.0,0.0,0.0,1.0,1.0,fc,,0.0,1.0,0,0,1,12,12,shrinkage
20260823-165812,full_s42_fixed_epochs5_pat2_dirichlet_a01_normmatched_lambda075,0.09844735149254548,0.009691881015896797,0.09844735149254548,0.009691881015896797,0.0,0.0,0.0,1.0,1.0,layer4_1_conv2,,0.0,1.0,0,0,1,13,13,shrinkage
20260823-165812,full_s42_fixed_epochs5_pat2_dirichlet_a01_normmatched_lambda075,0.019227516029427814,0.0003696973726619035,0.019227516029427814,0.0003696973726619035,0.0,0.0,0.0,1.0,1.0,fc,,0.0,1.0,0,0,1,13,13,shrinkage
20260823-165812,full_s42_fixed_epochs5_pat2_dirichlet_a01_normmatched_lambda075,0.0979292962454857,0.0095901470631361,0.0979292962454857,0.0095901470631361,0.0,0.0,0.0,1.0,1.0,layer4_1_conv2,,0.0,1.0,0,0,1,14,14,shrinkage
20260823-165812,full_s42_fixed_epochs5_pat2_dirichlet_a01_normmatched_lambda075,0.01894918066162303,0.0003590714477468282,0.01894918066162303,0.0003590714477468282,0.0,0.0,0.0,1.0,1.0,fc,,0.0,1.0,0,0,1,14,14,shrinkage
20260823-165812,full_s42_fixed_epochs5_pat2_dirichlet_a01_normmatched_lambda075,0.09721960200693895,0.009451651014387608,0.09721960200693895,0.009451651014387608,0.0,0.0,0.0,1.0,1.0,layer4_1_conv2,,0.0,1.0,0,0,1,15,15,shrinkage
20260823-165812,full_s42_fixed_epochs5_pat2_dirichlet_a01_normmatched_lambda075,0.01864428595807738,0.0003476093988865614,0.01864428595807738,0.0003476093988865614,0.0,0.0,0.0,1.0,1.0,fc,,0.0,1.0,0,0,1,15,15,shrinkage
20260823-165812,full_s42_fixed_epochs5_pat2_dirichlet_a01_normmatched_lambda075,0.09654085228367539,0.009320136159658432,0.09654085228367539,0.009320136159658432,0.0,0.0,0.0,1.0,1.0,layer4_1_conv2,,0.0,1.0,0,0,1,16,16,shrinkage
20260823-165812,full_s42_fixed_epochs5_pat2_dirichlet_a01_normmatched_lambda075,0.01830551316689291,0.00033509181230328977,0.01830551316689291,0.00033509181230328977,0.0,0.0,0.0,1.0,1.0,fc,,0.0,1.0,0,0,1,16,16,shrinkage
20260823-165812,full_s42_fixed_epochs5_pat2_dirichlet_a01_normmatched_lambda075,0.09551857651665614,0.009123798459768295,0.09551857651665614,0.009123798459768295,0.0,0.0,0.0,1.0,1.0,layer4_1_conv2,,0.0,1.0,0,0,1,17,17,shrinkage
20260823-165812,full_s42_fixed_epochs5_pat2_dirichlet_a01_normmatched_lambda075,0.01797446167912228,0.00032308127265423536,0.01797446167912228,0.00032308127265423536,0.0,0.0,0.0,1.0,1.0,fc,,0.0,1.0,0,0,1,17,17,shrinkage
20260823-165812,full_s42_fixed_epochs5_pat2_dirichlet_a01_normmatched_lambda075,0.09457789385572139,0.008944978006184101,0.09457789385572139,0.008944978006184101,0.0,0.0,0.0,1.0,1.0,layer4_1_conv2,,0.0,1.0,0,0,1,18,18,shrinkage
20260823-165812,full_s42_fixed_epochs5_pat2_dirichlet_a01_normmatched_lambda075,0.017622358906941495,0.00031054753344506025,0.017622358906941495,0.00031054753344506025,0.0,0.0,0.0,1.0,1.0,fc,,0.0,1.0,0,0,1,18,18,shrinkage
20260823-165812,full_s42_fixed_epochs5_pat2_dirichlet_a01_normmatched_lambda075,0.09353738756240598,0.00874924287199974,0.09353738756240598,0.00874924287199974,0.0,0.0,0.0,1.0,1.0,layer4_1_conv2,,0.0,1.0,0,0,1,19,19,shrinkage
20260823-165812,full_s42_fixed_epochs5_pat2_dirichlet_a01_normmatched_lambda075,0.017315929876188477,0.00029984142747707665,0.017315929876188477,0.00029984142747707665,0.0,0.0,0.0,1.0,1.0,fc,,0.0,1.0,0,0,1,19,19,shrinkage
20260823-165812,full_s42_fixed_epochs5_pat2_dirichlet_a01_normmatched_lambda075,0.09296520891578285,0.00864253006875515,0.09296520891578285,0.00864253006875515,0.0,0.0,0.0,1.0,1.0,layer4_1_conv2,,0.0,1.0,0,0,2,1,20,shrinkage
20260823-165812,full_s42_fixed_epochs5_pat2_dirichlet_a01_normmatched_lambda075,0.016981943991892696,0.0002883864217437804,0.016981943991892696,0.0002883864217437804,0.0,0.0,0.0,1.0,1.0,fc,,0.0,1.0,0,0,2,1,20,shrinkage
20260823-165812,full_s42_fixed_epochs5_pat2_dirichlet_a01_normmatched_lambda075,0.09187510383366537,0.008441034704446793,0.09187510383366537,0.008441034704446793,0.0,0.0,0.0,1.0,1.0,layer4_1_conv2,,0.0,1.0,0,0,2,2,21,shrinkage
20260823-165812,full_s42_fixed_epochs5_pat2_dirichlet_a01_normmatched_lambda075,0.01665007728690148,0.00027722507365979254,0.01665007728690148,0.00027722507365979254,0.0,0.0,0.0,1.0,1.0,fc,,0.0,1.0,0,0,2,2,21,shrinkage
20260823-165812,full_s42_fixed_epochs5_pat2_dirichlet_a01_normmatched_lambda075,0.09094988900768204,0.008271882310509682,0.09094988900768204,0.008271882310509682,0.0,0.0,0.0,1.0,1.0,layer4_1_conv2,,0.0,1.0,0,0,2,3,22,shrinkage
20260823-165812,full_s42_fixed_epochs5_pat2_dirichlet_a01_normmatched_lambda075,0.016337646978776724,0.0002669187088031322,0.016337646978776724,0.0002669187088031322,0.0,0.0,0.0,1.0,1.0,fc,,0.0,1.0,0,0,2,3,22,shrinkage
20260823-165812,full_s42_fixed_epochs5_pat2_dirichlet_a01_normmatched_lambda075,0.08952303324437601,0.008014373481273651,0.08952303324437601,0.008014373481273651,0.0,0.0,0.0,1.0,1.0,layer4_1_conv2,,0.0,1.0,0,0,2,4,23,shrinkage
20260823-165812,full_s42_fixed_epochs5_pat2_dirichlet_a01_normmatched_lambda075,0.015907487936610808,0.0002530481724534184,0.015907487936610808,0.0002530481724534184,0.0,0.0,0.0,1.0,1.0,fc,,0.0,1.0,0,0,2,4,23,shrinkage
20260823-165812,full_s42_fixed_epochs5_pat2_dirichlet_a01_normmatched_lambda075,0.08854279681026779,0.007839826866984367,0.08854279681026779,0.007839826866984367,0.0,0.0,0.0,1.0,1.0,layer4_1_conv2,,0.0,1.0,0,0,2,5,24,shrinkage
20260823-165812,full_s42_fixed_epochs5_pat2_dirichlet_a01_normmatched_lambda075,0.015572030184230375,0.0002424881240585819,0.015572030184230375,0.0002424881240585819,0.0,0.0,0.0,1.0,1.0,fc,,0.0,1.0,0,0,2,5,24,shrinkage
20260823-165812,full_s42_fixed_epochs5_pat2_dirichlet_a01_normmatched_lambda075,0.0874966320598792,0.00765566062182188,0.0874966320598792,0.00765566062182188,0.0,0.0,0.0,1.0,1.0,layer4_1_conv2,,0.0,1.0,0,0,2,6,25,shrinkage
20260823-165812,full_s42_fixed_epochs5_pat2_dirichlet_a01_normmatched_lambda075,0.015212588462156324,0.00023142284771893173,0.015212588462156324,0.00023142284771893173,0.0,0.0,0.0,1.0,1.0,fc,,0.0,1.0,0,0,2,6,25,shrinkage
20260823-165812,full_s42_fixed_epochs5_pat2_dirichlet_a01_normmatched_lambda075,0.08548414334067246,0.007307538762688637,0.08548414334067246,0.007307538762688637,0.0,0.0,0.0,1.0,1.0,layer4_1_conv2,,0.0,1.0,0,0,2,7,26,shrinkage
20260823-165812,full_s42_fixed_epochs5_pat2_dirichlet_a01_normmatched_lambda075,0.014821051784206327,0.00021966357599012554,0.014821051784206327,0.00021966357599012554,0.0,0.0,0.0,1.0,1.0,fc,,0.0,1.0,0,0,2,7,26,shrinkage
20260823-165812,full_s42_fixed_epochs5_pat2_dirichlet_a01_normmatched_lambda075,0.08418690303139134,0.007087434642016888,0.08418690303139134,0.007087434642016888,0.0,0.0,0.0,1.0,1.0,layer4_1_conv2,,0.0,1.0,0,0,2,8,27,shrinkage
20260823-165812,full_s42_fixed_epochs5_pat2_dirichlet_a01_normmatched_lambda075,0.014451648179201481,0.0002088501350954175,0.014451648179201481,0.0002088501350954175,0.0,0.0,0.0,1.0,1.0,fc,,0.0,1.0,0,0,2,8,27,shrinkage
20260823-165812,full_s42_fixed_epochs5_pat2_dirichlet_a01_normmatched_lambda075,0.0827959301628818,0.0068551660515367985,0.0827959301628818,0.0068551660515367985,0.0,0.0,0.0,1.0,1.0,layer4_1_conv2,,0.0,1.0,0,0,2,9,28,shrinkage
20260823-165812,full_s42_fixed_epochs5_pat2_dirichlet_a01_normmatched_lambda075,0.014120034811933994,0.00019937538309022784,0.014120034811933994,0.00019937538309022784,0.0,0.0,0.0,1.0,1.0,fc,,0.0,1.0,0,0,2,9,28,shrinkage
20260823-165812,full_s42_fixed_epochs5_pat2_dirichlet_a01_normmatched_lambda075,0.08143872890804069,0.006632266566157341,0.08143872890804069,0.006632266566157341,0.0,0.0,0.0,1.0,1.0,layer4_1_conv2,,0.0,1.0,0,0,2,10,29,shrinkage
20260823-165812,full_s42_fixed_epochs5_pat2_dirichlet_a01_normmatched_lambda075,0.013792953096842466,0.00019024555513169616,0.013792953096842466,0.00019024555513169616,0.0,0.0,0.0,1.0,1.0,fc,,0.0,1.0,0,0,2,10,29,shrinkage
20260823-165812,full_s42_fixed_epochs5_pat2_dirichlet_a01_normmatched_lambda075,0.07990255240182574,0.0063844178803265095,0.07990255240182574,0.0063844178803265095,0.0,0.0,0.0,1.0,1.0,layer4_1_conv2,,0.0,1.0,0,0,2,11,30,shrinkage
20260823-165812,full_s42_fixed_epochs5_pat2_dirichlet_a01_normmatched_lambda075,0.01346864536868741,0.00018140440806746483,0.01346864536868741,0.00018140440806746483,0.0,0.0,0.0,1.0,1.0,fc,,0.0,1.0,0,0,2,11,30,shrinkage
20260823-165812,full_s42_fixed_epochs5_pat2_dirichlet_a01_normmatched_lambda075,0.07872603013802282,0.006197787821292877,0.07872603013802282,0.006197787821292877,0.0,0.0,0.0,1.0,1.0,layer4_1_conv2,,0.0,1.0,0,0,2,12,31,shrinkage
20260823-165812,full_s42_fixed_epochs5_pat2_dirichlet_a01_normmatched_lambda075,0.013115735830873639,0.0001720225263852626,0.013115735830873639,0.0001720225263852626,0.0,0.0,0.0,1.0,1.0,fc,,0.0,1.0,0,0,2,12,31,shrinkage
20260823-165812,full_s42_fixed_epochs5_pat2_dirichlet_a01_normmatched_lambda075,0.07742965123169278,0.005995350889861584,0.07742965123169278,0.005995350889861584,0.0,0.0,0.0,1.0,1.0,layer4_1_conv2,,0.0,1.0,0,0,2,13,32,shrinkage
20260823-165812,full_s42_fixed_epochs5_pat2_dirichlet_a01_normmatched_lambda075,0.012809371715354685,0.0001640800037421286,0.012809371715354685,0.0001640800037421286,0.0,0.0,0.0,1.0,1.0,fc,,0.0,1.0,0,0,2,13,32,shrinkage
20260823-165812,full_s42_fixed_epochs5_pat2_dirichlet_a01_normmatched_lambda075,0.07629216611694965,0.00582049461081624,0.07629216611694965,0.00582049461081624,0.0,0.0,0.0,1.0,1.0,layer4_1_conv2,,0.0,1.0,0,0,2,14,33,shrinkage
20260823-165812,full_s42_fixed_epochs5_pat2_dirichlet_a01_normmatched_lambda075,0.012506213729916374,0.00015640538185834885,0.012506213729916374,0.00015640538185834885,0.0,0.0,0.0,1.0,1.0,fc,,0.0,1.0,0,0,2,14,33,shrinkage
20260823-165812,full_s42_fixed_epochs5_pat2_dirichlet_a01_normmatched_lambda075,0.07463576464273526,0.005570497363805771,0.07463576464273526,0.005570497363805771,0.0,0.0,0.0,1.0,1.0,layer4_1_conv2,,0.0,1.0,0,0,2,15,34,shrinkage
20260823-165812,full_s42_fixed_epochs5_pat2_dirichlet_a01_normmatched_lambda075,0.012179994444148128,0.00014835226465947926,0.012179994444148128,0.00014835226465947926,0.0,0.0,0.0,1.0,1.0,fc,,0.0,1.0,0,0,2,15,34,shrinkage
20260823-165812,full_s42_fixed_epochs5_pat2_dirichlet_a01_normmatched_lambda075,0.07337283879270208,0.005383573472499847,0.07337283879270208,0.005383573472499847,0.0,0.0,0.0,1.0,1.0,layer4_1_conv2,,0.0,1.0,0,0,2,16,35,shrinkage
20260823-165812,full_s42_fixed_epochs5_pat2_dirichlet_a01_normmatched_lambda075,0.01193356568993424,0.00014240999007597566,0.01193356568993424,0.00014240999007597566,0.0,0.0,0.0,1.0,1.0,fc,,0.0,1.0,0,0,2,16,35,shrinkage
20260823-165812,full_s42_fixed_epochs5_pat2_dirichlet_a01_normmatched_lambda075,0.07258462734064405,0.005268528126180172,0.07258462734064405,0.005268528126180172,0.0,0.0,0.0,1.0,1.0,layer4_1_conv2,,0.0,1.0,0,0,2,17,36,shrinkage
20260823-165812,full_s42_fixed_epochs5_pat2_dirichlet_a01_normmatched_lambda075,0.011630664768961105,0.00013527236296795309,0.011630664768961105,0.00013527236296795309,0.0,0.0,0.0,1.0,1.0,fc,,0.0,1.0,0,0,2,17,36,shrinkage
20260823-165812,full_s42_fixed_epochs5_pat2_dirichlet_a01_normmatched_lambda075,0.07141875527936789,0.00510063860565424,0.07141875527936789,0.00510063860565424,0.0,0.0,0.0,1.0,1.0,layer4_1_conv2,,0.0,1.0,0,0,2,18,37,shrinkage
20260823-165812,full_s42_fixed_epochs5_pat2_dirichlet_a01_normmatched_lambda075,0.011384267844838977,0.00012960155436303467,0.011384267844838977,0.00012960155436303467,0.0,0.0,0.0,1.0,1.0,fc,,0.0,1.0,0,0,2,18,37,shrinkage
20260823-165812,full_s42_fixed_epochs5_pat2_dirichlet_a01_normmatched_lambda075,0.07052768786422207,0.004974154755473137,0.07052768786422207,0.004974154755473137,0.0,0.0,0.0,1.0,1.0,layer4_1_conv2,,0.0,1.0,0,0,2,19,38,shrinkage
20260823-165812,full_s42_fixed_epochs5_pat2_dirichlet_a01_normmatched_lambda075,0.011207307899227678,0.00012560375034809113,0.011207307899227678,0.00012560375034809113,0.0,0.0,0.0,1.0,1.0,fc,,0.0,1.0,0,0,2,19,38,shrinkage
20260823-165812,full_s42_fixed_epochs5_pat2_dirichlet_a01_normmatched_lambda075,0.0695200812016929,0.004833041690289974,0.0695200812016929,0.004833041690289974,0.0,0.0,0.0,1.0,1.0,layer4_1_conv2,,0.0,1.0,0,0,3,1,39,shrinkage
20260823-165812,full_s42_fixed_epochs5_pat2_dirichlet_a01_normmatched_lambda075,0.010981141296510481,0.0001205854641739279,0.010981141296510481,0.0001205854641739279,0.0,0.0,0.0,1.0,1.0,fc,,0.0,1.0,0,0,3,1,39,shrinkage
20260823-165812,full_s42_fixed_epochs5_pat2_dirichlet_a01_normmatched_lambda075,0.06913144554474891,0.0047791567631065845,0.06913144554474891,0.0047791567631065845,0.0,0.0,0.0,1.0,1.0,layer4_1_conv2,,0.0,1.0,0,0,3,2,40,shrinkage
20260823-165812,full_s42_fixed_epochs5_pat2_dirichlet_a01_normmatched_lambda075,0.010768691401276703,0.00011596471449593082,0.010768691401276703,0.00011596471449593082,0.0,0.0,0.0,1.0,1.0,fc,,0.0,1.0,0,0,3,2,40,shrinkage
20260823-165812,full_s42_fixed_epochs5_pat2_dirichlet_a01_normmatched_lambda075,0.06835689540180613,0.004672665148973465,0.06835689540180613,0.004672665148973465,0.0,0.0,0.0,1.0,1.0,layer4_1_conv2,,0.0,1.0,0,0,3,3,41,shrinkage
20260823-165812,full_s42_fixed_epochs5_pat2_dirichlet_a01_normmatched_lambda075,0.01060452289187796,0.0001124559057643637,0.01060452289187796,0.0001124559057643637,0.0,0.0,0.0,1.0,1.0,fc,,0.0,1.0,0,0,3,3,41,shrinkage
20260823-165812,full_s42_fixed_epochs5_pat2_dirichlet_a01_normmatched_lambda075,0.06739753755751512,0.004542428068816662,0.06739753755751512,0.004542428068816662,0.0,0.0,0.0,1.0,1.0,layer4_1_conv2,,0.0,1.0,0,0,3,4,42,shrinkage
20260823-165812,full_s42_fixed_epochs5_pat2_dirichlet_a01_normmatched_lambda075,0.010343916533271602,0.0001069966092472896,0.010343916533271602,0.0001069966092472896,0.0,0.0,0.0,1.0,1.0,fc,,0.0,1.0,0,0,3,4,42,shrinkage
20260823-165812,full_s42_fixed_epochs5_pat2_dirichlet_a01_normmatched_lambda075,0.06652429551015325,0.004425481893122196,0.06652429551015325,0.004425481893122196,0.0,0.0,0.0,1.0,1.0,layer4_1_conv2,,0.0,1.0,0,0,3,5,43,shrinkage
20260823-165812,full_s42_fixed_epochs5_pat2_dirichlet_a01_normmatched_lambda075,0.010154739526039092,0.00010311873484170064,0.010154739526039092,0.00010311873484170064,0.0,0.0,0.0,1.0,1.0,fc,,0.0,1.0,0,0,3,5,43,shrinkage
20260823-165812,full_s42_fixed_epochs5_pat2_dirichlet_a01_normmatched_lambda075,0.06541772277525203,0.004279478453099728,0.06541772277525203,0.004279478453099728,0.0,0.0,0.0,1.0,1.0,layer4_1_conv2,,0.0,1.0,0,0,3,6,44,shrinkage
20260823-165812,full_s42_fixed_epochs5_pat2_dirichlet_a01_normmatched_lambda075,0.009950193783148474,9.900635632220656e-05,0.009950193783148474,9.900635632220656e-05,0.0,0.0,0.0,1.0,1.0,fc,,0.0,1.0,0,0,3,6,44,shrinkage
20260823-165812,full_s42_fixed_epochs5_pat2_dirichlet_a01_normmatched_lambda075,0.0647942086635453,0.004198289476335049,0.0647942086635453,0.004198289476335049,0.0,0.0,0.0,1.0,1.0,layer4_1_conv2,,0.0,1.0,0,0,3,7,45,shrinkage
20260823-165812,full_s42_fixed_epochs5_pat2_dirichlet_a01_normmatched_lambda075,0.009817843228297428,9.639004565542564e-05,0.009817843228297428,9.639004565542564e-05,0.0,0.0,0.0,1.0,1.0,fc,,0.0,1.0,0,0,3,7,45,shrinkage
20260823-165812,full_s42_fixed_epochs5_pat2_dirichlet_a01_normmatched_lambda075,0.0646666904393399,0.004181780852377415,0.0646666904393399,0.004181780852377415,0.0,0.0,0.0,1.0,1.0,layer4_1_conv2,,0.0,1.0,0,0,3,8,46,shrinkage
20260823-165812,full_s42_fixed_epochs5_pat2_dirichlet_a01_normmatched_lambda075,0.0096965882764898,9.402382420375943e-05,0.0096965882764898,9.402382420375943e-05,0.0,0.0,0.0,1.0,1.0,fc,,0.0,1.0,0,0,3,8,46,shrinkage
20260823-165812,full_s42_fixed_epochs5_pat2_dirichlet_a01_normmatched_lambda075,0.06394704906084059,0.004089225083589554,0.06394704906084059,0.004089225083589554,0.0,0.0,0.0,1.0,1.0,layer4_1_conv2,,0.0,1.0,0,0,3,9,47,shrinkage
20260823-165812,full_s42_fixed_epochs5_pat2_dirichlet_a01_normmatched_lambda075,0.009567090387363912,9.152921847999096e-05,0.009567090387363912,9.152921847999096e-05,0.0,0.0,0.0,1.0,1.0,fc,,0.0,1.0,0,0,3,9,47,shrinkage
20260823-165812,full_s42_fixed_epochs5_pat2_dirichlet_a01_normmatched_lambda075,0.06295013751366421,0.003962719812989235,0.06295013751366421,0.003962719812989235,0.0,0.0,0.0,1.0,1.0,layer4_1_conv2,,0.0,1.0,0,0,3,10,48,shrinkage
20260823-165812,full_s42_fixed_epochs5_pat2_dirichlet_a01_normmatched_lambda075,0.00943722450624665,8.906120638130233e-05,0.00943722450624665,8.906120638130233e-05,0.0,0.0,0.0,1.0,1.0,fc,,0.0,1.0,0,0,3,10,48,shrinkage
20260823-165812,full_s42_fixed_epochs5_pat2_dirichlet_a01_normmatched_lambda075,0.06200302618783203,0.003844375256448984,0.06200302618783203,0.003844375256448984,0.0,0.0,0.0,1.0,1.0,layer4_1_conv2,,0.0,1.0,0,0,3,11,49,shrinkage
20260823-165812,full_s42_fixed_epochs5_pat2_dirichlet_a01_normmatched_lambda075,0.009297192822561548,8.643779437988997e-05,0.009297192822561548,8.643779437988997e-05,0.0,0.0,0.0,1.0,1.0,fc,,0.0,1.0,0,0,3,11,49,shrinkage
20260823-165812,full_s42_fixed_epochs5_pat2_dirichlet_a01_normmatched_lambda075,0.061401951144344324,0.003770199604332447,0.061401951144344324,0.003770199604332447,0.0,0.0,0.0,1.0,1.0,layer4_1_conv2,,0.0,1.0,0,0,3,12,50,shrinkage
20260823-165812,full_s42_fixed_epochs5_pat2_dirichlet_a01_normmatched_lambda075,0.009143068204734432,8.35956961964257e-05,0.009143068204734432,8.35956961964257e-05,0.0,0.0,0.0,1.0,1.0,fc,,0.0,1.0,0,0,3,12,50,shrinkage
20260823-165812,full_s42_fixed_epochs5_pat2_dirichlet_a01_normmatched_lambda075,0.06063752540873103,0.003676909487694502,0.06063752540873103,0.003676909487694502,0.0,0.0,0.0,1.0,1.0,layer4_1_conv2,,0.0,1.0,0,0,3,13,51,shrinkage
20260823-165812,full_s42_fixed_epochs5_pat2_dirichlet_a01_normmatched_lambda075,0.009018148461886177,8.132700168062001e-05,0.009018148461886177,8.132700168062001e-05,0.0,0.0,0.0,1.0,1.0,fc,,0.0,1.0,0,0,3,13,51,shrinkage
20260823-165812,full_s42_fixed_epochs5_pat2_dirichlet_a01_normmatched_lambda075,0.06009581815644188,0.00361150735989213,0.06009581815644188,0.00361150735989213,0.0,0.0,0.0,1.0,1.0,layer4_1_conv2,,0.0,1.0,0,0,3,14,52,shrinkage
20260823-165812,full_s42_fixed_epochs5_pat2_dirichlet_a01_normmatched_lambda075,0.008899293016776102,7.91974161984399e-05,0.008899293016776102,7.91974161984399e-05,0.0,0.0,0.0,1.0,1.0,fc,,0.0,1.0,0,0,3,14,52,shrinkage
20260823-165812,full_s42_fixed_epochs5_pat2_dirichlet_a01_normmatched_lambda075,0.05910130651384524,0.003492964431643486,0.05910130651384524,0.003492964431643486,0.0,0.0,0.0,1.0,1.0,layer4_1_conv2,,0.0,1.0,0,0,3,15,53,shrinkage
20260823-165812,full_s42_fixed_epochs5_pat2_dirichlet_a01_normmatched_lambda075,0.008748491511901652,7.653610373381525e-05,0.008748491511901652,7.653610373381525e-05,0.0,0.0,0.0,1.0,1.0,fc,,0.0,1.0,0,0,3,15,53,shrinkage
20260823-165812,full_s42_fixed_epochs5_pat2_dirichlet_a01_normmatched_lambda075,0.05883656298457254,0.003461741143837571,0.05883656298457254,0.003461741143837571,0.0,0.0,0.0,1.0,1.0,layer4_1_conv2,,0.0,1.0,0,0,3,16,54,shrinkage
20260823-165812,full_s42_fixed_epochs5_pat2_dirichlet_a01_normmatched_lambda075,0.008689591919596932,7.550900772912428e-05,0.008689591919596932,7.550900772912428e-05,0.0,0.0,0.0,1.0,1.0,fc,,0.0,1.0,0,0,3,16,54,shrinkage
20260823-165812,full_s42_fixed_epochs5_pat2_dirichlet_a01_normmatched_lambda075,0.05813961868753118,0.003380215261131525,0.05813961868753118,0.003380215261131525,0.0,0.0,0.0,1.0,1.0,layer4_1_conv2,,0.0,1.0,0,0,3,17,55,shrinkage
20260823-165812,full_s42_fixed_epochs5_pat2_dirichlet_a01_normmatched_lambda075,0.008522558751063478,7.263400766532868e-05,0.008522558751063478,7.263400766532868e-05,0.0,0.0,0.0,1.0,1.0,fc,,0.0,1.0,0,0,3,17,55,shrinkage
20260823-165812,full_s42_fixed_epochs5_pat2_dirichlet_a01_normmatched_lambda075,0.05736954860979201,0.003291265107691288,0.05736954860979201,0.003291265107691288,0.0,0.0,0.0,1.0,1.0,layer4_1_conv2,,0.0,1.0,0,0,3,18,56,shrinkage
20260823-165812,full_s42_fixed_epochs5_pat2_dirichlet_a01_normmatched_lambda075,0.008462534250005376,7.161448593251407e-05,0.008462534250005376,7.161448593251407e-05,0.0,0.0,0.0,1.0,1.0,fc,,0.0,1.0,0,0,3,18,56,shrinkage
20260823-165812,full_s42_fixed_epochs5_pat2_dirichlet_a01_normmatched_lambda075,0.05713484399048357,0.0032643903978168964,0.05713484399048357,0.0032643903978168964,0.0,0.0,0.0,1.0,1.0,layer4_1_conv2,,0.0,1.0,0,0,3,19,57,shrinkage
20260823-165812,full_s42_fixed_epochs5_pat2_dirichlet_a01_normmatched_lambda075,0.008385254735140825,7.031249697320163e-05,0.008385254735140825,7.031249697320163e-05,0.0,0.0,0.0,1.0,1.0,fc,,0.0,1.0,0,0,3,19,57,shrinkage
20260823-165812,full_s42_fixed_epochs5_pat2_dirichlet_a01_normmatched_lambda075,0.05704171096215979,0.0032537567894905806,0.05704171096215979,0.0032537567894905806,0.0,0.0,0.0,1.0,1.0,layer4_1_conv2,,0.0,1.0,0,0,4,1,58,shrinkage
20260823-165812,full_s42_fixed_epochs5_pat2_dirichlet_a01_normmatched_lambda075,0.008296196562016984,6.882687739562243e-05,0.008296196562016984,6.882687739562243e-05,0.0,0.0,0.0,1.0,1.0,fc,,0.0,1.0,0,0,4,1,58,shrinkage
20260823-165812,full_s42_fixed_epochs5_pat2_dirichlet_a01_normmatched_lambda075,0.05596182471443688,0.003131725825369358,0.05596182471443688,0.003131725825369358,0.0,0.0,0.0,1.0,1.0,layer4_1_conv2,,0.0,1.0,0,0,4,2,59,shrinkage
20260823-165812,full_s42_fixed_epochs5_pat2_dirichlet_a01_normmatched_lambda075,0.008180911120498712,6.69273067614995e-05,0.008180911120498712,6.69273067614995e-05,0.0,0.0,0.0,1.0,1.0,fc,,0.0,1.0,0,0,4,2,59,shrinkage
20260823-165812,full_s42_fixed_epochs5_pat2_dirichlet_a01_normmatched_lambda075,0.055546510952750476,0.0030854148790240288,0.055546510952750476,0.0030854148790240288,0.0,0.0,0.0,1.0,1.0,layer4_1_conv2,,0.0,1.0,0,0,4,3,60,shrinkage
20260823-165812,full_s42_fixed_epochs5_pat2_dirichlet_a01_normmatched_lambda075,0.008074160243027933,6.519206363009289e-05,0.008074160243027933,6.519206363009289e-05,0.0,0.0,0.0,1.0,1.0,fc,,0.0,1.0,0,0,4,3,60,shrinkage
20260823-165812,full_s42_fixed_epochs5_pat2_dirichlet_a01_normmatched_lambda075,0.05513723047852071,0.0030401141848415136,0.05513723047852071,0.0030401141848415136,0.0,0.0,0.0,1.0,1.0,layer4_1_conv2,,0.0,1.0,0,0,4,4,61,shrinkage
20260823-165812,full_s42_fixed_epochs5_pat2_dirichlet_a01_normmatched_lambda075,0.007998123027394728,6.39699719613418e-05,0.007998123027394728,6.39699719613418e-05,0.0,0.0,0.0,1.0,1.0,fc,,0.0,1.0,0,0,4,4,61,shrinkage
20260823-165812,full_s42_fixed_epochs5_pat2_dirichlet_a01_normmatched_lambda075,0.055017025602416184,0.003026873106136918,0.055017025602416184,0.003026873106136918,0.0,0.0,0.0,1.0,1.0,layer4_1_conv2,,0.0,1.0,0,0,4,5,62,shrinkage
20260823-165812,full_s42_fixed_epochs5_pat2_dirichlet_a01_normmatched_lambda075,0.007898958232373429,6.239354115677997e-05,0.007898958232373429,6.239354115677997e-05,0.0,0.0,0.0,1.0,1.0,fc,,0.0,1.0,0,0,4,5,62,shrinkage
20260823-165812,full_s42_fixed_epochs5_pat2_dirichlet_a01_normmatched_lambda075,0.05421370235439702,0.0029391255229711533,0.05421370235439702,0.0029391255229711533,0.0,0.0,0.0,1.0,1.0,layer4_1_conv2,,0.0,1.0,0,0,4,6,63,shrinkage
20260823-165812,full_s42_fixed_epochs5_pat2_dirichlet_a01_normmatched_lambda075,0.0077376159816502695,5.987070107948966e-05,0.0077376159816502695,5.987070107948966e-05,0.0,0.0,0.0,1.0,1.0,fc,,0.0,1.0,0,0,4,6,63,shrinkage
20260823-165812,full_s42_fixed_epochs5_pat2_dirichlet_a01_normmatched_lambda075,0.053907112014484886,0.002905976725742221,0.053907112014484886,0.002905976725742221,0.0,0.0,0.0,1.0,1.0,layer4_1_conv2,,0.0,1.0,0,0,4,7,64,shrinkage
20260823-165812,full_s42_fixed_epochs5_pat2_dirichlet_a01_normmatched_lambda075,0.00767507230721888,5.890673492103815e-05,0.00767507230721888,5.890673492103815e-05,0.0,0.0,0.0,1.0,1.0,fc,,0.0,1.0,0,0,4,7,64,shrinkage
20260823-165812,full_s42_fixed_epochs5_pat2_dirichlet_a01_normmatched_lambda075,0.05292236851134628,0.0028007770888507366,0.05292236851134628,0.0028007770888507366,0.0,0.0,0.0,1.0,1.0,layer4_1_conv2,,0.0,1.0,0,0,4,8,65,shrinkage
20260823-165812,full_s42_fixed_epochs5_pat2_dirichlet_a01_normmatched_lambda075,0.007563917285027102,5.721284469473176e-05,0.007563917285027102,5.721284469473176e-05,0.0,0.0,0.0,1.0,1.0,fc,,0.0,1.0,0,0,4,8,65,shrinkage
20260823-165812,full_s42_fixed_epochs5_pat2_dirichlet_a01_normmatched_lambda075,0.05232623006351766,0.002738034352660179,0.05232623006351766,0.002738034352660179,0.0,0.0,0.0,1.0,1.0,layer4_1_conv2,,0.0,1.0,0,0,4,9,66,shrinkage
20260823-165812,full_s42_fixed_epochs5_pat2_dirichlet_a01_normmatched_lambda075,0.007442057884838274,5.538422556128353e-05,0.007442057884838274,5.538422556128353e-05,0.0,0.0,0.0,1.0,1.0,fc,,0.0,1.0,0,0,4,9,66,shrinkage
20260823-165812,full_s42_fixed_epochs5_pat2_dirichlet_a01_normmatched_lambda075,0.0516999591627377,0.0026728857774287462,0.0516999591627377,0.0026728857774287462,0.0,0.0,0.0,1.0,1.0,layer4_1_conv2,,0.0,1.0,0,0,4,10,67,shrinkage
20260823-165812,full_s42_fixed_epochs5_pat2_dirichlet_a01_normmatched_lambda075,0.007360439592126438,5.4176070989342406e-05,0.007360439592126438,5.4176070989342406e-05,0.0,0.0,0.0,1.0,1.0,fc,,0.0,1.0,0,0,4,10,67,shrinkage
20260823-165812,full_s42_fixed_epochs5_pat2_dirichlet_a01_normmatched_lambda075,0.05128709855426918,0.00263036647811532,0.05128709855426918,0.00263036647811532,0.0,0.0,0.0,1.0,1.0,layer4_1_conv2,,0.0,1.0,0,0,4,11,68,shrinkage
20260823-165812,full_s42_fixed_epochs5_pat2_dirichlet_a01_normmatched_lambda075,0.007300412709293419,5.3296025726012886e-05,0.007300412709293419,5.3296025726012886e-05,0.0,0.0,0.0,1.0,1.0,fc,,0.0,1.0,0,0,4,11,68,shrinkage
20260823-165812,full_s42_fixed_epochs5_pat2_dirichlet_a01_normmatched_lambda075,0.050977570425131964,0.0025987126864492893,0.050977570425131964,0.0025987126864492893,0.0,0.0,0.0,1.0,1.0,layer4_1_conv2,,0.0,1.0,0,0,4,12,69,shrinkage
20260823-165812,full_s42_fixed_epochs5_pat2_dirichlet_a01_normmatched_lambda075,0.007245869345078826,5.250262256595306e-05,0.007245869345078826,5.250262256595306e-05,0.0,0.0,0.0,1.0,1.0,fc,,0.0,1.0,0,0,4,12,69,shrinkage
20260823-165812,full_s42_fixed_epochs5_pat2_dirichlet_a01_normmatched_lambda075,0.05038552193714131,0.002538700820878148,0.05038552193714131,0.002538700820878148,0.0,0.0,0.0,1.0,1.0,layer4_1_conv2,,0.0,1.0,0,0,4,13,70,shrinkage
20260823-165812,full_s42_fixed_epochs5_pat2_dirichlet_a01_normmatched_lambda075,0.007172870275250352,5.145006798557006e-05,0.007172870275250352,5.145006798557006e-05,0.0,0.0,0.0,1.0,1.0,fc,,0.0,1.0,0,0,4,13,70,shrinkage
20260823-165812,full_s42_fixed_epochs5_pat2_dirichlet_a01_normmatched_lambda075,0.05004026991082071,0.0025040286127477884,0.05004026991082071,0.0025040286127477884,0.0,0.0,0.0,1.0,1.0,layer4_1_conv2,,0.0,1.0,0,0,4,14,71,shrinkage
20260823-165812,full_s42_fixed_epochs5_pat2_dirichlet_a01_normmatched_lambda075,0.007094167284800944,5.032720946474001e-05,0.007094167284800944,5.032720946474001e-05,0.0,0.0,0.0,1.0,1.0,fc,,0.0,1.0,0,0,4,14,71,shrinkage
20260823-165812,full_s42_fixed_epochs5_pat2_dirichlet_a01_normmatched_lambda075,0.04986001195623269,0.002486020792275667,0.04986001195623269,0.002486020792275667,0.0,0.0,0.0,1.0,1.0,layer4_1_conv2,,0.0,1.0,0,0,4,15,72,shrinkage
20260823-165812,full_s42_fixed_epochs5_pat2_dirichlet_a01_normmatched_lambda075,0.0070682668101593165,4.996039569959976e-05,0.0070682668101593165,4.996039569959976e-05,0.0,0.0,0.0,1.0,1.0,fc,,0.0,1.0,0,0,4,15,72,shrinkage
20260823-165812,full_s42_fixed_epochs5_pat2_dirichlet_a01_normmatched_lambda075,0.04958586680243624,0.0024587581865489483,0.04958586680243624,0.0024587581865489483,0.0,0.0,0.0,1.0,1.0,layer4_1_conv2,,0.0,1.0,0,0,4,16,73,shrinkage
20260823-165812,full_s42_fixed_epochs5_pat2_dirichlet_a01_normmatched_lambda075,0.007008292164405565,4.911615906166844e-05,0.007008292164405565,4.911615906166844e-05,0.0,0.0,0.0,1.0,1.0,fc,,0.0,1.0,0,0,4,16,73,shrinkage
20260823-165812,full_s42_fixed_epochs5_pat2_dirichlet_a01_normmatched_lambda075,0.04918035777167735,0.0024187075905501842,0.04918035777167735,0.0024187075905501842,0.0,0.0,0.0,1.0,1.0,layer4_1_conv2,,0.0,1.0,0,0,4,17,74,shrinkage
20260823-165812,full_s42_fixed_epochs5_pat2_dirichlet_a01_normmatched_lambda075,0.00699858846735945,4.898024053545669e-05,0.00699858846735945,4.898024053545669e-05,0.0,0.0,0.0,1.0,1.0,fc,,0.0,1.0,0,0,4,17,74,shrinkage
20260823-165812,full_s42_fixed_epochs5_pat2_dirichlet_a01_normmatched_lambda075,0.0489130616547947,0.0023924876004457474,0.0489130616547947,0.0023924876004457474,0.0,0.0,0.0,1.0,1.0,layer4_1_conv2,,0.0,1.0,0,0,4,18,75,shrinkage
20260823-165812,full_s42_fixed_epochs5_pat2_dirichlet_a01_normmatched_lambda075,0.00697692226439315,4.867744428338483e-05,0.00697692226439315,4.867744428338483e-05,0.0,0.0,0.0,1.0,1.0,fc,,0.0,1.0,0,0,4,18,75,shrinkage
20260823-165812,full_s42_fixed_epochs5_pat2_dirichlet_a01_normmatched_lambda075,0.049035210164743305,0.002404451835900545,0.049035210164743305,0.002404451835900545,0.0,0.0,0.0,1.0,1.0,layer4_1_conv2,,0.0,1.0,0,0,4,19,76,shrinkage
20260823-165812,full_s42_fixed_epochs5_pat2_dirichlet_a01_normmatched_lambda075,0.006981174536395901,4.873679790762253e-05,0.006981174536395901,4.873679790762253e-05,0.0,0.0,0.0,1.0,1.0,fc,,0.0,1.0,0,0,4,19,76,shrinkage
20260823-165812,full_s42_fixed_epochs5_pat2_dirichlet_a01_normmatched_lambda075,0.04852868052289368,0.0023550328332930803,0.04852868052289368,0.0023550328332930803,0.0,0.0,0.0,1.0,1.0,layer4_1_conv2,,0.0,1.0,0,0,5,1,77,shrinkage
20260823-165812,full_s42_fixed_epochs5_pat2_dirichlet_a01_normmatched_lambda075,0.006973138261277624,4.862465721089393e-05,0.006973138261277624,4.862465721089393e-05,0.0,0.0,0.0,1.0,1.0,fc,,0.0,1.0,0,0,5,1,77,shrinkage
20260823-165812,full_s42_fixed_epochs5_pat2_dirichlet_a01_normmatched_lambda075,0.0483204195704465,0.0023348629474639893,0.0483204195704465,0.0023348629474639893,0.0,0.0,0.0,1.0,1.0,layer4_1_conv2,,0.0,1.0,0,0,5,2,78,shrinkage
20260823-165812,full_s42_fixed_epochs5_pat2_dirichlet_a01_normmatched_lambda075,0.00692128279353975,4.7904155508149415e-05,0.00692128279353975,4.7904155508149415e-05,0.0,0.0,0.0,1.0,1.0,fc,,0.0,1.0,0,0,5,2,78,shrinkage
20260823-165812,full_s42_fixed_epochs5_pat2_dirichlet_a01_normmatched_lambda075,0.047942260501461484,0.002298460341989994,0.047942260501461484,0.002298460341989994,0.0,0.0,0.0,1.0,1.0,layer4_1_conv2,,0.0,1.0,0,0,5,3,79,shrinkage
20260823-165812,full_s42_fixed_epochs5_pat2_dirichlet_a01_normmatched_lambda075,0.006872760473728288,4.7234836529241875e-05,0.006872760473728288,4.7234836529241875e-05,0.0,0.0,0.0,1.0,1.0,fc,,0.0,1.0,0,0,5,3,79,shrinkage
20260823-165812,full_s42_fixed_epochs5_pat2_dirichlet_a01_normmatched_lambda075,0.047485532980918004,0.0022548758424818516,0.047485532980918004,0.0022548758424818516,0.0,0.0,0.0,1.0,1.0,layer4_1_conv2,,0.0,1.0,0,0,5,4,80,shrinkage
20260823-165812,full_s42_fixed_epochs5_pat2_dirichlet_a01_normmatched_lambda075,0.006803074890294632,4.628182796295732e-05,0.006803074890294632,4.628182796295732e-05,0.0,0.0,0.0,1.0,1.0,fc,,0.0,1.0,0,0,5,4,80,shrinkage
20260823-165812,full_s42_fixed_epochs5_pat2_dirichlet_a01_normmatched_lambda075,0.04677513033701161,0.002187912818044424,0.04677513033701161,0.002187912818044424,0.0,0.0,0.0,1.0,1.0,layer4_1_conv2,,0.0,1.0,0,0,5,5,81,shrinkage
20260823-165812,full_s42_fixed_epochs5_pat2_dirichlet_a01_normmatched_lambda075,0.006783756171327627,4.6019347792025656e-05,0.006783756171327627,4.6019347792025656e-05,0.0,0.0,0.0,1.0,1.0,fc,,0.0,1.0,0,0,5,5,81,shrinkage
20260823-165812,full_s42_fixed_epochs5_pat2_dirichlet_a01_normmatched_lambda075,0.046013065009481206,0.002117202151566744,0.046013065009481206,0.002117202151566744,0.0,0.0,0.0,1.0,1.0,layer4_1_conv2,,0.0,1.0,0,0,5,6,82,shrinkage
20260823-165812,full_s42_fixed_epochs5_pat2_dirichlet_a01_normmatched_lambda075,0.0067119891075803455,4.505079778027721e-05,0.0067119891075803455,4.505079778027721e-05,0.0,0.0,0.0,1.0,1.0,fc,,0.0,1.0,0,0,5,6,82,shrinkage
20260823-165812,full_s42_fixed_epochs5_pat2_dirichlet_a01_normmatched_lambda075,0.046006762225062114,0.002116622170433402,0.046006762225062114,0.002116622170433402,0.0,0.0,0.0,1.0,1.0,layer4_1_conv2,,0.0,1.0,0,0,5,7,83,shrinkage
20260823-165812,full_s42_fixed_epochs5_pat2_dirichlet_a01_normmatched_lambda075,0.006694513027035117,4.481650466914289e-05,0.006694513027035117,4.481650466914289e-05,0.0,0.0,0.0,1.0,1.0,fc,,0.0,1.0,0,0,5,7,83,shrinkage
20260823-165812,full_s42_fixed_epochs5_pat2_dirichlet_a01_normmatched_lambda075,0.045392440601188314,0.0020604736637324095,0.045392440601188314,0.0020604736637324095,0.0,0.0,0.0,1.0,1.0,layer4_1_conv2,,0.0,1.0,0,0,5,8,84,shrinkage
20260823-165812,full_s42_fixed_epochs5_pat2_dirichlet_a01_normmatched_lambda075,0.006579656149436325,4.329187504481524e-05,0.006579656149436325,4.329187504481524e-05,0.0,0.0,0.0,1.0,1.0,fc,,0.0,1.0,0,0,5,8,84,shrinkage
20260823-165812,full_s42_fixed_epochs5_pat2_dirichlet_a01_normmatched_lambda075,0.04438683124179848,0.0019701907876878977,0.04438683124179848,0.0019701907876878977,0.0,0.0,0.0,1.0,1.0,layer4_1_conv2,,0.0,1.0,0,0,5,9,85,shrinkage
20260823-165812,full_s42_fixed_epochs5_pat2_dirichlet_a01_normmatched_lambda075,0.006472629388483393,4.18949312006589e-05,0.006472629388483393,4.18949312006589e-05,0.0,0.0,0.0,1.0,1.0,fc,,0.0,1.0,0,0,5,9,85,shrinkage
20260823-165812,full_s42_fixed_epochs5_pat2_dirichlet_a01_normmatched_lambda075,0.043986378132043154,0.0019348014611750841,0.043986378132043154,0.0019348014611750841,0.0,0.0,0.0,1.0,1.0,layer4_1_conv2,,0.0,1.0,0,0,5,10,86,shrinkage
20260823-165812,full_s42_fixed_epochs5_pat2_dirichlet_a01_normmatched_lambda075,0.0064028219183887985,4.099612851860002e-05,0.0064028219183887985,4.099612851860002e-05,0.0,0.0,0.0,1.0,1.0,fc,,0.0,1.0,0,0,5,10,86,shrinkage
20260823-165812,full_s42_fixed_epochs5_pat2_dirichlet_a01_normmatched_lambda075,0.04321964529015914,0.001867937739007175,0.04321964529015914,0.001867937739007175,0.0,0.0,0.0,1.0,1.0,layer4_1_conv2,,0.0,1.0,0,0,5,11,87,shrinkage
20260823-165812,full_s42_fixed_epochs5_pat2_dirichlet_a01_normmatched_lambda075,0.006333872324610129,4.011793862446211e-05,0.006333872324610129,4.011793862446211e-05,0.0,0.0,0.0,1.0,1.0,fc,,0.0,1.0,0,0,5,11,87,shrinkage
20260823-165812,full_s42_fixed_epochs5_pat2_dirichlet_a01_normmatched_lambda075,0.04294992435477665,0.0018446960020810366,0.04294992435477665,0.0018446960020810366,0.0,0.0,0.0,1.0,1.0,layer4_1_conv2,,0.0,1.0,0,0,5,12,88,shrinkage
20260823-165812,full_s42_fixed_epochs5_pat2_dirichlet_a01_normmatched_lambda075,0.006332533042099713,4.0100974729284644e-05,0.006332533042099713,4.0100974729284644e-05,0.0,0.0,0.0,1.0,1.0,fc,,0.0,1.0,0,0,5,12,88,shrinkage
20260823-165812,full_s42_fixed_epochs5_pat2_dirichlet_a01_normmatched_lambda075,0.042761534674256904,0.0018285488476976752,0.042761534674256904,0.0018285488476976752,0.0,0.0,0.0,1.0,1.0,layer4_1_conv2,,0.0,1.0,0,0,5,13,89,shrinkage
20260823-165812,full_s42_fixed_epochs5_pat2_dirichlet_a01_normmatched_lambda075,0.006239378192551281,3.892984022968449e-05,0.006239378192551281,3.892984022968449e-05,0.0,0.0,0.0,1.0,1.0,fc,,0.0,1.0,0,0,5,13,89,shrinkage
20260823-165812,full_s42_fixed_epochs5_pat2_dirichlet_a01_normmatched_lambda075,0.042491544178593646,0.0018055313266813755,0.042491544178593646,0.0018055313266813755,0.0,0.0,0.0,1.0,1.0,layer4_1_conv2,,0.0,1.0,0,0,5,14,90,shrinkage
20260823-165812,full_s42_fixed_epochs5_pat2_dirichlet_a01_normmatched_lambda075,0.006218520530913117,3.866999759338796e-05,0.006218520530913117,3.866999759338796e-05,0.0,0.0,0.0,1.0,1.0,fc,,0.0,1.0,0,0,5,14,90,shrinkage
20260823-165812,full_s42_fixed_epochs5_pat2_dirichlet_a01_normmatched_lambda075,0.04169418390552122,0.0017384049715474248,0.04169418390552122,0.0017384049715474248,0.0,0.0,0.0,1.0,1.0,layer4_1_conv2,,0.0,1.0,0,0,5,15,91,shrinkage
20260823-165812,full_s42_fixed_epochs5_pat2_dirichlet_a01_normmatched_lambda075,0.006156829209329013,3.790654591284692e-05,0.006156829209329013,3.790654591284692e-05,0.0,0.0,0.0,1.0,1.0,fc,,0.0,1.0,0,0,5,15,91,shrinkage
20260823-165812,full_s42_fixed_epochs5_pat2_dirichlet_a01_normmatched_lambda075,0.04145025122974986,0.0017181233270093799,0.04145025122974986,0.0017181233270093799,0.0,0.0,0.0,1.0,1.0,layer4_1_conv2,,0.0,1.0,0,0,5,16,92,shrinkage
20260823-165812,full_s42_fixed_epochs5_pat2_dirichlet_a01_normmatched_lambda075,0.006107149830330679,3.7297279050108045e-05,0.006107149830330679,3.7297279050108045e-05,0.0,0.0,0.0,1.0,1.0,fc,,0.0,1.0,0,0,5,16,92,shrinkage
20260823-165812,full_s42_fixed_epochs5_pat2_dirichlet_a01_normmatched_lambda075,0.04068279327835758,0.0016550896689295769,0.04068279327835758,0.0016550896689295769,0.0,0.0,0.0,1.0,1.0,layer4_1_conv2,,0.0,1.0,0,0,5,17,93,shrinkage
20260823-165812,full_s42_fixed_epochs5_pat2_dirichlet_a01_normmatched_lambda075,0.0059350529476109104,3.522485349094495e-05,0.0059350529476109104,3.522485349094495e-05,0.0,0.0,0.0,1.0,1.0,fc,,0.0,1.0,0,0,5,17,93,shrinkage
20260823-165812,full_s42_fixed_epochs5_pat2_dirichlet_a01_normmatched_lambda075,0.040818211909825,0.0016661264235153794,0.040818211909825,0.0016661264235153794,0.0,0.0,0.0,1.0,1.0,layer4_1_conv2,,0.0,1.0,0,0,5,18,94,shrinkage
20260823-165812,full_s42_fixed_epochs5_pat2_dirichlet_a01_normmatched_lambda075,0.005914127442604599,3.497690340736881e-05,0.005914127442604599,3.497690340736881e-05,0.0,0.0,0.0,1.0,1.0,fc,,0.0,1.0,0,0,5,18,94,shrinkage
20260823-165812,full_s42_fixed_epochs5_pat2_dirichlet_a01_normmatched_lambda075,0.042432187584972206,0.0018004905432462692,0.042432187584972206,0.0018004905432462692,0.0,0.0,0.0,1.0,1.0,layer4_1_conv2,,0.0,1.0,0,0,5,19,95,shrinkage
20260823-165812,full_s42_fixed_epochs5_pat2_dirichlet_a01_normmatched_lambda075,0.006075420088351037,3.691072924993932e-05,0.006075420088351037,3.691072924993932e-05,0.0,0.0,0.0,1.0,1.0,fc,,0.0,1.0,0,0,5,19,95,shrinkage
20260823-165812,full_s42_fixed_epochs5_pat2_dirichlet_a01_normmatched_lambda075,0.05381796317386445,0.0028963731601834297,0.051177382536791945,0.0026191244833171368,0.0026405779755725024,6.972652045078576e-06,0.00027724867686629295,0.9509349577474376,0.904277293866121,layer4_1_conv2,,0.0,0.9509350294694847,1,0,1,1,96,shrinkage
20260823-165812,full_s42_fixed_epochs5_pat2_dirichlet_a01_normmatched_lambda075,0.008281485046315824,6.858299457235262e-05,0.0032413519928542523,1.0506362741580233e-05,0.005040133484254079,2.5402945539099164e-05,5.8076631830772385e-05,0.3913974335190316,0.15319195096528476,fc,,0.0,0.391397429340695,1,0,1,1,96,shrinkage
20260823-165812,full_s42_fixed_epochs5_pat2_dirichlet_a01_normmatched_lambda075,0.07032253935455628,0.004945259541273117,0.06687216141059736,0.004471885971724987,0.00345037496170527,1.1905087376362644e-05,0.00047337356954813004,0.950934963731008,0.9042773052460935,layer4_1_conv2,,0.0,0.9509350294694847,1,0,1,2,97,shrinkage
20260823-165812,full_s42_fixed_epochs5_pat2_dirichlet_a01_normmatched_lambda075,0.011309051410731923,0.0001278946438105777,0.004426333430058336,1.9592427634052e-05,0.006882717689499554,4.737180279335007e-05,0.00010830221617652569,0.39139740985330473,0.15319193243987583,fc,,0.0,0.391397429340695,1,0,1,2,97,shrinkage
20260823-165812,full_s42_fixed_epochs5_pat2_dirichlet_a01_normmatched_lambda075,0.08658801224434369,0.007497483864426613,0.08233957023073886,0.006779804825782776,0.004248440435830258,1.8049246136797592e-05,0.000717679038643837,0.9509349862240041,0.9042773480248466,layer4_1_conv2,,0.0,0.9509350294694847,1,0,1,3,98,shrinkage
20260823-165812,full_s42_fixed_epochs5_pat2_dirichlet_a01_normmatched_lambda075,0.01408871353265522,0.00019849184900522232,0.00551428608299605,3.0407351005123928e-05,0.008574427174998069,7.352080137934536e-05,0.0001680844980000984,0.3913974168198453,0.15319193789324775,fc,,0.0,0.391397429340695,1,0,1,3,98,shrinkage
20260823-165812,full_s42_fixed_epochs5_pat2_dirichlet_a01_normmatched_lambda075,0.09857361971901979,0.009716758504509926,0.09373710464163217,0.008786644786596298,0.004836513952896244,2.3391867216560058e-05,0.0009301137179136276,0.950934995679636,0.9042773660082294,layer4_1_conv2,,0.0,0.9509350294694847,1,0,1,4,99,shrinkage
20260823-165812,full_s42_fixed_epochs5_pat2_dirichlet_a01_normmatched_lambda075,0.01636573416612213,0.00026783725479617715,0.006405506023596187,4.1030507418327034e-05,0.009960228252521847,9.920614684233442e-05,0.00022680674737785012,0.3913974135578896,0.15319193533980568,fc,,0.0,0.391397429340695,1,0,1,4,99,shrinkage
20260823-165812,full_s42_fixed_epochs5_pat2_dirichlet_a01_normmatched_lambda075,0.10934253619562302,0.011955790221691132,0.1039776433102745,0.01081135030835867,0.005364890607574999,2.878205123124644e-05,0.0011444399133324623,0.9509349876817355,0.9042773507972622,layer4_1_conv2,,0.0,0.9509350294694847,1,0,2,1,100,shrinkage
20260823-165812,full_s42_fixed_epochs5_pat2_dirichlet_a01_normmatched_lambda075,0.018359810203862462,0.0003370826307218522,0.0071859824869514866,5.1638344302773476e-05,0.011173827839072734,0.00012485442857723683,0.0002854442864190787,0.3913974277054198,0.15319194641441933,fc,,0.0,0.391397429340695,1,0,2,1,100,shrinkage
20260823-165812,full_s42_fixed_epochs5_pat2_dirichlet_a01_normmatched_lambda075,0.11804730581890388,0.013935166411101818,0.11225531363468662,0.012601255439221859,0.005791990040767621,3.354714863235131e-05,0.001333910971879959,0.9509349904765912,0.9042773561127146,layer4_1_conv2,,0.0,0.9509350294694847,1,0,2,2,101,shrinkage
20260823-165812,full_s42_fixed_epochs5_pat2_dirichlet_a01_normmatched_lambda075,0.019993328036560665,0.00039973316597752273,0.007825337048368927,6.123589992057532e-05,0.012167990959646244,0.00014806000399403274,0.0003384972660569474,0.39139742188289894,0.15319194185658003,fc,,0.0,0.391397429340695,1,0,2,2,101,shrinkage
20260823-165812,full_s42_fixed_epochs5_pat2_dirichlet_a01_normmatched_lambda075,0.12422744237728402,0.015432457439601421,0.11813222440446199,0.013955222442746162,0.006095218383146598,3.7151687138248235e-05,0.001477234996855259,0.9509350119733562,0.9042773969967668,layer4_1_conv2,,0.0,0.9509350294694847,1,0,2,3,102,shrinkage
20260823-165812,full_s42_fixed_epochs5_pat2_dirichlet_a01_normmatched_lambda075,0.021313920404241453,0.00045428320299834013,0.008342213520125397,6.959252641536295e-05,0.01297170739607812,0.00016826519276946783,0.0003846906765829772,0.3913974229942842,0.1531919427265666,fc,,0.0,0.391397429340695,1,0,2,3,102,shrinkage
20260823-165812,full_s42_fixed_epochs5_pat2_dirichlet_a01_normmatched_lambda075,0.12875193693963216,0.016577061265707016,0.12243472066599866,0.014990260824561119,0.00631721296128529,3.990717959823087e-05,0.001586800441145897,0.9509349806784231,0.904277337477873,layer4_1_conv2,,0.0,0.9509350294694847,1,0,2,4,103,shrinkage
20260823-165812,full_s42_fixed_epochs5_pat2_dirichlet_a01_normmatched_lambda075,0.022290384335888598,0.0004968612338416278,0.008724399459566776,7.611514593008906e-05,0.013565986546111488,0.00018403599096927792,0.0004207460879115388,0.3913974442118555,0.15319195933557256,fc,,0.0,0.391397429340695,1,0,2,4,103,shrinkage
20260823-165812,full_s42_fixed_epochs5_pat2_dirichlet_a01_normmatched_lambda075,0.13136694103606916,0.017257273197174072,0.12492142010427629,0.015605361200869083,0.006445517771515441,4.1544699342921376e-05,0.0016519119963049889,0.9509349850049174,0.9042773457063024,layer4_1_conv2,,0.0,0.9509350294694847,1,0,3,1,104,shrinkage
20260823-165812,full_s42_fixed_epochs5_pat2_dirichlet_a01_normmatched_lambda075,0.023034955231654837,0.0005306091625243425,0.00901582212052881,8.128504850901663e-05,0.014019133379148665,0.00019653610070236027,0.0004493241140153259,0.3913974231709897,0.1531919428648908,fc,,0.0,0.391397429340695,1,0,3,1,104,shrinkage
20260823-165812,full_s42_fixed_epochs5_pat2_dirichlet_a01_normmatched_lambda075,0.1318039890714203,0.017372291535139084,0.12533702714952022,0.015709370374679565,0.0064669622282679485,4.1821600461844355e-05,0.0016629211604595184,0.9509350060839521,0.9042773857958858,layer4_1_conv2,,0.0,0.9509350294694847,1,0,3,2,105,shrinkage
20260823-165812,full_s42_fixed_epochs5_pat2_dirichlet_a01_normmatched_lambda075,0.023534180494318192,0.0005538576515391469,0.009211217503552548,8.484652789775282e-05,0.014322963006945263,0.0002051472692983225,0.0004690111236413941,0.39139741899134295,0.15319193959308483,fc,,0.0,0.391397429340695,1,0,3,2,105,shrinkage
20260823-165812,full_s42_fixed_epochs5_pat2_dirichlet_a01_normmatched_lambda075,0.13154034856212998,0.01730286329984665,0.1250863224228756,0.015646588057279587,0.006454026430340314,4.165445716353133e-05,0.0016562752425670624,0.950935008080764,0.9042773895935627,layer4_1_conv2,,0.0,0.9509350294694847,1,0,3,3,106,shrinkage
20260823-165812,full_s42_fixed_epochs5_pat2_dirichlet_a01_normmatched_lambda075,0.02384450546823317,0.0005685604410246015,0.009332678494875664,8.709888788871467e-05,0.014511828399670088,0.00021059316350147128,0.0004814615531358868,0.3913974440488657,0.15319195920798492,fc,,0.0,0.391397429340695,1,0,3,3,106,shrinkage
20260823-165812,full_s42_fixed_epochs5_pat2_dirichlet_a01_normmatched_lambda075,0.1295678687131132,0.016787832602858543,0.12321062016230075,0.015180856920778751,0.006357246499418689,4.041458305437118e-05,0.001606975682079792,0.9509349917232292,0.9042773584836576,layer4_1_conv2,,0.0,0.9509350294694847,1,0,3,4,107,shrinkage
20260823-165812,full_s42_fixed_epochs5_pat2_dirichlet_a01_normmatched_lambda075,0.023978040026311948,0.000574946403503418,0.009384942990868771,8.807715494185686e-05,0.014593096344042976,0.00021295846090652049,0.0004868692485615611,0.39139741949593637,0.15319193998807795,fc,,0.0,0.391397429340695,1,0,3,4,107,shrinkage
20260823-165812,full_s42_fixed_epochs5_pat2_dirichlet_a01_normmatched_lambda075,0.13496069680398104,0.0182143896818161,0.12881788924473186,0.016594048589468002,0.006142816968202761,3.773420030483976e-05,0.0016203410923480988,0.9544844706294672,0.9110406046728139,layer4_1_conv2,,0.0,0.9544844199152055,2,0,1,1,108,shrinkage
20260823-165812,full_s42_fixed_epochs5_pat2_dirichlet_a01_normmatched_lambda075,0.025058555573265626,0.0006279312074184418,0.009070169758664362,8.226797945098951e-05,0.015988385154669358,0.00025562845985405147,0.0005456632279674523,0.36195900167291,0.13101431889204967,fc,,0.0,0.3619590066610007,2,0,1,1,108,shrinkage
20260823-165812,full_s42_fixed_epochs5_pat2_dirichlet_a01_normmatched_lambda075,0.13964380910179242,0.01950039342045784,0.1332878344050905,0.017765646800398827,0.006355971096758384,4.039836858282797e-05,0.0017347466200590134,0.9544843789525337,0.911040429664404,layer4_1_conv2,,0.0,0.9544844199152055,2,0,1,2,109,shrinkage
20260823-165812,full_s42_fixed_epochs5_pat2_dirichlet_a01_normmatched_lambda075,0.0258707616243437,0.0006692963070236146,0.009364155647803784,8.768741099629551e-05,0.01650660721273363,0.0002724680816754699,0.0005816088960273191,0.3619590247776997,0.13101433561802345,fc,,0.0,0.3619590066610007,2,0,1,2,109,shrinkage
20260823-165812,full_s42_fixed_epochs5_pat2_dirichlet_a01_normmatched_lambda075,0.14344638839516818,0.02057686634361744,0.13691734467842748,0.018746359273791313,0.006529047999629749,4.2628467781469226e-05,0.001830507069826126,0.9544844328965997,0.9110405326419435,layer4_1_conv2,,0.0,0.9544844199152055,2,0,1,3,110,shrinkage
20260823-165812,full_s42_fixed_epochs5_pat2_dirichlet_a01_normmatched_lambda075,0.026399555031225038,0.0006969365058466792,0.009555556623077078,9.130866237683222e-05,0.016843997827544182,0.0002837202628143132,0.000605627843469847,0.3619590031640645,0.13101431997152324,fc,,0.0,0.3619590066610007,2,0,1,3,110,shrinkage
20260823-165812,full_s42_fixed_epochs5_pat2_dirichlet_a01_normmatched_lambda075,0.14539832277740794,0.021140672266483307,0.13878043049392336,0.01926000788807869,0.006617891520054595,4.379648817121051e-05,0.0018806643784046173,0.9544843973639504,0.9110404648112232,layer4_1_conv2,,0.0,0.9544844199152055,2,0,1,4,111,shrinkage
20260823-165812,full_s42_fixed_epochs5_pat2_dirichlet_a01_normmatched_lambda075,0.02678884565266185,0.0007176422514021397,0.00969646446586315,9.402142313774675e-05,0.01709238186789675,0.0002921495179180056,0.0006236208282643929,0.36195902546848524,0.13101433611809554,fc,,0.0,0.3619590066610007,2,0,1,4,111,shrinkage
20260823-165812,full_s42_fixed_epochs5_pat2_dirichlet_a01_normmatched_lambda075,0.14568614911959105,0.021224454045295715,0.13905515222746648,0.019336335361003876,0.006630991818884868,4.397005250211805e-05,0.0018881186842918396,0.9544843697757341,0.9110404121461805,layer4_1_conv2,,0.0,0.9544844199152055,2,0,2,1,112,shrinkage
20260823-165812,full_s42_fixed_epochs5_pat2_dirichlet_a01_normmatched_lambda075,0.026892549750663356,0.0007232092320919037,0.009734001216401595,9.475077968090773e-05,0.017158549008929658,0.000294415804091841,0.000628458452410996,0.361959029792684,0.13101433924846112,fc,,0.0,0.3619590066610007,2,0,2,1,112,shrinkage
20260823-165812,full_s42_fixed_epochs5_pat2_dirichlet_a01_normmatched_lambda075,0.14500658382069717,0.021026909351348877,0.13840651980322324,0.01915636472404003,0.006600060735644262,4.3560801714193076e-05,0.0018705446273088455,0.954484383787463,0.9110404388941331,layer4_1_conv2,,0.0,0.9544844199152055,2,0,2,2,113,shrinkage
20260823-165812,full_s42_fixed_epochs5_pat2_dirichlet_a01_normmatched_lambda075,0.026963081196847566,0.0007270077476277947,0.009759530013165972,9.524842607788742e-05,0.017203550471099508,0.00029596214881166816,0.0006317593215499073,0.3619590039400625,0.13101432053328219,fc,,0.0,0.3619590066610007,2,0,2,2,113,shrinkage
20260823-165812,full_s42_fixed_epochs5_pat2_dirichlet_a01_normmatched_lambda075,0.1426524660876722,0.02034972608089447,0.1361595570852344,0.0185394249856472,0.006492912272215538,4.215790977468714e-05,0.0018103010952472687,0.9544844251171419,0.9110405177912008,layer4_1_conv2,,0.0,0.9544844199152055,2,0,2,3,114,shrinkage
20260823-165812,full_s42_fixed_epochs5_pat2_dirichlet_a01_normmatched_lambda075,0.026876453307342868,0.0007223437423817813,0.009728174371665685,9.463737660553306e-05,0.01714827901336842,0.00029406347312033176,0.0006277063657762483,0.3619590077760695,0.13101432331023674,fc,,0.0,0.3619590066610007,2,0,2,3,114,shrinkage
20260823-165812,full_s42_fixed_epochs5_pat2_dirichlet_a01_normmatched_lambda075,0.1410411465551665,0.019892605021595955,0.1346215777475762,0.018122969195246696,0.006419572221839482,4.12109075114131e-05,0.0017696358263492584,0.9544844255425888,0.9110405186033658,layer4_1_conv2,,0.0,0.9544844199152055,2,0,2,4,115,shrinkage
20260823-165812,full_s42_fixed_epochs5_pat2_dirichlet_a01_normmatched_lambda075,0.02673899361223647,0.0007149737793952227,0.00967841998336429,9.367181337438524e-05,0.01706057494477276,0.000291063217446208,0.0006213019660208374,0.3619590222324295,0.1310143337754564,fc,,0.0,0.3619590066610007,2,0,2,4,115,shrinkage
20260823-165812,full_s42_fixed_epochs5_pat2_dirichlet_a01_normmatched_lambda075,0.13738726931087425,0.018875261768698692,0.13113400834589123,0.017196128144860268,0.006253263363811365,3.910330269718543e-05,0.0016791336238384247,0.9544844220549038,0.9110405119454834,layer4_1_conv2,,0.0,0.9544844199152055,2,0,3,1,116,shrinkage
20260823-165812,full_s42_fixed_epochs5_pat2_dirichlet_a01_normmatched_lambda075,0.026382595214070412,0.000696041330229491,0.009549418227934455,9.119138849200681e-05,0.01683317717346207,0.0002833558537531644,0.0006048499417374842,0.36195901693710336,0.13101432994207426,fc,,0.0,0.3619590066610007,2,0,3,1,116,shrinkage
20260823-165812,full_s42_fixed_epochs5_pat2_dirichlet_a01_normmatched_lambda075,0.1331118967654985,0.017718777060508728,0.1270532286728589,0.016142522916197777,0.0060586676378651325,3.6707453546114266e-05,0.0015762541443109512,0.9544843981653038,0.9110404663409826,layer4_1_conv2,,0.0,0.9544844199152055,2,0,3,2,117,shrinkage
20260823-165812,full_s42_fixed_epochs5_pat2_dirichlet_a01_normmatched_lambda075,0.025948864019347533,0.000673343543894589,0.00939242533552366,8.821765368338674e-05,0.01655643918907251,0.000274115678621456,0.0005851258902112022,0.3619590178791891,0.13101433062406714,fc,,0.0,0.3619590066610007,2,0,3,2,117,shrinkage
20260823-165812,full_s42_fixed_epochs5_pat2_dirichlet_a01_normmatched_lambda075,0.1279321262622202,0.01636662892997265,0.122109216212818,0.014910660684108734,0.005822907026944679,3.390624624444172e-05,0.0014559682458639145,0.9544843799635826,0.9110404315944647,layer4_1_conv2,,0.0,0.9544844199152055,2,0,3,3,118,shrinkage
20260823-165812,full_s42_fixed_epochs5_pat2_dirichlet_a01_normmatched_lambda075,0.025453441658151988,0.000647877692244947,0.009213102806297287,8.488126331940293e-05,0.016240339660188556,0.00026374863227829337,0.000562996428925544,0.3619590203176552,0.13101433238931673,fc,,0.0,0.3619590066610007,2,0,3,3,118,shrinkage
20260823-165812,full_s42_fixed_epochs5_pat2_dirichlet_a01_normmatched_lambda075,0.12291316684761971,0.015107646584510803,0.11731870379503676,0.013763678260147572,0.005594466511326905,3.129805554635823e-05,0.0013439683243632317,0.9544844283483589,0.9110405239594933,layer4_1_conv2,,0.0,0.9544844199152055,2,0,3,4,119,shrinkage
20260823-165812,full_s42_fixed_epochs5_pat2_dirichlet_a01_normmatched_lambda075,0.02490839931312363,0.0006204283563420177,0.009015819699465542,8.128500485327095e-05,0.01589258003469256,0.00025257410015910864,0.0005391433514887467,0.3619590157571999,0.13101432908792088,fc,,0.0,0.3619590066610007,2,0,3,4,119,shrinkage
20260823-165812,full_s42_fixed_epochs5_pat2_dirichlet_a01_normmatched_lambda075,0.12823920626142427,0.01644529402256012,0.12298983053922048,0.01512649841606617,0.005249377588035096,2.7555965061765164e-05,0.0013187956064939499,0.9590657500522689,0.9198071129233208,layer4_1_conv2,,0.0,0.959065706314535,3,0,1,1,120,shrinkage
20260823-165812,full_s42_fixed_epochs5_pat2_dirichlet_a01_normmatched_lambda075,0.025651568627834548,0.0006580029730685055,0.009298797399775184,8.646763308206573e-05,0.016352772051819276,0.0002674131537787616,0.0005715353399864398,0.36250404545182663,0.13140918296894,fc,,0.0,0.36250402579036506,3,0,1,1,120,shrinkage
20260823-165812,full_s42_fixed_epochs5_pat2_dirichlet_a01_normmatched_lambda075,0.13339812528649095,0.017795059829950333,0.1279375714500798,0.016368022188544273,0.005460554260364821,2.9817652830388397e-05,0.0014270376414060593,0.9590657378079052,0.9198070894370215,layer4_1_conv2,,0.0,0.959065706314535,3,0,1,2,121,shrinkage
20260823-165812,full_s42_fixed_epochs5_pat2_dirichlet_a01_normmatched_lambda075,0.026222311135752505,0.0006876096013002098,0.009505693625909108,9.035821130964905e-05,0.016716618006458284,0.0002794453175738454,0.0005972513899905607,0.36250403622694727,0.1314091762808279,fc,,0.0,0.36250402579036506,3,0,1,2,121,shrinkage
20260823-165812,full_s42_fixed_epochs5_pat2_dirichlet_a01_normmatched_lambda075,0.13716779263178336,0.01881500333547592,0.13155293642835184,0.017306175082921982,0.005614863129451039,3.1526687962468714e-05,0.0015088282525539398,0.9590657828947924,0.919807175919601,layer4_1_conv2,,0.0,0.959065706314535,3,0,1,3,122,shrinkage
20260823-165812,full_s42_fixed_epochs5_pat2_dirichlet_a01_normmatched_lambda075,0.026666741029566156,0.0007111150771379471,0.009666801150937567,9.344704449176788e-05,0.01699993974781491,0.00028899795142933726,0.0006176680326461792,0.3625040322782494,0.13140917341799008,fc,,0.0,0.36250402579036506,3,0,1,3,122,shrinkage
20260823-165812,full_s42_fixed_epochs5_pat2_dirichlet_a01_normmatched_lambda075,0.13882427169441144,0.019272178411483765,0.13314160075578318,0.017726685851812363,0.0056826695770473236,3.229273352189921e-05,0.001545492559671402,0.9590657248241338,0.919807064532441,layer4_1_conv2,,0.0,0.959065706314535,3,0,1,4,123,shrinkage
20260823-165812,full_s42_fixed_epochs5_pat2_dirichlet_a01_normmatched_lambda075,0.026917645696180343,0.0007245596498250961,0.009757755133414975,9.521378524368629e-05,0.017159890627612508,0.00029446184635162354,0.0006293458645814098,0.3625040333597829,0.13140917420211057,fc,,0.0,0.36250402579036506,3,0,1,4,123,shrinkage
20260823-165812,full_s42_fixed_epochs5_pat2_dirichlet_a01_normmatched_lambda075,0.14044047541027768,0.019723527133464813,0.13469164656077806,0.018141839653253555,0.005748827882461701,3.304902202216908e-05,0.001581687480211258,0.9590657263676643,0.9198070674931353,layer4_1_conv2,,0.0,0.959065706314535,3,0,2,1,124,shrinkage
20260823-165812,full_s42_fixed_epochs5_pat2_dirichlet_a01_normmatched_lambda075,0.026941577538599406,0.000725848600268364,0.009766431119549356,9.538317681290209e-05,0.01717514734131892,0.0002949856861960143,0.0006304654234554619,0.36250405550888454,0.13140919026038847,fc,,0.0,0.36250402579036506,3,0,2,1,124,shrinkage
20260823-165812,full_s42_fixed_epochs5_pat2_dirichlet_a01_normmatched_lambda075,0.1391970535351854,0.019375819712877274,0.1334991237070491,0.017822016030550003,0.0056979287851161966,3.246639244025573e-05,0.0015538036823272705,0.9590657296011226,0.9198070736953335,layer4_1_conv2,,0.0,0.959065706314535,3,0,2,2,125,shrinkage
20260823-165812,full_s42_fixed_epochs5_pat2_dirichlet_a01_normmatched_lambda075,0.0268102937825228,0.0007187918527051806,0.009718839512156746,9.445584146305919e-05,0.01709145470247159,0.0002921178238466382,0.0006243360112421215,0.3625040288999855,0.13140917096872154,fc,,0.0,0.36250402579036506,3,0,2,2,125,shrinkage
20260823-165812,full_s42_fixed_epochs5_pat2_dirichlet_a01_normmatched_lambda075,0.13692206523977382,0.01874765194952488,0.13131726278467185,0.01724422350525856,0.005604804241355368,3.1413830583915114e-05,0.0015034284442663193,0.9590657470343658,0.9198071071345859,layer4_1_conv2,,0.0,0.959065706314535,3,0,2,3,126,shrinkage
20260823-165812,full_s42_fixed_epochs5_pat2_dirichlet_a01_normmatched_lambda075,0.026570766053370817,0.0007060056086629629,0.009632009751198004,9.277561184717342e-05,0.016938755896874783,0.0002869214513339102,0.0006132299968157895,0.3625040291217373,0.13140917112949338,fc,,0.0,0.36250402579036506,3,0,2,3,126,shrinkage
20260823-165812,full_s42_fixed_epochs5_pat2_dirichlet_a01_normmatched_lambda075,0.13336977029296895,0.017787495627999306,0.1279103795980291,0.016361065208911896,0.005459393566342739,2.980497811222449e-05,0.00142643041908741,0.9590657561833735,0.9198071246835858,layer4_1_conv2,,0.0,0.959065706314535,3,0,2,4,127,shrinkage
20260823-165812,full_s42_fixed_epochs5_pat2_dirichlet_a01_normmatched_lambda075,0.026188512129474446,0.0006858381675556302,0.009493441121202621,9.012542432174087e-05,0.016695071285372447,0.0002787254052236676,0.0005957127432338893,0.3625040275013568,0.13140916995470445,fc,,0.0,0.36250402579036506,3,0,2,4,127,shrinkage
20260823-165812,full_s42_fixed_epochs5_pat2_dirichlet_a01_normmatched_lambda075,0.1290290998509298,0.016648508608341217,0.12374738323209705,0.015313414856791496,0.005281711143384437,2.7896472602151334e-05,0.0013350937515497208,0.9590656942896227,0.9198070059632361,layer4_1_conv2,,0.0,0.959065706314535,3,0,3,1,128,shrinkage
20260823-165812,full_s42_fixed_epochs5_pat2_dirichlet_a01_normmatched_lambda075,0.0257334218563807,0.0006622090004384518,0.00932846953826133,8.702034392626956e-05,0.016404952909080433,0.0002691224799491465,0.0005751886565121822,0.3625040459183356,0.1314091833071628,fc,,0.0,0.36250402579036506,3,0,3,1,128,shrinkage
20260823-165812,full_s42_fixed_epochs5_pat2_dirichlet_a01_normmatched_lambda075,0.1247456876784883,0.015561486594378948,0.11963931447118799,0.01431356556713581,0.005106373052647517,2.6075045752804726e-05,0.0012479210272431374,0.9590657336351285,0.9198070814330871,layer4_1_conv2,,0.0,0.959065706314535,3,0,3,2,129,shrinkage
20260823-165812,full_s42_fixed_epochs5_pat2_dirichlet_a01_normmatched_lambda075,0.025217458414336983,0.0006359202088788152,0.009141430721218825,8.356575563084334e-05,0.0160760277281203,0.00025843866751529276,0.0005523544532479718,0.36250404664181424,0.13140918383169065,fc,,0.0,0.36250402579036506,3,0,3,2,129,shrinkage
20260823-165812,full_s42_fixed_epochs5_pat2_dirichlet_a01_normmatched_lambda075,0.11950009476037438,0.014280272647738457,0.11460844265117164,0.013135095126926899,0.004891648344580445,2.3928223527036607e-05,0.0011451775208115578,0.959065705186162,0.9198070268642302,layer4_1_conv2,,0.0,0.959065706314535,3,0,3,3,130,shrinkage
20260823-165812,full_s42_fixed_epochs5_pat2_dirichlet_a01_normmatched_lambda075,0.02458305048409422,0.0006043263711035252,0.008911455324947175,7.941403600852937e-05,0.01567159537280315,0.0002455989015288651,0.0005249123350949958,0.36250404849931395,0.13140918517839295,fc,,0.0,0.36250402579036506,3,0,3,3,130,shrinkage
20260823-165812,full_s42_fixed_epochs5_pat2_dirichlet_a01_normmatched_lambda075,0.11508548946084943,0.013244669884443283,0.11037454956455275,0.012182541191577911,0.004710939919992437,2.2192954929778352e-05,0.0010621286928653717,0.9590657352341603,0.9198070845002403,layer4_1_conv2,,0.0,0.959065706314535,3,0,3,4,131,shrinkage
20260823-165812,full_s42_fixed_epochs5_pat2_dirichlet_a01_normmatched_lambda075,0.0240129905563697,0.0005766237154603004,0.008704805660295337,7.577364158350974e-05,0.01530818430520809,0.0002343405067222193,0.0005008500738767907,0.3625040221400618,0.13140916606772243,fc,,0.0,0.36250402579036506,3,0,3,4,131,shrinkage
20260823-165812,full_s42_fixed_epochs5_pat2_dirichlet_a01_normmatched_lambda075,0.12027795623933568,0.01446678675711155,0.11573974869444219,0.01339568942785263,0.0045382065121311954,2.059531834674999e-05,0.0010710973292589188,0.9622690001826842,0.9259616287125826,layer4_1_conv2,,0.0,0.9622690109288696,4,0,1,1,132,shrinkage
20260823-165812,full_s42_fixed_epochs5_pat2_dirichlet_a01_normmatched_lambda075,0.024666638395086777,0.0006084430497139692,0.009157360951535,8.385725959669799e-05,0.015509277455922251,0.0002405376872047782,0.0005245857901172712,0.3712447884004741,0.13782269291451274,fc,,0.0,0.37124479674764904,4,0,1,1,132,shrinkage
20260823-165812,full_s42_fixed_epochs5_pat2_dirichlet_a01_normmatched_lambda075,0.1254026885483466,0.015725834295153618,0.1206711231325824,0.014561519958078861,0.004731567830444729,2.2387734134099446e-05,0.0011643143370747566,0.9622690273188198,0.9259616809371077,layer4_1_conv2,,0.0,0.9622690109288696,4,0,1,2,133,shrinkage
20260823-165812,full_s42_fixed_epochs5_pat2_dirichlet_a01_normmatched_lambda075,0.025216581272181227,0.0006358759710565209,0.009361524741584026,8.763814548728988e-05,0.015855057592916024,0.00025138285127468407,0.0005482378255692311,0.3712448027961507,0.13782270360315282,fc,,0.0,0.37124479674764904,4,0,1,2,133,shrinkage
20260823-165812,full_s42_fixed_epochs5_pat2_dirichlet_a01_normmatched_lambda075,0.12850222706163633,0.01651282235980034,0.12365371684057828,0.015290241688489914,0.004848516615664266,2.3508113372372463e-05,0.0012225806713104248,0.9622690568722015,0.9259617378137164,layer4_1_conv2,,0.0,0.9622690109288696,4,0,1,3,134,shrinkage
20260823-165812,full_s42_fixed_epochs5_pat2_dirichlet_a01_normmatched_lambda075,0.025539582517498615,0.0006522702751681209,0.009481436768373833,8.989764319267124e-05,0.016058145642842917,0.000257864041486755,0.0005623726319754496,0.3712447829512312,0.1378226888685068,fc,,0.0,0.37124479674764904,4,0,1,3,134,shrinkage
20260823-165812,full_s42_fixed_epochs5_pat2_dirichlet_a01_normmatched_lambda075,0.13156279065514578,0.01730876788496971,0.12659880270534915,0.016027256846427917,0.004963994734723672,2.4641243726364337e-05,0.0012815110385417938,0.9622690585607271,0.925961741063348,layer4_1_conv2,,0.0,0.9622690109288696,4,0,1,4,135,shrinkage
20260823-165812,full_s42_fixed_epochs5_pat2_dirichlet_a01_normmatched_lambda075,0.025734038229816354,0.0006622407236136496,0.009553627707607135,9.127180237555876e-05,0.01618041157587355,0.00026180571876466274,0.0005709689212380908,0.37124479346338923,0.13782269667367453,fc,,0.0,0.37124479674764904,4,0,1,4,135,shrinkage
20260823-165812,full_s42_fixed_epochs5_pat2_dirichlet_a01_normmatched_lambda075,0.1318014947616354,0.017371634021401405,0.12682849194872,0.016085466369986534,0.0049730010882774,2.4730739824008197e-05,0.0012861676514148712,0.9622689953409926,0.9259616193945632,layer4_1_conv2,,0.0,0.9622690109288696,4,0,2,1,136,shrinkage
20260823-165812,full_s42_fixed_epochs5_pat2_dirichlet_a01_normmatched_lambda075,0.02576355936786273,0.0006637609913013875,0.009564587190620116,9.14813281269744e-05,0.016198972586667165,0.0002624067128635943,0.0005722796631744131,0.3712447901337309,0.1378226942014379,fc,,0.0,0.37124479674764904,4,0,2,1,136,shrinkage
20260823-165812,full_s42_fixed_epochs5_pat2_dirichlet_a01_normmatched_lambda075,0.13071531935477831,0.017086494714021683,0.12578331371059714,0.015821442008018494,0.004932018723782858,2.4324808691744693e-05,0.001265052706003189,0.9622691076415071,0.9259618355211822,layer4_1_conv2,,0.0,0.9622690109288696,4,0,2,2,137,shrinkage
20260823-165812,full_s42_fixed_epochs5_pat2_dirichlet_a01_normmatched_lambda075,0.02558391386503339,0.0006545366486534476,0.009497894506312866,9.021000005304813e-05,0.016086018864447646,0.00025876000290736556,0.0005643266486003995,0.3712447812488158,0.13782268760448113,fc,,0.0,0.37124479674764904,4,0,2,2,137,shrinkage
20260823-165812,full_s42_fixed_epochs5_pat2_dirichlet_a01_normmatched_lambda075,0.1279955978083586,0.016382873058319092,0.12316620051460728,0.015169912949204445,0.004829401088548583,2.3323114874074236e-05,0.001212960109114647,0.9622690359946431,0.9259616976340597,layer4_1_conv2,,0.0,0.9622690109288696,4,0,2,3,138,shrinkage
20260823-165812,full_s42_fixed_epochs5_pat2_dirichlet_a01_normmatched_lambda075,0.025264239749048383,0.0006382818100973964,0.009379217740711826,8.796972542768344e-05,0.015885022359133767,0.00025233393535017967,0.0005503120846697129,0.37124480427182094,0.13782270469882263,fc,,0.0,0.37124479674764904,4,0,2,3,138,shrinkage
20260823-165812,full_s42_fixed_epochs5_pat2_dirichlet_a01_normmatched_lambda075,0.12426393949506441,0.015441526658833027,0.11957534447331651,0.014298263005912304,0.004688601834655791,2.198298716393765e-05,0.001143263652920723,0.9622690617986233,0.9259617472948025,layer4_1_conv2,,0.0,0.9622690109288696,4,0,2,4,139,shrinkage
20260823-165812,full_s42_fixed_epochs5_pat2_dirichlet_a01_normmatched_lambda075,0.024824118934763825,0.0006162368808872998,0.009215824638695937,8.493142377119511e-05,0.01560829431832869,0.00024361885152757168,0.0005313054571161047,0.3712447826613515,0.13782268865327416,fc,,0.0,0.37124479674764904,4,0,2,4,139,shrinkage
20260823-165812,full_s42_fixed_epochs5_pat2_dirichlet_a01_normmatched_lambda075,0.12010683232153514,0.014425651170313358,0.11557508467310766,0.013357600197196007,0.004531749971246454,2.0536757801892236e-05,0.0010680509731173515,0.9622690269917731,0.9259616803076938,layer4_1_conv2,,0.0,0.9622690109288696,4,0,3,1,140,shrinkage
20260823-165812,full_s42_fixed_epochs5_pat2_dirichlet_a01_normmatched_lambda075,0.024323435900967416,0.0005916295340284705,0.009029949253008146,8.153998351190239e-05,0.015293487198093708,0.00023389075067825615,0.0005100895505165681,0.37124480643990754,0.13782270630860444,fc,,0.0,0.37124479674764904,4,0,3,1,140,shrinkage
20260823-165812,full_s42_fixed_epochs5_pat2_dirichlet_a01_normmatched_lambda075,0.11575338704064161,0.013398846611380577,0.11138589514558805,0.012406817637383938,0.004367489989054227,1.907496880448889e-05,0.0009920289739966393,0.9622689926686974,0.9259616142516297,layer4_1_conv2,,0.0,0.9622690109288696,4,0,3,2,141,shrinkage
20260823-165812,full_s42_fixed_epochs5_pat2_dirichlet_a01_normmatched_lambda075,0.023780598790836997,0.0005655168788507581,0.008828423531145503,7.794106204528362e-05,0.014952175888732442,0.0002235675638075918,0.00048757581680547446,0.3712447953390989,0.13782269806636938,fc,,0.0,0.37124479674764904,4,0,3,2,141,shrinkage
20260823-165812,full_s42_fixed_epochs5_pat2_dirichlet_a01_normmatched_lambda075,0.11083113850425705,0.01228354126214981,0.10664936945069789,0.011374088004231453,0.004181768683827257,1.7487189325038344e-05,0.0009094532579183578,0.9622690057145038,0.9259616393587797,layer4_1_conv2,,0.0,0.9622690109288696,4,0,3,3,142,shrinkage
20260823-165812,full_s42_fixed_epochs5_pat2_dirichlet_a01_normmatched_lambda075,0.023171487333131336,0.000536917825229466,0.008602293736379387,7.399945752695203e-05,0.014569193856050048,0.00021226140961516649,0.00046291836770251393,0.37124478082507684,0.13782268728985933,fc,,0.0,0.37124479674764904,4,0,3,3,142,shrinkage
20260823-165812,full_s42_fixed_epochs5_pat2_dirichlet_a01_normmatched_lambda075,0.10613359954339985,0.011264340952038765,0.10212907115217514,0.010430347174406052,0.004004526035819259,1.6036228771554306e-05,0.0008339937776327133,0.9622689854254195,0.9259616003116661,layer4_1_conv2,,0.0,0.9622690109288696,4,0,3,4,143,shrinkage
20260823-165812,full_s42_fixed_epochs5_pat2_dirichlet_a01_normmatched_lambda075,0.02256613823002029,0.0005092305946163833,0.008377561572465334,7.018353790044785e-05,0.014188576615113576,0.00020131570636294782,0.00043904705671593547,0.371244804364464,0.13782270476760913,fc,,0.0,0.37124479674764904,4,0,3,4,143,shrinkage
20260823-165812,full_s42_fixed_epochs5_pat2_dirichlet_a01_normmatched_lambda075,0.1111605369968062,0.01235666498541832,0.10721175711722314,0.011494360864162445,0.003948781990471297,1.559287920827046e-05,0.0008623041212558746,0.9644767829819272,0.9302154649111674,layer4_1_conv2,,0.0,0.9644767615339928,5,0,1,1,144,shrinkage
20260823-165812,full_s42_fixed_epochs5_pat2_dirichlet_a01_normmatched_lambda075,0.023288086641028254,0.0005423349794000387,0.008708786346655891,7.584295963170007e-05,0.014579300346280324,0.00021255599858704954,0.00046649201976833865,0.37395886063533496,0.13984522944767788,fc,,0.0,0.3739588521592613,5,0,1,1,144,shrinkage
20260823-165812,full_s42_fixed_epochs5_pat2_dirichlet_a01_normmatched_lambda075,0.11595928770147296,0.013446556404232979,0.1118400373849901,0.012508193962275982,0.004119249137684279,1.6968213458312675e-05,0.0009383624419569969,0.9644767538837639,0.9302154087821622,layer4_1_conv2,,0.0,0.9644767615339928,5,0,1,2,145,shrinkage
20260823-165812,full_s42_fixed_epochs5_pat2_dirichlet_a01_normmatched_lambda075,0.02384294064924271,0.0005684858188033104,0.008916279371325744,7.950003782752901e-05,0.014926662291900308,0.00022280524717643857,0.0004889857809757814,0.37395887959017077,0.1398452436243359,fc,,0.0,0.3739588521592613,5,0,1,2,145,shrinkage
20260823-165812,full_s42_fixed_epochs5_pat2_dirichlet_a01_normmatched_lambda075,0.11935558625585171,0.014245755970478058,0.11511568649033116,0.013251621276140213,0.004239896582380072,1.797672302927822e-05,0.0009941346943378448,0.9644767379682433,0.9302153780818636,layer4_1_conv2,,0.0,0.9644767615339928,5,0,1,3,146,shrinkage
20260823-165812,full_s42_fixed_epochs5_pat2_dirichlet_a01_normmatched_lambda075,0.024228146291529327,0.0005870030727237463,0.00906033043118213,8.208958752220497e-05,0.015167816772713899,0.00023006266565062106,0.0005049134852015413,0.37395887915493614,0.13984524329881615,fc,,0.0,0.3739588521592613,5,0,1,3,146,shrinkage
20260823-165812,full_s42_fixed_epochs5_pat2_dirichlet_a01_normmatched_lambda075,0.12043598560094786,0.014504826627671719,0.11615770787819221,0.013492613099515438,0.004278275883788854,1.8303644537809305e-05,0.0010122135281562805,0.9644767491924608,0.9302153997328572,layer4_1_conv2,,0.0,0.9644767615339928,5,0,1,4,147,shrinkage
20260823-165812,full_s42_fixed_epochs5_pat2_dirichlet_a01_normmatched_lambda075,0.024298640640077602,0.0005904239369556308,0.00908669136195704,8.256795990746468e-05,0.015211948024643028,0.00023140336270444095,0.0005078559770481661,0.37395883566299865,0.13984521077042564,fc,,0.0,0.3739588521592613,5,0,1,4,147,shrinkage
20260823-165812,full_s42_fixed_epochs5_pat2_dirichlet_a01_normmatched_lambda075,0.12140823106119067,0.014739958569407463,0.11709541835670433,0.013711337000131607,0.004312813245355716,1.8600358089315705e-05,0.001028621569275856,0.9644767684465095,0.930215436873022,layer4_1_conv2,,0.0,0.9644767615339928,5,0,2,1,148,shrinkage
20260823-165812,full_s42_fixed_epochs5_pat2_dirichlet_a01_normmatched_lambda075,0.024383864800523746,0.0005945728626102209,0.009118562050644286,8.314817387145013e-05,0.015265303174963477,0.00023302948102355003,0.0005114246887387708,0.37395885046280386,0.13984522183946171,fc,,0.0,0.3739588521592613,5,0,2,1,148,shrinkage
20260823-165812,full_s42_fixed_epochs5_pat2_dirichlet_a01_normmatched_lambda075,0.12027530420309872,0.014466148801147938,0.11600273780017206,0.013456635177135468,0.004272568011645147,1.8254837414133362e-05,0.0010095136240124702,0.964476777412993,0.9302154541689519,layer4_1_conv2,,0.0,0.9644767615339928,5,0,2,2,149,shrinkage
20260823-165812,full_s42_fixed_epochs5_pat2_dirichlet_a01_normmatched_lambda075,0.024253253623560875,0.0005882203113287687,0.009069718919273693,8.225980127463117e-05,0.015183535017889209,0.00023053973563946784,0.0005059605100541376,0.3739588535231782,0.1398452241283699,fc,,0.0,0.3739588521592613,5,0,2,2,149,shrinkage
20260823-165812,full_s42_fixed_epochs5_pat2_dirichlet_a01_normmatched_lambda075,0.11765102268476486,0.013841763138771057,0.11347167682471239,0.012875821441411972,0.004179344920450266,1.746692396409344e-05,0.0009659416973590851,0.9644767570678017,0.9302154149240235,layer4_1_conv2,,0.0,0.9644767615339928,5,0,2,3,150,shrinkage
20260823-165812,full_s42_fixed_epochs5_pat2_dirichlet_a01_normmatched_lambda075,0.02399867373820006,0.0005759363411925733,0.00897451657093141,8.054194768192247e-05,0.015024157455436189,0.0002257253072457388,0.0004953943935106508,0.3739588557615231,0.13984522580246764,fc,,0.0,0.3739588521592613,5,0,2,3,150,shrinkage
20260823-165812,full_s42_fixed_epochs5_pat2_dirichlet_a01_normmatched_lambda075,0.11462595311369712,0.013139109127223492,0.11055406624551586,0.012222201563417912,0.004071884679900597,1.6580244846409187e-05,0.0009169075638055801,0.9644767458191396,0.9302153932258771,layer4_1_conv2,,0.0,0.9644767615339928,5,0,2,4,151,shrinkage
20260823-165812,full_s42_fixed_epochs5_pat2_dirichlet_a01_normmatched_lambda075,0.023709543739437133,0.0005621424643322825,0.00886639377217663,7.861293852329254e-05,0.014843149314195506,0.00022031908156350255,0.00048352952580899,0.3739588525876508,0.13984522342867237,fc,,0.0,0.3739588521592613,5,0,2,4,151,shrinkage
20260823-165812,full_s42_fixed_epochs5_pat2_dirichlet_a01_normmatched_lambda075,0.1112013144796624,0.012365732342004776,0.10725108354416828,0.011502794921398163,0.003950230455507471,1.5604320651618764e-05,0.0008629374206066132,0.9644767604233978,0.9302154213968122,layer4_1_conv2,,0.0,0.9644767615339928,5,0,3,1,152,shrinkage
20260823-165812,full_s42_fixed_epochs5_pat2_dirichlet_a01_normmatched_lambda075,0.023335218769380415,0.0005445324350148439,0.008726411616554373,7.61502597015351e-05,0.014608806903300667,0.0002134172391379252,0.00046838217531330884,0.37395885175950605,0.1398452228092882,fc,,0.0,0.3739588521592613,5,0,3,1,152,shrinkage
20260823-165812,full_s42_fixed_epochs5_pat2_dirichlet_a01_normmatched_lambda075,0.10725302864680135,0.01150321215391159,0.10344305283575017,0.010700465179979801,0.003809974608069489,1.4515906514134258e-05,0.0008027469739317894,0.9644767531591304,0.9302154073843782,layer4_1_conv2,,0.0,0.9644767615339928,5,0,3,2,153,shrinkage
20260823-165812,full_s42_fixed_epochs5_pat2_dirichlet_a01_normmatched_lambda075,0.02285297992581485,0.0005222586914896965,0.00854607386998015,7.30353785911575e-05,0.014306904998654066,0.0002046875306405127,0.000449223312898539,0.37395884027913834,0.1398452142229181,fc,,0.0,0.3739588521592613,5,0,3,2,153,shrinkage
20260823-165812,full_s42_fixed_epochs5_pat2_dirichlet_a01_normmatched_lambda075,0.10295723613393415,0.010600192472338676,0.09929986157641746,0.009860462509095669,0.00365737420157792,1.3376386050367728e-05,0.0007397299632430077,0.964476760499292,0.9302154215432086,layer4_1_conv2,,0.0,0.9644767615339928,5,0,3,3,154,shrinkage
20260823-165812,full_s42_fixed_epochs5_pat2_dirichlet_a01_normmatched_lambda075,0.02233218395338752,0.000498726440127939,0.008351317657592006,6.974450661800802e-05,0.013980865998938162,0.00019546461408026516,0.00042898193350993097,0.3739588423157876,0.1398452157461641,fc,,0.0,0.3739588521592613,5,0,3,3,154,shrinkage
20260823-165812,full_s42_fixed_epochs5_pat2_dirichlet_a01_normmatched_lambda075,0.09854512518670024,0.00971114169806242,0.09504448248463754,0.009033453650772572,0.0035006417273717484,1.2254492503416259e-05,0.0006776880472898483,0.9644767542237072,0.9302154094378974,layer4_1_conv2,,0.0,0.9644767615339928,5,0,3,4,155,shrinkage
20260823-165812,full_s42_fixed_epochs5_pat2_dirichlet_a01_normmatched_lambda075,0.021760981928595206,0.0004735403344966471,0.008137712274105917,6.62223610561341e-05,0.013623270422629261,0.00018559349700808525,0.000407317973440513,0.3739588728490457,0.13984523858252879,fc,,0.0,0.3739588521592613,5,0,3,4,155,shrinkage
20260823-165812,full_s42_fixed_epochs5_pat2_dirichlet_a01_normmatched_lambda075,0.10484573234469155,0.010992627590894699,0.10126922519089479,0.01025545597076416,0.003576507561035625,1.2791406334144995e-05,0.0007371716201305389,0.9658879090849534,0.9329394529165033,layer4_1_conv2,,0.0,0.9658879147540713,6,0,1,1,156,shrinkage
20260823-165812,full_s42_fixed_epochs5_pat2_dirichlet_a01_normmatched_lambda075,0.022456817922957437,0.0005043086712248623,0.0084342637356931,7.11368047632277e-05,0.014022554741539107,0.0001966320414794609,0.00043317186646163464,0.3755769746465645,0.1410580638846661,fc,,0.0,0.3755769680128753,6,0,1,1,156,shrinkage
20260823-165812,full_s42_fixed_epochs5_pat2_dirichlet_a01_normmatched_lambda075,0.10934116487317165,0.011955490335822105,0.10561131184807289,0.0111537491902709,0.003729856462139488,1.3911829228163697e-05,0.0008017411455512047,0.9658879340692489,0.9329395011805617,layer4_1_conv2,,0.0,0.9658879147540713,6,0,1,2,157,shrinkage
20260823-165812,full_s42_fixed_epochs5_pat2_dirichlet_a01_normmatched_lambda075,0.02290722627026267,0.0005247410153970122,0.008603426209449512,7.401894254144281e-05,0.014303798869328843,0.00020459866209421307,0.0004507220728555694,0.3755769514800737,0.14105804648306564,fc,,0.0,0.3755769680128753,6,0,1,2,157,shrinkage
20260823-165812,full_s42_fixed_epochs5_pat2_dirichlet_a01_normmatched_lambda075,0.11407825837952398,0.013013849034905434,0.11018680831780799,0.012141132727265358,0.0038914483867663217,1.5143370546866208e-05,0.0008727163076400757,0.9658878903220136,0.93293941667071,layer4_1_conv2,,0.0,0.9658879147540713,6,0,1,3,158,shrinkage
20260823-165812,full_s42_fixed_epochs5_pat2_dirichlet_a01_normmatched_lambda075,0.02325100010405214,0.0005406090058386326,0.008732539874415213,7.625725265825167e-05,0.014518459155024411,0.00021078565623611212,0.0004643517531803809,0.37557695734960334,0.14105805089198578,fc,,0.0,0.3755769680128753,6,0,1,3,158,shrinkage
20260823-165812,full_s42_fixed_epochs5_pat2_dirichlet_a01_normmatched_lambda075,0.117090188790291,0.013710112310945988,0.11309599526962733,0.012790704146027565,0.003994191837667411,1.5953568436088972e-05,0.0009194081649184227,0.9658878889689273,0.9329394140568507,layer4_1_conv2,,0.0,0.9658879147540713,6,0,1,4,159,shrinkage
20260823-165812,full_s42_fixed_epochs5_pat2_dirichlet_a01_normmatched_lambda075,0.02339590001755789,0.0005473681376315653,0.00878696118507739,7.721068686805665e-05,0.014608938886704288,0.00021342109539546072,0.0004701574507635087,0.37557696769447,0.14105805866257295,fc,,0.0,0.3755769680128753,6,0,1,4,159,shrinkage
20260823-165812,full_s42_fixed_epochs5_pat2_dirichlet_a01_normmatched_lambda075,0.11858506512661872,0.014062417671084404,0.11453987827430731,0.013119383715093136,0.004045184959173526,1.6363521353923716e-05,0.0009430339559912682,0.9658878894404437,0.9329394149677146,layer4_1_conv2,,0.0,0.9658879147540713,6,0,2,1,160,shrinkage
20260823-165812,full_s42_fixed_epochs5_pat2_dirichlet_a01_normmatched_lambda075,0.02340862611572266,0.0005479637766256928,0.008791740989507439,7.729470962658525e-05,0.014616885576705643,0.00021365334396250546,0.0004706690669991076,0.3755769751733687,0.14105806428037723,fc,,0.0,0.3755769680128753,6,0,2,1,160,shrinkage
20260823-165812,full_s42_fixed_epochs5_pat2_dirichlet_a01_normmatched_lambda075,0.11841309134234908,0.014021660201251507,0.11437377587689981,0.01308136060833931,0.0040393190615726155,1.631609848118387e-05,0.0009402995929121971,0.9658879316496263,0.932939496506393,layer4_1_conv2,,0.0,0.9658879147540713,6,0,2,2,161,shrinkage
20260823-165812,full_s42_fixed_epochs5_pat2_dirichlet_a01_normmatched_lambda075,0.023266003431895756,0.0005413069156929851,0.008738175074964405,7.635570364072919e-05,0.014527827678317312,0.00021105777705088258,0.00046495121205225587,0.3755769700861083,0.1410580604590615,fc,,0.0,0.3755769680128753,6,0,2,2,161,shrinkage
20260823-165812,full_s42_fixed_epochs5_pat2_dirichlet_a01_normmatched_lambda075,0.11619389833825888,0.013501022011041641,0.11223028040064156,0.01259563583880663,0.003963617546061866,1.5710264051449485e-05,0.0009053861722350121,0.9658878994998636,0.9329394344002585,layer4_1_conv2,,0.0,0.9658879147540713,6,0,2,3,162,shrinkage
20260823-165812,full_s42_fixed_epochs5_pat2_dirichlet_a01_normmatched_lambda075,0.02301093183980916,0.000529502984136343,0.008642376190859887,7.469066622434184e-05,0.014368556424282034,0.00020645541371777654,0.00045481231791200116,0.3755769758054075,0.14105806475513566,fc,,0.0,0.3755769680128753,6,0,2,3,162,shrinkage
20260823-165812,full_s42_fixed_epochs5_pat2_dirichlet_a01_normmatched_lambda075,0.11321066021768478,0.012816653586924076,0.10934880913774754,0.01195716205984354,0.003861853010096022,1.4913908671587706e-05,0.0008594915270805359,0.9658879201613032,0.932939474313528,layer4_1_conv2,,0.0,0.9658879147540713,6,0,2,4,163,shrinkage
20260823-165812,full_s42_fixed_epochs5_pat2_dirichlet_a01_normmatched_lambda075,0.02266996755584692,0.0005139274289831519,0.008514317987202815,7.24936107872054e-05,0.014155650244043604,0.00020038243383169174,0.0004414338181959465,0.375576981582704,0.14105806909477478,fc,,0.0,0.3755769680128753,6,0,2,4,163,shrinkage
20260823-165812,full_s42_fixed_epochs5_pat2_dirichlet_a01_normmatched_lambda075,0.11001298241921831,0.012102856300771236,0.10626020873336459,0.011291231960058212,0.0037527733861399187,1.408330808772007e-05,0.0008116243407130241,0.9658879015609876,0.9329394383818881,layer4_1_conv2,,0.0,0.9658879147540713,6,0,3,1,164,shrinkage
20260823-165812,full_s42_fixed_epochs5_pat2_dirichlet_a01_normmatched_lambda075,0.022251638926227533,0.0004951354349032044,0.008357203387564606,6.984284846112132e-05,0.013894435605212464,0.00019305534078739583,0.0004252925864420831,0.37557698177971727,0.14105806924276207,fc,,0.0,0.3755769680128753,6,0,3,1,164,shrinkage
20260823-165812,full_s42_fixed_epochs5_pat2_dirichlet_a01_normmatched_lambda075,0.10617461913957589,0.011273049749433994,0.10255277632787055,0.010517071932554245,0.003621838725390984,1.3117715752741788e-05,0.0007559778168797493,0.9658878662239974,0.9329393701187466,layer4_1_conv2,,0.0,0.9658879147540713,6,0,3,2,165,shrinkage
20260823-165812,full_s42_fixed_epochs5_pat2_dirichlet_a01_normmatched_lambda075,0.021752253435200382,0.00047316052950918674,0.008169645562601772,6.674310861853883e-05,0.013582607677047671,0.00018448723130859435,0.0004064174208906479,0.37557697582639044,0.14105806477089708,fc,,0.0,0.3755769680128753,6,0,3,2,165,shrinkage
20260823-165812,full_s42_fixed_epochs5_pat2_dirichlet_a01_normmatched_lambda075,0.1023433361336297,0.010474158450961113,0.0988521874577701,0.009771754965186119,0.0034911457260750566,1.2188098480692133e-05,0.0007024034857749939,0.9658878749926502,0.9329393870578174,layer4_1_conv2,,0.0,0.9658879147540713,6,0,3,3,166,shrinkage
20260823-165812,full_s42_fixed_epochs5_pat2_dirichlet_a01_normmatched_lambda075,0.02124530496034294,0.0004513629828579724,0.007979247052086675,6.36683835182339e-05,0.013266058255366909,0.0001759883016347885,0.0003876945993397385,0.37557696003803914,0.14105805291141482,fc,,0.0,0.3755769680128753,6,0,3,3,166,shrinkage
20260823-165812,full_s42_fixed_epochs5_pat2_dirichlet_a01_normmatched_lambda075,0.0980565545064903,0.009615087881684303,0.09471163681264237,0.008970294147729874,0.003344914475003818,1.1188452845090069e-05,0.0006447937339544296,0.9658878724560271,0.9329393821576305,layer4_1_conv2,,0.0,0.9658879147540713,6,0,3,4,167,shrinkage
20260823-165812,full_s42_fixed_epochs5_pat2_dirichlet_a01_normmatched_lambda075,0.020790763634408415,0.0004322558525018394,0.00780853202382399,6.097317236708477e-05,0.012982231403664944,0.00016853833221830428,0.00037128268013475463,0.37557697067465967,0.14105806090115416,fc,,0.0,0.3755769680128753,6,0,3,4,167,shrinkage
20260823-165812,full_s42_fixed_epochs5_pat2_dirichlet_a01_normmatched_lambda075,0.15355532547792256,0.02357923798263073,0.15355532547792256,0.02357923798263073,0.0,0.0,0.0,1.0,1.0,layer4_1_conv2,,0.0,1.0,0,1,1,1,1,shrinkage
20260823-165812,full_s42_fixed_epochs5_pat2_dirichlet_a01_normmatched_lambda075,0.022627335937416202,0.0005119963316246867,0.022627335937416202,0.0005119963316246867,0.0,0.0,0.0,1.0,1.0,fc,,0.0,1.0,0,1,1,1,1,shrinkage
20260823-165812,full_s42_fixed_epochs5_pat2_dirichlet_a01_normmatched_lambda075,0.1270151573629613,0.01613285019993782,0.1270151573629613,0.01613285019993782,0.0,0.0,0.0,1.0,1.0,layer4_1_conv2,,0.0,1.0,0,1,1,2,2,shrinkage
20260823-165812,full_s42_fixed_epochs5_pat2_dirichlet_a01_normmatched_lambda075,0.021579852010345207,0.00046569001278840005,0.021579852010345207,0.00046569001278840005,0.0,0.0,0.0,1.0,1.0,fc,,0.0,1.0,0,1,1,2,2,shrinkage
20260823-165812,full_s42_fixed_epochs5_pat2_dirichlet_a01_normmatched_lambda075,0.1152737841056388,0.013288045302033424,0.1152737841056388,0.013288045302033424,0.0,0.0,0.0,1.0,1.0,layer4_1_conv2,,0.0,1.0,0,1,1,3,3,shrinkage
20260823-165812,full_s42_fixed_epochs5_pat2_dirichlet_a01_normmatched_lambda075,0.02105620285430441,0.0004433636786416173,0.02105620285430441,0.0004433636786416173,0.0,0.0,0.0,1.0,1.0,fc,,0.0,1.0,0,1,1,3,3,shrinkage
20260823-165812,full_s42_fixed_epochs5_pat2_dirichlet_a01_normmatched_lambda075,0.10941566409593875,0.011971787549555302,0.10941566409593875,0.011971787549555302,0.0,0.0,0.0,1.0,1.0,layer4_1_conv2,,0.0,1.0,0,1,1,4,4,shrinkage
20260823-165812,full_s42_fixed_epochs5_pat2_dirichlet_a01_normmatched_lambda075,0.0208622267500251,0.00043523250496946275,0.0208622267500251,0.00043523250496946275,0.0,0.0,0.0,1.0,1.0,fc,,0.0,1.0,0,1,1,4,4,shrinkage
20260823-165812,full_s42_fixed_epochs5_pat2_dirichlet_a01_normmatched_lambda075,0.10555465166990423,0.011141784489154816,0.10555465166990423,0.011141784489154816,0.0,0.0,0.0,1.0,1.0,layer4_1_conv2,,0.0,1.0,0,1,1,5,5,shrinkage
20260823-165812,full_s42_fixed_epochs5_pat2_dirichlet_a01_normmatched_lambda075,0.020669129526501094,0.0004272129153832793,0.020669129526501094,0.0004272129153832793,0.0,0.0,0.0,1.0,1.0,fc,,0.0,1.0,0,1,1,5,5,shrinkage
20260823-165812,full_s42_fixed_epochs5_pat2_dirichlet_a01_normmatched_lambda075,0.10327980783526182,0.01066671870648861,0.10327980783526182,0.01066671870648861,0.0,0.0,0.0,1.0,1.0,layer4_1_conv2,,0.0,1.0,0,1,1,6,6,shrinkage
20260823-165812,full_s42_fixed_epochs5_pat2_dirichlet_a01_normmatched_lambda075,0.020507981379131516,0.00042057730024680495,0.020507981379131516,0.00042057730024680495,0.0,0.0,0.0,1.0,1.0,fc,,0.0,1.0,0,1,1,6,6,shrinkage
20260823-165812,full_s42_fixed_epochs5_pat2_dirichlet_a01_normmatched_lambda075,0.10151256654255958,0.010304801166057587,0.10151256654255958,0.010304801166057587,0.0,0.0,0.0,1.0,1.0,layer4_1_conv2,,0.0,1.0,0,1,1,7,7,shrinkage
20260823-165812,full_s42_fixed_epochs5_pat2_dirichlet_a01_normmatched_lambda075,0.02030583599590917,0.00041232697549276054,0.02030583599590917,0.00041232697549276054,0.0,0.0,0.0,1.0,1.0,fc,,0.0,1.0,0,1,1,7,7,shrinkage
20260823-165812,full_s42_fixed_epochs5_pat2_dirichlet_a01_normmatched_lambda075,0.10037576142351272,0.010075293481349945,0.10037576142351272,0.010075293481349945,0.0,0.0,0.0,1.0,1.0,layer4_1_conv2,,0.0,1.0,0,1,1,8,8,shrinkage
20260823-165812,full_s42_fixed_epochs5_pat2_dirichlet_a01_normmatched_lambda075,0.020140382700944932,0.00040563501534052193,0.020140382700944932,0.00040563501534052193,0.0,0.0,0.0,1.0,1.0,fc,,0.0,1.0,0,1,1,8,8,shrinkage
20260823-165812,full_s42_fixed_epochs5_pat2_dirichlet_a01_normmatched_lambda075,0.09946962913342801,0.009894207119941711,0.09946962913342801,0.009894207119941711,0.0,0.0,0.0,1.0,1.0,layer4_1_conv2,,0.0,1.0,0,1,1,9,9,shrinkage
20260823-165812,full_s42_fixed_epochs5_pat2_dirichlet_a01_normmatched_lambda075,0.019955981968242484,0.0003982412163168192,0.019955981968242484,0.0003982412163168192,0.0,0.0,0.0,1.0,1.0,fc,,0.0,1.0,0,1,1,9,9,shrinkage
20260823-165812,full_s42_fixed_epochs5_pat2_dirichlet_a01_normmatched_lambda075,0.09898334477798515,0.009797702543437481,0.09898334477798515,0.009797702543437481,0.0,0.0,0.0,1.0,1.0,layer4_1_conv2,,0.0,1.0,0,1,1,10,10,shrinkage
20260823-165812,full_s42_fixed_epochs5_pat2_dirichlet_a01_normmatched_lambda075,0.01979318601047866,0.0003917702124454081,0.01979318601047866,0.0003917702124454081,0.0,0.0,0.0,1.0,1.0,fc,,0.0,1.0,0,1,1,10,10,shrinkage
20260823-165812,full_s42_fixed_epochs5_pat2_dirichlet_a01_normmatched_lambda075,0.09861589041099175,0.009725093841552734,0.09861589041099175,0.009725093841552734,0.0,0.0,0.0,1.0,1.0,layer4_1_conv2,,0.0,1.0,0,1,1,11,11,shrinkage
20260823-165812,full_s42_fixed_epochs5_pat2_dirichlet_a01_normmatched_lambda075,0.01952275299970863,0.0003811378846876323,0.01952275299970863,0.0003811378846876323,0.0,0.0,0.0,1.0,1.0,fc,,0.0,1.0,0,1,1,11,11,shrinkage
20260823-165812,full_s42_fixed_epochs5_pat2_dirichlet_a01_normmatched_lambda075,0.0981061917475238,0.009624824859201908,0.0981061917475238,0.009624824859201908,0.0,0.0,0.0,1.0,1.0,layer4_1_conv2,,0.0,1.0,0,1,1,12,12,shrinkage
20260823-165812,full_s42_fixed_epochs5_pat2_dirichlet_a01_normmatched_lambda075,0.0192645173002846,0.0003711216268129647,0.0192645173002846,0.0003711216268129647,0.0,0.0,0.0,1.0,1.0,fc,,0.0,1.0,0,1,1,12,12,shrinkage
20260823-165812,full_s42_fixed_epochs5_pat2_dirichlet_a01_normmatched_lambda075,0.09775017513048478,0.009555096738040447,0.09775017513048478,0.009555096738040447,0.0,0.0,0.0,1.0,1.0,layer4_1_conv2,,0.0,1.0,0,1,1,13,13,shrinkage
20260823-165812,full_s42_fixed_epochs5_pat2_dirichlet_a01_normmatched_lambda075,0.01896005163458411,0.00035948355798609555,0.01896005163458411,0.00035948355798609555,0.0,0.0,0.0,1.0,1.0,fc,,0.0,1.0,0,1,1,13,13,shrinkage
20260823-165812,full_s42_fixed_epochs5_pat2_dirichlet_a01_normmatched_lambda075,0.09748027682261604,0.009502404369413853,0.09748027682261604,0.009502404369413853,0.0,0.0,0.0,1.0,1.0,layer4_1_conv2,,0.0,1.0,0,1,1,14,14,shrinkage
20260823-165812,full_s42_fixed_epochs5_pat2_dirichlet_a01_normmatched_lambda075,0.01873222464042092,0.0003508962399791926,0.01873222464042092,0.0003508962399791926,0.0,0.0,0.0,1.0,1.0,fc,,0.0,1.0,0,1,1,14,14,shrinkage
20260823-165812,full_s42_fixed_epochs5_pat2_dirichlet_a01_normmatched_lambda075,0.09727642581520236,0.00946270301938057,0.09727642581520236,0.00946270301938057,0.0,0.0,0.0,1.0,1.0,layer4_1_conv2,,0.0,1.0,0,1,1,15,15,shrinkage
20260823-165812,full_s42_fixed_epochs5_pat2_dirichlet_a01_normmatched_lambda075,0.018414735014639225,0.00033910246565937996,0.018414735014639225,0.00033910246565937996,0.0,0.0,0.0,1.0,1.0,fc,,0.0,1.0,0,1,1,15,15,shrinkage
20260823-165812,full_s42_fixed_epochs5_pat2_dirichlet_a01_normmatched_lambda075,0.09703643560758207,0.009416069835424423,0.09703643560758207,0.009416069835424423,0.0,0.0,0.0,1.0,1.0,layer4_1_conv2,,0.0,1.0,0,1,1,16,16,shrinkage
20260823-165812,full_s42_fixed_epochs5_pat2_dirichlet_a01_normmatched_lambda075,0.018129989175255917,0.00032869650749489665,0.018129989175255917,0.00032869650749489665,0.0,0.0,0.0,1.0,1.0,fc,,0.0,1.0,0,1,1,16,16,shrinkage
20260823-165812,full_s42_fixed_epochs5_pat2_dirichlet_a01_normmatched_lambda075,0.09605128350107749,0.009225849062204361,0.09605128350107749,0.009225849062204361,0.0,0.0,0.0,1.0,1.0,layer4_1_conv2,,0.0,1.0,0,1,1,17,17,shrinkage
20260823-165812,full_s42_fixed_epochs5_pat2_dirichlet_a01_normmatched_lambda075,0.017772286045063486,0.00031585415126755834,0.017772286045063486,0.00031585415126755834,0.0,0.0,0.0,1.0,1.0,fc,,0.0,1.0,0,1,1,17,17,shrinkage
20260823-165812,full_s42_fixed_epochs5_pat2_dirichlet_a01_normmatched_lambda075,0.09489824526820644,0.009005676954984665,0.09489824526820644,0.009005676954984665,0.0,0.0,0.0,1.0,1.0,layer4_1_conv2,,0.0,1.0,0,1,1,18,18,shrinkage
20260823-165812,full_s42_fixed_epochs5_pat2_dirichlet_a01_normmatched_lambda075,0.017421373681641136,0.0003035042609553784,0.017421373681641136,0.0003035042609553784,0.0,0.0,0.0,1.0,1.0,fc,,0.0,1.0,0,1,1,18,18,shrinkage
20260823-165812,full_s42_fixed_epochs5_pat2_dirichlet_a01_normmatched_lambda075,0.09402078028094937,0.008839907124638557,0.09402078028094937,0.008839907124638557,0.0,0.0,0.0,1.0,1.0,layer4_1_conv2,,0.0,1.0,0,1,1,19,19,shrinkage
20260823-165812,full_s42_fixed_epochs5_pat2_dirichlet_a01_normmatched_lambda075,0.017050932113945736,0.000290734285954386,0.017050932113945736,0.000290734285954386,0.0,0.0,0.0,1.0,1.0,fc,,0.0,1.0,0,1,1,19,19,shrinkage
20260823-165812,full_s42_fixed_epochs5_pat2_dirichlet_a01_normmatched_lambda075,0.09326082998121892,0.00869758240878582,0.09326082998121892,0.00869758240878582,0.0,0.0,0.0,1.0,1.0,layer4_1_conv2,,0.0,1.0,0,1,1,20,20,shrinkage
20260823-165812,full_s42_fixed_epochs5_pat2_dirichlet_a01_normmatched_lambda075,0.01668340393529828,0.00027833596686832607,0.01668340393529828,0.00027833596686832607,0.0,0.0,0.0,1.0,1.0,fc,,0.0,1.0,0,1,1,20,20,shrinkage
20260823-165812,full_s42_fixed_epochs5_pat2_dirichlet_a01_normmatched_lambda075,0.09153882747566908,0.008379356935620308,0.09153882747566908,0.008379356935620308,0.0,0.0,0.0,1.0,1.0,layer4_1_conv2,,0.0,1.0,0,1,1,21,21,shrinkage
20260823-165812,full_s42_fixed_epochs5_pat2_dirichlet_a01_normmatched_lambda075,0.016282613341508465,0.00026512349722906947,0.016282613341508465,0.00026512349722906947,0.0,0.0,0.0,1.0,1.0,fc,,0.0,1.0,0,1,1,21,21,shrinkage
20260823-165812,full_s42_fixed_epochs5_pat2_dirichlet_a01_normmatched_lambda075,0.09004516932533313,0.008108132518827915,0.09004516932533313,0.008108132518827915,0.0,0.0,0.0,1.0,1.0,layer4_1_conv2,,0.0,1.0,0,1,2,1,22,shrinkage
20260823-165812,full_s42_fixed_epochs5_pat2_dirichlet_a01_normmatched_lambda075,0.015907790727228577,0.00025305780582129955,0.015907790727228577,0.00025305780582129955,0.0,0.0,0.0,1.0,1.0,fc,,0.0,1.0,0,1,2,1,22,shrinkage
20260823-165812,full_s42_fixed_epochs5_pat2_dirichlet_a01_normmatched_lambda075,0.08898695012620776,0.007918677292764187,0.08898695012620776,0.007918677292764187,0.0,0.0,0.0,1.0,1.0,layer4_1_conv2,,0.0,1.0,0,1,2,2,23,shrinkage
20260823-165812,full_s42_fixed_epochs5_pat2_dirichlet_a01_normmatched_lambda075,0.01552824521596877,0.000241126399487257,0.01552824521596877,0.000241126399487257,0.0,0.0,0.0,1.0,1.0,fc,,0.0,1.0,0,1,2,2,23,shrinkage
20260823-165812,full_s42_fixed_epochs5_pat2_dirichlet_a01_normmatched_lambda075,0.08788995742544323,0.0077246446162462234,0.08788995742544323,0.0077246446162462234,0.0,0.0,0.0,1.0,1.0,layer4_1_conv2,,0.0,1.0,0,1,2,3,24,shrinkage
20260823-165812,full_s42_fixed_epochs5_pat2_dirichlet_a01_normmatched_lambda075,0.015181520804575641,0.000230478573939763,0.015181520804575641,0.000230478573939763,0.0,0.0,0.0,1.0,1.0,fc,,0.0,1.0,0,1,2,3,24,shrinkage
20260823-165812,full_s42_fixed_epochs5_pat2_dirichlet_a01_normmatched_lambda075,0.08668524378348028,0.007514331489801407,0.08668524378348028,0.007514331489801407,0.0,0.0,0.0,1.0,1.0,layer4_1_conv2,,0.0,1.0,0,1,2,4,25,shrinkage
20260823-165812,full_s42_fixed_epochs5_pat2_dirichlet_a01_normmatched_lambda075,0.014872436700341012,0.00022118937340565026,0.014872436700341012,0.00022118937340565026,0.0,0.0,0.0,1.0,1.0,fc,,0.0,1.0,0,1,2,4,25,shrinkage
20260823-165812,full_s42_fixed_epochs5_pat2_dirichlet_a01_normmatched_lambda075,0.08544676640942461,0.007301149889826775,0.08544676640942461,0.007301149889826775,0.0,0.0,0.0,1.0,1.0,layer4_1_conv2,,0.0,1.0,0,1,2,5,26,shrinkage
20260823-165812,full_s42_fixed_epochs5_pat2_dirichlet_a01_normmatched_lambda075,0.014526996278364068,0.0002110336208716035,0.014526996278364068,0.0002110336208716035,0.0,0.0,0.0,1.0,1.0,fc,,0.0,1.0,0,1,2,5,26,shrinkage
20260823-165812,full_s42_fixed_epochs5_pat2_dirichlet_a01_normmatched_lambda075,0.08440624228198156,0.00712441373616457,0.08440624228198156,0.00712441373616457,0.0,0.0,0.0,1.0,1.0,layer4_1_conv2,,0.0,1.0,0,1,2,6,27,shrinkage
20260823-165812,full_s42_fixed_epochs5_pat2_dirichlet_a01_normmatched_lambda075,0.014228315574533043,0.00020244496408849955,0.014228315574533043,0.00020244496408849955,0.0,0.0,0.0,1.0,1.0,fc,,0.0,1.0,0,1,2,6,27,shrinkage
20260823-165812,full_s42_fixed_epochs5_pat2_dirichlet_a01_normmatched_lambda075,0.08302926179101248,0.006893858313560486,0.08302926179101248,0.006893858313560486,0.0,0.0,0.0,1.0,1.0,layer4_1_conv2,,0.0,1.0,0,1,2,7,28,shrinkage
20260823-165812,full_s42_fixed_epochs5_pat2_dirichlet_a01_normmatched_lambda075,0.013877803640858196,0.00019259343389421701,0.013877803640858196,0.00019259343389421701,0.0,0.0,0.0,1.0,1.0,fc,,0.0,1.0,0,1,2,7,28,shrinkage
20260823-165812,full_s42_fixed_epochs5_pat2_dirichlet_a01_normmatched_lambda075,0.0818700625936513,0.006702707149088383,0.0818700625936513,0.006702707149088383,0.0,0.0,0.0,1.0,1.0,layer4_1_conv2,,0.0,1.0,0,1,2,8,29,shrinkage
20260823-165812,full_s42_fixed_epochs5_pat2_dirichlet_a01_normmatched_lambda075,0.013574169136546738,0.00018425806774757802,0.013574169136546738,0.00018425806774757802,0.0,0.0,0.0,1.0,1.0,fc,,0.0,1.0,0,1,2,8,29,shrinkage
20260823-165812,full_s42_fixed_epochs5_pat2_dirichlet_a01_normmatched_lambda075,0.08066387061033908,0.006506660021841526,0.08066387061033908,0.006506660021841526,0.0,0.0,0.0,1.0,1.0,layer4_1_conv2,,0.0,1.0,0,1,2,9,30,shrinkage
20260823-165812,full_s42_fixed_epochs5_pat2_dirichlet_a01_normmatched_lambda075,0.013202252253348486,0.00017429946456104517,0.013202252253348486,0.00017429946456104517,0.0,0.0,0.0,1.0,1.0,fc,,0.0,1.0,0,1,2,9,30,shrinkage
20260823-165812,full_s42_fixed_epochs5_pat2_dirichlet_a01_normmatched_lambda075,0.07940707254302785,0.006305483169853687,0.07940707254302785,0.006305483169853687,0.0,0.0,0.0,1.0,1.0,layer4_1_conv2,,0.0,1.0,0,1,2,10,31,shrinkage
20260823-165812,full_s42_fixed_epochs5_pat2_dirichlet_a01_normmatched_lambda075,0.012898901157461784,0.00016638165106996894,0.012898901157461784,0.00016638165106996894,0.0,0.0,0.0,1.0,1.0,fc,,0.0,1.0,0,1,2,10,31,shrinkage
20260823-165812,full_s42_fixed_epochs5_pat2_dirichlet_a01_normmatched_lambda075,0.07845710856002026,0.0061555178835988045,0.07845710856002026,0.0061555178835988045,0.0,0.0,0.0,1.0,1.0,layer4_1_conv2,,0.0,1.0,0,1,2,11,32,shrinkage
20260823-165812,full_s42_fixed_epochs5_pat2_dirichlet_a01_normmatched_lambda075,0.01266201517323668,0.00016032662824727595,0.01266201517323668,0.00016032662824727595,0.0,0.0,0.0,1.0,1.0,fc,,0.0,1.0,0,1,2,11,32,shrinkage
20260823-165812,full_s42_fixed_epochs5_pat2_dirichlet_a01_normmatched_lambda075,0.07718759762124595,0.005957925226539373,0.07718759762124595,0.005957925226539373,0.0,0.0,0.0,1.0,1.0,layer4_1_conv2,,0.0,1.0,0,1,2,12,33,shrinkage
20260823-165812,full_s42_fixed_epochs5_pat2_dirichlet_a01_normmatched_lambda075,0.012369958061847512,0.00015301586245186627,0.012369958061847512,0.00015301586245186627,0.0,0.0,0.0,1.0,1.0,fc,,0.0,1.0,0,1,2,12,33,shrinkage
20260823-165812,full_s42_fixed_epochs5_pat2_dirichlet_a01_normmatched_lambda075,0.07576391203641805,0.005740170367062092,0.07576391203641805,0.005740170367062092,0.0,0.0,0.0,1.0,1.0,layer4_1_conv2,,0.0,1.0,0,1,2,13,34,shrinkage
20260823-165812,full_s42_fixed_epochs5_pat2_dirichlet_a01_normmatched_lambda075,0.012075528885660646,0.00014581839786842465,0.012075528885660646,0.00014581839786842465,0.0,0.0,0.0,1.0,1.0,fc,,0.0,1.0,0,1,2,13,34,shrinkage
20260823-165812,full_s42_fixed_epochs5_pat2_dirichlet_a01_normmatched_lambda075,0.07461267009668746,0.005567050538957119,0.07461267009668746,0.005567050538957119,0.0,0.0,0.0,1.0,1.0,layer4_1_conv2,,0.0,1.0,0,1,2,14,35,shrinkage
20260823-165812,full_s42_fixed_epochs5_pat2_dirichlet_a01_normmatched_lambda075,0.011793884180846603,0.00013909570407122374,0.011793884180846603,0.00013909570407122374,0.0,0.0,0.0,1.0,1.0,fc,,0.0,1.0,0,1,2,14,35,shrinkage
20260823-165812,full_s42_fixed_epochs5_pat2_dirichlet_a01_normmatched_lambda075,0.07328797498643748,0.005371127277612686,0.07328797498643748,0.005371127277612686,0.0,0.0,0.0,1.0,1.0,layer4_1_conv2,,0.0,1.0,0,1,2,15,36,shrinkage
20260823-165812,full_s42_fixed_epochs5_pat2_dirichlet_a01_normmatched_lambda075,0.011533580575204337,0.00013302348088473082,0.011533580575204337,0.00013302348088473082,0.0,0.0,0.0,1.0,1.0,fc,,0.0,1.0,0,1,2,15,36,shrinkage
20260823-165812,full_s42_fixed_epochs5_pat2_dirichlet_a01_normmatched_lambda075,0.07250149997647568,0.0052564674988389015,0.07250149997647568,0.0052564674988389015,0.0,0.0,0.0,1.0,1.0,layer4_1_conv2,,0.0,1.0,0,1,2,16,37,shrinkage
20260823-165812,full_s42_fixed_epochs5_pat2_dirichlet_a01_normmatched_lambda075,0.011326990553762515,0.00012830071500502527,0.011326990553762515,0.00012830071500502527,0.0,0.0,0.0,1.0,1.0,fc,,0.0,1.0,0,1,2,16,37,shrinkage
20260823-165812,full_s42_fixed_epochs5_pat2_dirichlet_a01_normmatched_lambda075,0.07139600609874962,0.0050973896868526936,0.07139600609874962,0.0050973896868526936,0.0,0.0,0.0,1.0,1.0,layer4_1_conv2,,0.0,1.0,0,1,2,17,38,shrinkage
20260823-165812,full_s42_fixed_epochs5_pat2_dirichlet_a01_normmatched_lambda075,0.011115358865332688,0.00012355120270512998,0.011115358865332688,0.00012355120270512998,0.0,0.0,0.0,1.0,1.0,fc,,0.0,1.0,0,1,2,17,38,shrinkage
20260823-165812,full_s42_fixed_epochs5_pat2_dirichlet_a01_normmatched_lambda075,0.07050184742429567,0.0049705104902386665,0.07050184742429567,0.0049705104902386665,0.0,0.0,0.0,1.0,1.0,layer4_1_conv2,,0.0,1.0,0,1,2,18,39,shrinkage
20260823-165812,full_s42_fixed_epochs5_pat2_dirichlet_a01_normmatched_lambda075,0.01090331037109202,0.00011888217704836279,0.01090331037109202,0.00011888217704836279,0.0,0.0,0.0,1.0,1.0,fc,,0.0,1.0,0,1,2,18,39,shrinkage
20260823-165812,full_s42_fixed_epochs5_pat2_dirichlet_a01_normmatched_lambda075,0.06930711308254175,0.004803475923836231,0.06930711308254175,0.004803475923836231,0.0,0.0,0.0,1.0,1.0,layer4_1_conv2,,0.0,1.0,0,1,2,19,40,shrinkage
20260823-165812,full_s42_fixed_epochs5_pat2_dirichlet_a01_normmatched_lambda075,0.010692931900450751,0.00011433879262767732,0.010692931900450751,0.00011433879262767732,0.0,0.0,0.0,1.0,1.0,fc,,0.0,1.0,0,1,2,19,40,shrinkage
20260823-165812,full_s42_fixed_epochs5_pat2_dirichlet_a01_normmatched_lambda075,0.06832234878515349,0.0046679433435201645,0.06832234878515349,0.0046679433435201645,0.0,0.0,0.0,1.0,1.0,layer4_1_conv2,,0.0,1.0,0,1,2,20,41,shrinkage
20260823-165812,full_s42_fixed_epochs5_pat2_dirichlet_a01_normmatched_lambda075,0.010530842313516885,0.00011089863983215764,0.010530842313516885,0.00011089863983215764,0.0,0.0,0.0,1.0,1.0,fc,,0.0,1.0,0,1,2,20,41,shrinkage
20260823-165812,full_s42_fixed_epochs5_pat2_dirichlet_a01_normmatched_lambda075,0.06780635710329888,0.0045977020636200905,0.06780635710329888,0.0045977020636200905,0.0,0.0,0.0,1.0,1.0,layer4_1_conv2,,0.0,1.0,0,1,2,21,42,shrinkage
20260823-165812,full_s42_fixed_epochs5_pat2_dirichlet_a01_normmatched_lambda075,0.010275452334327093,0.00010558492067502812,0.010275452334327093,0.00010558492067502812,0.0,0.0,0.0,1.0,1.0,fc,,0.0,1.0,0,1,2,21,42,shrinkage
20260823-165812,full_s42_fixed_epochs5_pat2_dirichlet_a01_normmatched_lambda075,0.06671470989998071,0.004450852517038584,0.06671470989998071,0.004450852517038584,0.0,0.0,0.0,1.0,1.0,layer4_1_conv2,,0.0,1.0,0,1,3,1,43,shrinkage
20260823-165812,full_s42_fixed_epochs5_pat2_dirichlet_a01_normmatched_lambda075,0.0101350598204348,0.00010271943756379187,0.0101350598204348,0.00010271943756379187,0.0,0.0,0.0,1.0,1.0,fc,,0.0,1.0,0,1,3,1,43,shrinkage
20260823-165812,full_s42_fixed_epochs5_pat2_dirichlet_a01_normmatched_lambda075,0.06609687897533069,0.004368797410279512,0.06609687897533069,0.004368797410279512,0.0,0.0,0.0,1.0,1.0,layer4_1_conv2,,0.0,1.0,0,1,3,2,44,shrinkage
20260823-165812,full_s42_fixed_epochs5_pat2_dirichlet_a01_normmatched_lambda075,0.010024920264157411,0.0001004990263027139,0.010024920264157411,0.0001004990263027139,0.0,0.0,0.0,1.0,1.0,fc,,0.0,1.0,0,1,3,2,44,shrinkage
20260823-165812,full_s42_fixed_epochs5_pat2_dirichlet_a01_normmatched_lambda075,0.06528089457890388,0.004261595197021961,0.06528089457890388,0.004261595197021961,0.0,0.0,0.0,1.0,1.0,layer4_1_conv2,,0.0,1.0,0,1,3,3,45,shrinkage
20260823-165812,full_s42_fixed_epochs5_pat2_dirichlet_a01_normmatched_lambda075,0.009880286107500176,9.762005356606096e-05,0.009880286107500176,9.762005356606096e-05,0.0,0.0,0.0,1.0,1.0,fc,,0.0,1.0,0,1,3,3,45,shrinkage
20260823-165812,full_s42_fixed_epochs5_pat2_dirichlet_a01_normmatched_lambda075,0.06446016880039855,0.004155113361775875,0.06446016880039855,0.004155113361775875,0.0,0.0,0.0,1.0,1.0,layer4_1_conv2,,0.0,1.0,0,1,3,4,46,shrinkage
20260823-165812,full_s42_fixed_epochs5_pat2_dirichlet_a01_normmatched_lambda075,0.009772209838268875,9.549608512315899e-05,0.009772209838268875,9.549608512315899e-05,0.0,0.0,0.0,1.0,1.0,fc,,0.0,1.0,0,1,3,4,46,shrinkage
20260823-165812,full_s42_fixed_epochs5_pat2_dirichlet_a01_normmatched_lambda075,0.06381325559047321,0.004072131589055061,0.06381325559047321,0.004072131589055061,0.0,0.0,0.0,1.0,1.0,layer4_1_conv2,,0.0,1.0,0,1,3,5,47,shrinkage
20260823-165812,full_s42_fixed_epochs5_pat2_dirichlet_a01_normmatched_lambda075,0.009619929854939238,9.254305041395128e-05,0.009619929854939238,9.254305041395128e-05,0.0,0.0,0.0,1.0,1.0,fc,,0.0,1.0,0,1,3,5,47,shrinkage
20260823-165812,full_s42_fixed_epochs5_pat2_dirichlet_a01_normmatched_lambda075,0.0636091058934347,0.004046118352562189,0.0636091058934347,0.004046118352562189,0.0,0.0,0.0,1.0,1.0,layer4_1_conv2,,0.0,1.0,0,1,3,6,48,shrinkage
20260823-165812,full_s42_fixed_epochs5_pat2_dirichlet_a01_normmatched_lambda075,0.009519474416495826,9.062039316631854e-05,0.009519474416495826,9.062039316631854e-05,0.0,0.0,0.0,1.0,1.0,fc,,0.0,1.0,0,1,3,6,48,shrinkage
20260823-165812,full_s42_fixed_epochs5_pat2_dirichlet_a01_normmatched_lambda075,0.06248133909770596,0.003903917735442519,0.06248133909770596,0.003903917735442519,0.0,0.0,0.0,1.0,1.0,layer4_1_conv2,,0.0,1.0,0,1,3,7,49,shrinkage
20260823-165812,full_s42_fixed_epochs5_pat2_dirichlet_a01_normmatched_lambda075,0.009385373261347073,8.80852312548086e-05,0.009385373261347073,8.80852312548086e-05,0.0,0.0,0.0,1.0,1.0,fc,,0.0,1.0,0,1,3,7,49,shrinkage
20260823-165812,full_s42_fixed_epochs5_pat2_dirichlet_a01_normmatched_lambda075,0.061357854361666644,0.0037647862918674946,0.061357854361666644,0.0037647862918674946,0.0,0.0,0.0,1.0,1.0,layer4_1_conv2,,0.0,1.0,0,1,3,8,50,shrinkage
20260823-165812,full_s42_fixed_epochs5_pat2_dirichlet_a01_normmatched_lambda075,0.009285589838666753,8.622217865195125e-05,0.009285589838666753,8.622217865195125e-05,0.0,0.0,0.0,1.0,1.0,fc,,0.0,1.0,0,1,3,8,50,shrinkage
20260823-165812,full_s42_fixed_epochs5_pat2_dirichlet_a01_normmatched_lambda075,0.06062949027866563,0.0036759350914508104,0.06062949027866563,0.0036759350914508104,0.0,0.0,0.0,1.0,1.0,layer4_1_conv2,,0.0,1.0,0,1,3,9,51,shrinkage
20260823-165812,full_s42_fixed_epochs5_pat2_dirichlet_a01_normmatched_lambda075,0.009174896509280519,8.417872595600784e-05,0.009174896509280519,8.417872595600784e-05,0.0,0.0,0.0,1.0,1.0,fc,,0.0,1.0,0,1,3,9,51,shrinkage
20260823-165812,full_s42_fixed_epochs5_pat2_dirichlet_a01_normmatched_lambda075,0.060245790120430485,0.0036295552272349596,0.060245790120430485,0.0036295552272349596,0.0,0.0,0.0,1.0,1.0,layer4_1_conv2,,0.0,1.0,0,1,3,10,52,shrinkage
20260823-165812,full_s42_fixed_epochs5_pat2_dirichlet_a01_normmatched_lambda075,0.009124467200877305,8.325590169988573e-05,0.009124467200877305,8.325590169988573e-05,0.0,0.0,0.0,1.0,1.0,fc,,0.0,1.0,0,1,3,10,52,shrinkage
20260823-165812,full_s42_fixed_epochs5_pat2_dirichlet_a01_normmatched_lambda075,0.05937174628151588,0.003525004256516695,0.05937174628151588,0.003525004256516695,0.0,0.0,0.0,1.0,1.0,layer4_1_conv2,,0.0,1.0,0,1,3,11,53,shrinkage
20260823-165812,full_s42_fixed_epochs5_pat2_dirichlet_a01_normmatched_lambda075,0.00900988371848365,8.117800462059677e-05,0.00900988371848365,8.117800462059677e-05,0.0,0.0,0.0,1.0,1.0,fc,,0.0,1.0,0,1,3,11,53,shrinkage
20260823-165812,full_s42_fixed_epochs5_pat2_dirichlet_a01_normmatched_lambda075,0.05918976325007505,0.0035034280735999346,0.05918976325007505,0.0035034280735999346,0.0,0.0,0.0,1.0,1.0,layer4_1_conv2,,0.0,1.0,0,1,3,12,54,shrinkage
20260823-165812,full_s42_fixed_epochs5_pat2_dirichlet_a01_normmatched_lambda075,0.008892900450866128,7.908367842901498e-05,0.008892900450866128,7.908367842901498e-05,0.0,0.0,0.0,1.0,1.0,fc,,0.0,1.0,0,1,3,12,54,shrinkage
20260823-165812,full_s42_fixed_epochs5_pat2_dirichlet_a01_normmatched_lambda075,0.0585652798786236,0.0034298920072615147,0.0585652798786236,0.0034298920072615147,0.0,0.0,0.0,1.0,1.0,layer4_1_conv2,,0.0,1.0,0,1,3,13,55,shrinkage
20260823-165812,full_s42_fixed_epochs5_pat2_dirichlet_a01_normmatched_lambda075,0.008820423990021002,7.7799879363738e-05,0.008820423990021002,7.7799879363738e-05,0.0,0.0,0.0,1.0,1.0,fc,,0.0,1.0,0,1,3,13,55,shrinkage
20260823-165812,full_s42_fixed_epochs5_pat2_dirichlet_a01_normmatched_lambda075,0.05794997004570631,0.0033581990282982588,0.05794997004570631,0.0033581990282982588,0.0,0.0,0.0,1.0,1.0,layer4_1_conv2,,0.0,1.0,0,1,3,14,56,shrinkage
20260823-165812,full_s42_fixed_epochs5_pat2_dirichlet_a01_normmatched_lambda075,0.008729112664347678,7.619740790687501e-05,0.008729112664347678,7.619740790687501e-05,0.0,0.0,0.0,1.0,1.0,fc,,0.0,1.0,0,1,3,14,56,shrinkage
20260823-165812,full_s42_fixed_epochs5_pat2_dirichlet_a01_normmatched_lambda075,0.057354583204178064,0.0032895482145249844,0.057354583204178064,0.0032895482145249844,0.0,0.0,0.0,1.0,1.0,layer4_1_conv2,,0.0,1.0,0,1,3,15,57,shrinkage
20260823-165812,full_s42_fixed_epochs5_pat2_dirichlet_a01_normmatched_lambda075,0.008667260823989267,7.512141019105911e-05,0.008667260823989267,7.512141019105911e-05,0.0,0.0,0.0,1.0,1.0,fc,,0.0,1.0,0,1,3,15,57,shrinkage
20260823-165812,full_s42_fixed_epochs5_pat2_dirichlet_a01_normmatched_lambda075,0.05658361221056253,0.0032017051707953215,0.05658361221056253,0.0032017051707953215,0.0,0.0,0.0,1.0,1.0,layer4_1_conv2,,0.0,1.0,0,1,3,16,58,shrinkage
20260823-165812,full_s42_fixed_epochs5_pat2_dirichlet_a01_normmatched_lambda075,0.008514094090707218,7.248979818541557e-05,0.008514094090707218,7.248979818541557e-05,0.0,0.0,0.0,1.0,1.0,fc,,0.0,1.0,0,1,3,16,58,shrinkage
20260823-165812,full_s42_fixed_epochs5_pat2_dirichlet_a01_normmatched_lambda075,0.05600855495747227,0.0031369582284241915,0.05600855495747227,0.0031369582284241915,0.0,0.0,0.0,1.0,1.0,layer4_1_conv2,,0.0,1.0,0,1,3,17,59,shrinkage
20260823-165812,full_s42_fixed_epochs5_pat2_dirichlet_a01_normmatched_lambda075,0.008458809272687403,7.15514543117024e-05,0.008458809272687403,7.15514543117024e-05,0.0,0.0,0.0,1.0,1.0,fc,,0.0,1.0,0,1,3,17,59,shrinkage
20260823-165812,full_s42_fixed_epochs5_pat2_dirichlet_a01_normmatched_lambda075,0.0547727533400289,0.003000054508447647,0.0547727533400289,0.003000054508447647,0.0,0.0,0.0,1.0,1.0,layer4_1_conv2,,0.0,1.0,0,1,3,18,60,shrinkage
20260823-165812,full_s42_fixed_epochs5_pat2_dirichlet_a01_normmatched_lambda075,0.008330891410591243,6.940375169506297e-05,0.008330891410591243,6.940375169506297e-05,0.0,0.0,0.0,1.0,1.0,fc,,0.0,1.0,0,1,3,18,60,shrinkage
20260823-165812,full_s42_fixed_epochs5_pat2_dirichlet_a01_normmatched_lambda075,0.054174155377093657,0.0029348391108214855,0.054174155377093657,0.0029348391108214855,0.0,0.0,0.0,1.0,1.0,layer4_1_conv2,,0.0,1.0,0,1,3,19,61,shrinkage
20260823-165812,full_s42_fixed_epochs5_pat2_dirichlet_a01_normmatched_lambda075,0.008250034937448199,6.806307646911591e-05,0.008250034937448199,6.806307646911591e-05,0.0,0.0,0.0,1.0,1.0,fc,,0.0,1.0,0,1,3,19,61,shrinkage
20260823-165812,full_s42_fixed_epochs5_pat2_dirichlet_a01_normmatched_lambda075,0.053253779366884274,0.0028359650168567896,0.053253779366884274,0.0028359650168567896,0.0,0.0,0.0,1.0,1.0,layer4_1_conv2,,0.0,1.0,0,1,3,20,62,shrinkage
20260823-165812,full_s42_fixed_epochs5_pat2_dirichlet_a01_normmatched_lambda075,0.008176277905440236,6.685152038699016e-05,0.008176277905440236,6.685152038699016e-05,0.0,0.0,0.0,1.0,1.0,fc,,0.0,1.0,0,1,3,20,62,shrinkage
20260823-165812,full_s42_fixed_epochs5_pat2_dirichlet_a01_normmatched_lambda075,0.05410280975047131,0.0029271140228956938,0.05410280975047131,0.0029271140228956938,0.0,0.0,0.0,1.0,1.0,layer4_1_conv2,,0.0,1.0,0,1,3,21,63,shrinkage
20260823-165812,full_s42_fixed_epochs5_pat2_dirichlet_a01_normmatched_lambda075,0.008226073807408241,6.766829028492793e-05,0.008226073807408241,6.766829028492793e-05,0.0,0.0,0.0,1.0,1.0,fc,,0.0,1.0,0,1,3,21,63,shrinkage
20260823-165812,full_s42_fixed_epochs5_pat2_dirichlet_a01_normmatched_lambda075,0.053677362004678306,0.0028812591917812824,0.053677362004678306,0.0028812591917812824,0.0,0.0,0.0,1.0,1.0,layer4_1_conv2,,0.0,1.0,0,1,4,1,64,shrinkage
20260823-165812,full_s42_fixed_epochs5_pat2_dirichlet_a01_normmatched_lambda075,0.00812569559081665,6.602692883461714e-05,0.00812569559081665,6.602692883461714e-05,0.0,0.0,0.0,1.0,1.0,fc,,0.0,1.0,0,1,4,1,64,shrinkage
20260823-165812,full_s42_fixed_epochs5_pat2_dirichlet_a01_normmatched_lambda075,0.05258915916478416,0.0027656196616590023,0.05258915916478416,0.0027656196616590023,0.0,0.0,0.0,1.0,1.0,layer4_1_conv2,,0.0,1.0,0,1,4,2,65,shrinkage
20260823-165812,full_s42_fixed_epochs5_pat2_dirichlet_a01_normmatched_lambda075,0.008004164391750175,6.406664761016145e-05,0.008004164391750175,6.406664761016145e-05,0.0,0.0,0.0,1.0,1.0,fc,,0.0,1.0,0,1,4,2,65,shrinkage
20260823-165812,full_s42_fixed_epochs5_pat2_dirichlet_a01_normmatched_lambda075,0.05135779050080711,0.002637622645124793,0.05135779050080711,0.002637622645124793,0.0,0.0,0.0,1.0,1.0,layer4_1_conv2,,0.0,1.0,0,1,4,3,66,shrinkage
20260823-165812,full_s42_fixed_epochs5_pat2_dirichlet_a01_normmatched_lambda075,0.00782780387002854,6.127451342763379e-05,0.00782780387002854,6.127451342763379e-05,0.0,0.0,0.0,1.0,1.0,fc,,0.0,1.0,0,1,4,3,66,shrinkage
20260823-165812,full_s42_fixed_epochs5_pat2_dirichlet_a01_normmatched_lambda075,0.05069605622662367,0.002570090116932988,0.05069605622662367,0.002570090116932988,0.0,0.0,0.0,1.0,1.0,layer4_1_conv2,,0.0,1.0,0,1,4,4,67,shrinkage
20260823-165812,full_s42_fixed_epochs5_pat2_dirichlet_a01_normmatched_lambda075,0.007771225581913766,6.039194704499096e-05,0.007771225581913766,6.039194704499096e-05,0.0,0.0,0.0,1.0,1.0,fc,,0.0,1.0,0,1,4,4,67,shrinkage
20260823-165812,full_s42_fixed_epochs5_pat2_dirichlet_a01_normmatched_lambda075,0.049847958037347186,0.002484818920493126,0.049847958037347186,0.002484818920493126,0.0,0.0,0.0,1.0,1.0,layer4_1_conv2,,0.0,1.0,0,1,4,5,68,shrinkage
20260823-165812,full_s42_fixed_epochs5_pat2_dirichlet_a01_normmatched_lambda075,0.00771768339815162,5.956263703410514e-05,0.00771768339815162,5.956263703410514e-05,0.0,0.0,0.0,1.0,1.0,fc,,0.0,1.0,0,1,4,5,68,shrinkage
20260823-165812,full_s42_fixed_epochs5_pat2_dirichlet_a01_normmatched_lambda075,0.049271520640241595,0.0024276827462017536,0.049271520640241595,0.0024276827462017536,0.0,0.0,0.0,1.0,1.0,layer4_1_conv2,,0.0,1.0,0,1,4,6,69,shrinkage
20260823-165812,full_s42_fixed_epochs5_pat2_dirichlet_a01_normmatched_lambda075,0.007674878439061687,5.890375905437395e-05,0.007674878439061687,5.890375905437395e-05,0.0,0.0,0.0,1.0,1.0,fc,,0.0,1.0,0,1,4,6,69,shrinkage
20260823-165812,full_s42_fixed_epochs5_pat2_dirichlet_a01_normmatched_lambda075,0.04876189986053744,0.002377722878009081,0.04876189986053744,0.002377722878009081,0.0,0.0,0.0,1.0,1.0,layer4_1_conv2,,0.0,1.0,0,1,4,7,70,shrinkage
20260823-165812,full_s42_fixed_epochs5_pat2_dirichlet_a01_normmatched_lambda075,0.007606386778722949,5.785711982753128e-05,0.007606386778722949,5.785711982753128e-05,0.0,0.0,0.0,1.0,1.0,fc,,0.0,1.0,0,1,4,7,70,shrinkage
20260823-165812,full_s42_fixed_epochs5_pat2_dirichlet_a01_normmatched_lambda075,0.04788047053571922,0.002292539458721876,0.04788047053571922,0.002292539458721876,0.0,0.0,0.0,1.0,1.0,layer4_1_conv2,,0.0,1.0,0,1,4,8,71,shrinkage
20260823-165812,full_s42_fixed_epochs5_pat2_dirichlet_a01_normmatched_lambda075,0.007511452280369007,5.6421915360260755e-05,0.007511452280369007,5.6421915360260755e-05,0.0,0.0,0.0,1.0,1.0,fc,,0.0,1.0,0,1,4,8,71,shrinkage
20260823-165812,full_s42_fixed_epochs5_pat2_dirichlet_a01_normmatched_lambda075,0.047702464575808096,0.002275525126606226,0.047702464575808096,0.002275525126606226,0.0,0.0,0.0,1.0,1.0,layer4_1_conv2,,0.0,1.0,0,1,4,9,72,shrinkage
20260823-165812,full_s42_fixed_epochs5_pat2_dirichlet_a01_normmatched_lambda075,0.007466440897753477,5.574773967964575e-05,0.007466440897753477,5.574773967964575e-05,0.0,0.0,0.0,1.0,1.0,fc,,0.0,1.0,0,1,4,9,72,shrinkage
20260823-165812,full_s42_fixed_epochs5_pat2_dirichlet_a01_normmatched_lambda075,0.04717241003716124,0.0022252362687140703,0.04717241003716124,0.0022252362687140703,0.0,0.0,0.0,1.0,1.0,layer4_1_conv2,,0.0,1.0,0,1,4,10,73,shrinkage
20260823-165812,full_s42_fixed_epochs5_pat2_dirichlet_a01_normmatched_lambda075,0.007343586259380422,5.392825914896093e-05,0.007343586259380422,5.392825914896093e-05,0.0,0.0,0.0,1.0,1.0,fc,,0.0,1.0,0,1,4,10,73,shrinkage
20260823-165812,full_s42_fixed_epochs5_pat2_dirichlet_a01_normmatched_lambda075,0.04674050537042929,0.0021846748422831297,0.04674050537042929,0.0021846748422831297,0.0,0.0,0.0,1.0,1.0,layer4_1_conv2,,0.0,1.0,0,1,4,11,74,shrinkage
20260823-165812,full_s42_fixed_epochs5_pat2_dirichlet_a01_normmatched_lambda075,0.007333124230329799,5.377471097745001e-05,0.007333124230329799,5.377471097745001e-05,0.0,0.0,0.0,1.0,1.0,fc,,0.0,1.0,0,1,4,11,74,shrinkage
20260823-165812,full_s42_fixed_epochs5_pat2_dirichlet_a01_normmatched_lambda075,0.04630877320614027,0.0021445024758577347,0.04630877320614027,0.0021445024758577347,0.0,0.0,0.0,1.0,1.0,layer4_1_conv2,,0.0,1.0,0,1,4,12,75,shrinkage
20260823-165812,full_s42_fixed_epochs5_pat2_dirichlet_a01_normmatched_lambda075,0.007304597440651471,5.3357143769972026e-05,0.007304597440651471,5.3357143769972026e-05,0.0,0.0,0.0,1.0,1.0,fc,,0.0,1.0,0,1,4,12,75,shrinkage
20260823-165812,full_s42_fixed_epochs5_pat2_dirichlet_a01_normmatched_lambda075,0.045943248463714795,0.002110782079398632,0.045943248463714795,0.002110782079398632,0.0,0.0,0.0,1.0,1.0,layer4_1_conv2,,0.0,1.0,0,1,4,13,76,shrinkage
20260823-165812,full_s42_fixed_epochs5_pat2_dirichlet_a01_normmatched_lambda075,0.00717046733305101,5.141560177435167e-05,0.00717046733305101,5.141560177435167e-05,0.0,0.0,0.0,1.0,1.0,fc,,0.0,1.0,0,1,4,13,76,shrinkage
20260823-165812,full_s42_fixed_epochs5_pat2_dirichlet_a01_normmatched_lambda075,0.04540016720742049,0.0020611751824617386,0.04540016720742049,0.0020611751824617386,0.0,0.0,0.0,1.0,1.0,layer4_1_conv2,,0.0,1.0,0,1,4,14,77,shrinkage
20260823-165812,full_s42_fixed_epochs5_pat2_dirichlet_a01_normmatched_lambda075,0.007089648992021698,5.026312283007428e-05,0.007089648992021698,5.026312283007428e-05,0.0,0.0,0.0,1.0,1.0,fc,,0.0,1.0,0,1,4,14,77,shrinkage
20260823-165812,full_s42_fixed_epochs5_pat2_dirichlet_a01_normmatched_lambda075,0.044765071761455805,0.0020039116498082876,0.044765071761455805,0.0020039116498082876,0.0,0.0,0.0,1.0,1.0,layer4_1_conv2,,0.0,1.0,0,1,4,15,78,shrinkage
20260823-165812,full_s42_fixed_epochs5_pat2_dirichlet_a01_normmatched_lambda075,0.006939695546159221,4.815937427338213e-05,0.006939695546159221,4.815937427338213e-05,0.0,0.0,0.0,1.0,1.0,fc,,0.0,1.0,0,1,4,15,78,shrinkage
20260823-165812,full_s42_fixed_epochs5_pat2_dirichlet_a01_normmatched_lambda075,0.04437781070652733,0.001969390083104372,0.04437781070652733,0.001969390083104372,0.0,0.0,0.0,1.0,1.0,layer4_1_conv2,,0.0,1.0,0,1,4,16,79,shrinkage
20260823-165812,full_s42_fixed_epochs5_pat2_dirichlet_a01_normmatched_lambda075,0.006967301237847816,4.854328653891571e-05,0.006967301237847816,4.854328653891571e-05,0.0,0.0,0.0,1.0,1.0,fc,,0.0,1.0,0,1,4,16,79,shrinkage
20260823-165812,full_s42_fixed_epochs5_pat2_dirichlet_a01_normmatched_lambda075,0.043315171034686455,0.0018762040417641401,0.043315171034686455,0.0018762040417641401,0.0,0.0,0.0,1.0,1.0,layer4_1_conv2,,0.0,1.0,0,1,4,17,80,shrinkage
20260823-165812,full_s42_fixed_epochs5_pat2_dirichlet_a01_normmatched_lambda075,0.006852770520423825,4.6960463805589825e-05,0.006852770520423825,4.6960463805589825e-05,0.0,0.0,0.0,1.0,1.0,fc,,0.0,1.0,0,1,4,17,80,shrinkage
20260823-165812,full_s42_fixed_epochs5_pat2_dirichlet_a01_normmatched_lambda075,0.04271342403588666,0.0018244365928694606,0.04271342403588666,0.0018244365928694606,0.0,0.0,0.0,1.0,1.0,layer4_1_conv2,,0.0,1.0,0,1,4,18,81,shrinkage
20260823-165812,full_s42_fixed_epochs5_pat2_dirichlet_a01_normmatched_lambda075,0.0067847699290318805,4.603310298989527e-05,0.0067847699290318805,4.603310298989527e-05,0.0,0.0,0.0,1.0,1.0,fc,,0.0,1.0,0,1,4,18,81,shrinkage
20260823-165812,full_s42_fixed_epochs5_pat2_dirichlet_a01_normmatched_lambda075,0.04235216199274308,0.0017937056254595518,0.04235216199274308,0.0017937056254595518,0.0,0.0,0.0,1.0,1.0,layer4_1_conv2,,0.0,1.0,0,1,4,19,82,shrinkage
20260823-165812,full_s42_fixed_epochs5_pat2_dirichlet_a01_normmatched_lambda075,0.00671626611680216,4.5108230551704764e-05,0.00671626611680216,4.5108230551704764e-05,0.0,0.0,0.0,1.0,1.0,fc,,0.0,1.0,0,1,4,19,82,shrinkage
20260823-165812,full_s42_fixed_epochs5_pat2_dirichlet_a01_normmatched_lambda075,0.04217991893257569,0.001779145561158657,0.04217991893257569,0.001779145561158657,0.0,0.0,0.0,1.0,1.0,layer4_1_conv2,,0.0,1.0,0,1,4,20,83,shrinkage
20260823-165812,full_s42_fixed_epochs5_pat2_dirichlet_a01_normmatched_lambda075,0.0066639649570186515,4.44084289483726e-05,0.0066639649570186515,4.44084289483726e-05,0.0,0.0,0.0,1.0,1.0,fc,,0.0,1.0,0,1,4,20,83,shrinkage
20260823-165812,full_s42_fixed_epochs5_pat2_dirichlet_a01_normmatched_lambda075,0.044705358938934896,0.001998569117859006,0.044705358938934896,0.001998569117859006,0.0,0.0,0.0,1.0,1.0,layer4_1_conv2,,0.0,1.0,0,1,4,21,84,shrinkage
20260823-165812,full_s42_fixed_epochs5_pat2_dirichlet_a01_normmatched_lambda075,0.006741887650871775,4.545304909697734e-05,0.006741887650871775,4.545304909697734e-05,0.0,0.0,0.0,1.0,1.0,fc,,0.0,1.0,0,1,4,21,84,shrinkage
20260823-165812,full_s42_fixed_epochs5_pat2_dirichlet_a01_normmatched_lambda075,0.044108010159456056,0.0019455165602266788,0.044108010159456056,0.0019455165602266788,0.0,0.0,0.0,1.0,1.0,layer4_1_conv2,,0.0,1.0,0,1,5,1,85,shrinkage
20260823-165812,full_s42_fixed_epochs5_pat2_dirichlet_a01_normmatched_lambda075,0.0066415111874314125,4.410967085277662e-05,0.0066415111874314125,4.410967085277662e-05,0.0,0.0,0.0,1.0,1.0,fc,,0.0,1.0,0,1,5,1,85,shrinkage
20260823-165812,full_s42_fixed_epochs5_pat2_dirichlet_a01_normmatched_lambda075,0.04422287177869094,0.00195566238835454,0.04422287177869094,0.00195566238835454,0.0,0.0,0.0,1.0,1.0,layer4_1_conv2,,0.0,1.0,0,1,5,2,86,shrinkage
20260823-165812,full_s42_fixed_epochs5_pat2_dirichlet_a01_normmatched_lambda075,0.006691986701881002,4.478268601815216e-05,0.006691986701881002,4.478268601815216e-05,0.0,0.0,0.0,1.0,1.0,fc,,0.0,1.0,0,1,5,2,86,shrinkage
20260823-165812,full_s42_fixed_epochs5_pat2_dirichlet_a01_normmatched_lambda075,0.04352579409348324,0.0018944947514683008,0.04352579409348324,0.0018944947514683008,0.0,0.0,0.0,1.0,1.0,layer4_1_conv2,,0.0,1.0,0,1,5,3,87,shrinkage
20260823-165812,full_s42_fixed_epochs5_pat2_dirichlet_a01_normmatched_lambda075,0.006641909399710457,4.411496047396213e-05,0.006641909399710457,4.411496047396213e-05,0.0,0.0,0.0,1.0,1.0,fc,,0.0,1.0,0,1,5,3,87,shrinkage
20260823-165812,full_s42_fixed_epochs5_pat2_dirichlet_a01_normmatched_lambda075,0.04344347410148719,0.001887335442006588,0.04344347410148719,0.001887335442006588,0.0,0.0,0.0,1.0,1.0,layer4_1_conv2,,0.0,1.0,0,1,5,4,88,shrinkage
20260823-165812,full_s42_fixed_epochs5_pat2_dirichlet_a01_normmatched_lambda075,0.006573788229509982,4.3214691686443985e-05,0.006573788229509982,4.3214691686443985e-05,0.0,0.0,0.0,1.0,1.0,fc,,0.0,1.0,0,1,5,4,88,shrinkage
20260823-165812,full_s42_fixed_epochs5_pat2_dirichlet_a01_normmatched_lambda075,0.04296439999539286,0.0018459396669641137,0.04296439999539286,0.0018459396669641137,0.0,0.0,0.0,1.0,1.0,layer4_1_conv2,,0.0,1.0,0,1,5,5,89,shrinkage
20260823-165812,full_s42_fixed_epochs5_pat2_dirichlet_a01_normmatched_lambda075,0.006520637793714422,4.251871723681688e-05,0.006520637793714422,4.251871723681688e-05,0.0,0.0,0.0,1.0,1.0,fc,,0.0,1.0,0,1,5,5,89,shrinkage
20260823-165812,full_s42_fixed_epochs5_pat2_dirichlet_a01_normmatched_lambda075,0.04240640673506522,0.0017983033321797848,0.04240640673506522,0.0017983033321797848,0.0,0.0,0.0,1.0,1.0,layer4_1_conv2,,0.0,1.0,0,1,5,6,90,shrinkage
20260823-165812,full_s42_fixed_epochs5_pat2_dirichlet_a01_normmatched_lambda075,0.006519950402958308,4.250975325703621e-05,0.006519950402958308,4.250975325703621e-05,0.0,0.0,0.0,1.0,1.0,fc,,0.0,1.0,0,1,5,6,90,shrinkage
20260823-165812,full_s42_fixed_epochs5_pat2_dirichlet_a01_normmatched_lambda075,0.04136354891936933,0.00171094317920506,0.04136354891936933,0.00171094317920506,0.0,0.0,0.0,1.0,1.0,layer4_1_conv2,,0.0,1.0,0,1,5,7,91,shrinkage
20260823-165812,full_s42_fixed_epochs5_pat2_dirichlet_a01_normmatched_lambda075,0.006438974798834411,4.146039646002464e-05,0.006438974798834411,4.146039646002464e-05,0.0,0.0,0.0,1.0,1.0,fc,,0.0,1.0,0,1,5,7,91,shrinkage
20260823-165812,full_s42_fixed_epochs5_pat2_dirichlet_a01_normmatched_lambda075,0.04064458239825732,0.0016519820783287287,0.04064458239825732,0.0016519820783287287,0.0,0.0,0.0,1.0,1.0,layer4_1_conv2,,0.0,1.0,0,1,5,8,92,shrinkage
20260823-165812,full_s42_fixed_epochs5_pat2_dirichlet_a01_normmatched_lambda075,0.006403990849571164,4.10110988013912e-05,0.006403990849571164,4.10110988013912e-05,0.0,0.0,0.0,1.0,1.0,fc,,0.0,1.0,0,1,5,8,92,shrinkage
20260823-165812,full_s42_fixed_epochs5_pat2_dirichlet_a01_normmatched_lambda075,0.04002560994315219,0.0016020494513213634,0.04002560994315219,0.0016020494513213634,0.0,0.0,0.0,1.0,1.0,layer4_1_conv2,,0.0,1.0,0,1,5,9,93,shrinkage
20260823-165812,full_s42_fixed_epochs5_pat2_dirichlet_a01_normmatched_lambda075,0.0062948267123861396,3.9624843338970095e-05,0.0062948267123861396,3.9624843338970095e-05,0.0,0.0,0.0,1.0,1.0,fc,,0.0,1.0,0,1,5,9,93,shrinkage
20260823-165812,full_s42_fixed_epochs5_pat2_dirichlet_a01_normmatched_lambda075,0.03943925604333915,0.0015554549172520638,0.03943925604333915,0.0015554549172520638,0.0,0.0,0.0,1.0,1.0,layer4_1_conv2,,0.0,1.0,0,1,5,10,94,shrinkage
20260823-165812,full_s42_fixed_epochs5_pat2_dirichlet_a01_normmatched_lambda075,0.006229514514001323,3.880685108015314e-05,0.006229514514001323,3.880685108015314e-05,0.0,0.0,0.0,1.0,1.0,fc,,0.0,1.0,0,1,5,10,94,shrinkage
20260823-165812,full_s42_fixed_epochs5_pat2_dirichlet_a01_normmatched_lambda075,0.03889901999814889,0.0015131337568163872,0.03889901999814889,0.0015131337568163872,0.0,0.0,0.0,1.0,1.0,layer4_1_conv2,,0.0,1.0,0,1,5,11,95,shrinkage
20260823-165812,full_s42_fixed_epochs5_pat2_dirichlet_a01_normmatched_lambda075,0.006154608262443096,3.787920286413282e-05,0.006154608262443096,3.787920286413282e-05,0.0,0.0,0.0,1.0,1.0,fc,,0.0,1.0,0,1,5,11,95,shrinkage
20260823-165812,full_s42_fixed_epochs5_pat2_dirichlet_a01_normmatched_lambda075,0.03893707673516687,0.0015160959446802735,0.03893707673516687,0.0015160959446802735,0.0,0.0,0.0,1.0,1.0,layer4_1_conv2,,0.0,1.0,0,1,5,12,96,shrinkage
20260823-165812,full_s42_fixed_epochs5_pat2_dirichlet_a01_normmatched_lambda075,0.006179695952513071,3.818864206550643e-05,0.006179695952513071,3.818864206550643e-05,0.0,0.0,0.0,1.0,1.0,fc,,0.0,1.0,0,1,5,12,96,shrinkage
20260823-165812,full_s42_fixed_epochs5_pat2_dirichlet_a01_normmatched_lambda075,0.03910637120470752,0.0015293082688003778,0.03910637120470752,0.0015293082688003778,0.0,0.0,0.0,1.0,1.0,layer4_1_conv2,,0.0,1.0,0,1,5,13,97,shrinkage
20260823-165812,full_s42_fixed_epochs5_pat2_dirichlet_a01_normmatched_lambda075,0.006212245623748718,3.859199568978511e-05,0.006212245623748718,3.859199568978511e-05,0.0,0.0,0.0,1.0,1.0,fc,,0.0,1.0,0,1,5,13,97,shrinkage
20260823-165812,full_s42_fixed_epochs5_pat2_dirichlet_a01_normmatched_lambda075,0.03913809197523211,0.001531790243461728,0.03913809197523211,0.001531790243461728,0.0,0.0,0.0,1.0,1.0,layer4_1_conv2,,0.0,1.0,0,1,5,14,98,shrinkage
20260823-165812,full_s42_fixed_epochs5_pat2_dirichlet_a01_normmatched_lambda075,0.00622719797599653,3.8777994632255286e-05,0.00622719797599653,3.8777994632255286e-05,0.0,0.0,0.0,1.0,1.0,fc,,0.0,1.0,0,1,5,14,98,shrinkage
20260823-165812,full_s42_fixed_epochs5_pat2_dirichlet_a01_normmatched_lambda075,0.03888410123544604,0.0015119733288884163,0.03888410123544604,0.0015119733288884163,0.0,0.0,0.0,1.0,1.0,layer4_1_conv2,,0.0,1.0,0,1,5,15,99,shrinkage
20260823-165812,full_s42_fixed_epochs5_pat2_dirichlet_a01_normmatched_lambda075,0.006205572773442914,3.850913344649598e-05,0.006205572773442914,3.850913344649598e-05,0.0,0.0,0.0,1.0,1.0,fc,,0.0,1.0,0,1,5,15,99,shrinkage
20260823-165812,full_s42_fixed_epochs5_pat2_dirichlet_a01_normmatched_lambda075,0.03908655349927312,0.0015277586644515395,0.03908655349927312,0.0015277586644515395,0.0,0.0,0.0,1.0,1.0,layer4_1_conv2,,0.0,1.0,0,1,5,16,100,shrinkage
20260823-165812,full_s42_fixed_epochs5_pat2_dirichlet_a01_normmatched_lambda075,0.006179366272462127,3.8184567529242486e-05,0.006179366272462127,3.8184567529242486e-05,0.0,0.0,0.0,1.0,1.0,fc,,0.0,1.0,0,1,5,16,100,shrinkage
20260823-165812,full_s42_fixed_epochs5_pat2_dirichlet_a01_normmatched_lambda075,0.038305225941162584,0.0014672903344035149,0.038305225941162584,0.0014672903344035149,0.0,0.0,0.0,1.0,1.0,layer4_1_conv2,,0.0,1.0,0,1,5,17,101,shrinkage
20260823-165812,full_s42_fixed_epochs5_pat2_dirichlet_a01_normmatched_lambda075,0.006071943342453699,3.6868495953967795e-05,0.006071943342453699,3.6868495953967795e-05,0.0,0.0,0.0,1.0,1.0,fc,,0.0,1.0,0,1,5,17,101,shrinkage
20260823-165812,full_s42_fixed_epochs5_pat2_dirichlet_a01_normmatched_lambda075,0.038309229811842066,0.0014675970887765288,0.038309229811842066,0.0014675970887765288,0.0,0.0,0.0,1.0,1.0,layer4_1_conv2,,0.0,1.0,0,1,5,18,102,shrinkage
20260823-165812,full_s42_fixed_epochs5_pat2_dirichlet_a01_normmatched_lambda075,0.0060959954425066545,3.71611604350619e-05,0.0060959954425066545,3.71611604350619e-05,0.0,0.0,0.0,1.0,1.0,fc,,0.0,1.0,0,1,5,18,102,shrinkage
20260823-165812,full_s42_fixed_epochs5_pat2_dirichlet_a01_normmatched_lambda075,0.038270390561361826,0.0014646227937191725,0.038270390561361826,0.0014646227937191725,0.0,0.0,0.0,1.0,1.0,layer4_1_conv2,,0.0,1.0,0,1,5,19,103,shrinkage
20260823-165812,full_s42_fixed_epochs5_pat2_dirichlet_a01_normmatched_lambda075,0.006124872750288175,3.751406620722264e-05,0.006124872750288175,3.751406620722264e-05,0.0,0.0,0.0,1.0,1.0,fc,,0.0,1.0,0,1,5,19,103,shrinkage
20260823-165812,full_s42_fixed_epochs5_pat2_dirichlet_a01_normmatched_lambda075,0.037018202789942195,0.0013703473377972841,0.037018202789942195,0.0013703473377972841,0.0,0.0,0.0,1.0,1.0,layer4_1_conv2,,0.0,1.0,0,1,5,20,104,shrinkage
20260823-165812,full_s42_fixed_epochs5_pat2_dirichlet_a01_normmatched_lambda075,0.005959491802959948,3.551554254954681e-05,0.005959491802959948,3.551554254954681e-05,0.0,0.0,0.0,1.0,1.0,fc,,0.0,1.0,0,1,5,20,104,shrinkage
20260823-165812,full_s42_fixed_epochs5_pat2_dirichlet_a01_normmatched_lambda075,0.0405920600655898,0.0016477153403684497,0.0405920600655898,0.0016477153403684497,0.0,0.0,0.0,1.0,1.0,layer4_1_conv2,,0.0,1.0,0,1,5,21,105,shrinkage
20260823-165812,full_s42_fixed_epochs5_pat2_dirichlet_a01_normmatched_lambda075,0.006188152121615362,3.82932266802527e-05,0.006188152121615362,3.82932266802527e-05,0.0,0.0,0.0,1.0,1.0,fc,,0.0,1.0,0,1,5,21,105,shrinkage
20260823-165812,full_s42_fixed_epochs5_pat2_dirichlet_a01_normmatched_lambda075,0.05124973641595281,0.0026265354827046394,0.048990268904058595,0.0024000464472919703,0.002259468206983657,5.1051965783699416e-06,0.00022648903541266918,0.9559126022901672,0.9137689032171592,layer4_1_conv2,,0.0,0.9559126072624153,1,1,1,1,106,shrinkage
20260823-165812,full_s42_fixed_epochs5_pat2_dirichlet_a01_normmatched_lambda075,0.008479895270286364,7.190862379502505e-05,0.0033254664437192397,1.1058727068302687e-05,0.005154429087620407,2.656813921930734e-05,6.084989672672236e-05,0.3921589050010684,0.153788606771637,fc,,0.0,0.3921589076325682,1,1,1,1,106,shrinkage
20260823-165812,full_s42_fixed_epochs5_pat2_dirichlet_a01_normmatched_lambda075,0.06647815037555933,0.00441934447735548,0.0635473003912542,0.004038259387016296,0.002930849560107636,8.589879143983126e-06,0.0003810850903391838,0.9559125822883504,0.9137688649771823,layer4_1_conv2,,0.0,0.9559126072624153,1,1,1,2,107,shrinkage
20260823-165812,full_s42_fixed_epochs5_pat2_dirichlet_a01_normmatched_lambda075,0.011664574537213509,0.00013606229913420975,0.00457436663333753,2.0924830096191727e-05,0.007090207778895913,5.0271046347916126e-05,0.00011513746903801803,0.3921588926148932,0.1537885970569393,fc,,0.0,0.3921589076325682,1,1,1,2,107,shrinkage
20260823-165812,full_s42_fixed_epochs5_pat2_dirichlet_a01_normmatched_lambda075,0.08139873071327199,0.006625753361731768,0.07781007294240132,0.006054407451301813,0.003588659219044046,1.2878474990429822e-05,0.0005713459104299545,0.9559126077344896,0.9137689136257522,layer4_1_conv2,,0.0,0.9559126072624153,1,1,1,3,108,shrinkage
20260823-165812,full_s42_fixed_epochs5_pat2_dirichlet_a01_normmatched_lambda075,0.014471943869284796,0.00020943715935572982,0.005675301674395792,3.220904909539968e-05,0.008796642266933337,7.738091517239809e-05,0.00017722811026033014,0.3921589059256257,0.15378860749678372,fc,,0.0,0.3921589076325682,1,1,1,3,108,shrinkage
20260823-165812,full_s42_fixed_epochs5_pat2_dirichlet_a01_normmatched_lambda075,0.09435874276313388,0.008903572335839272,0.09019870713670243,0.008135806769132614,0.004160032747622655,1.7305872461292893e-05,0.0007677655667066574,0.9559125577067694,0.9137688179814978,layer4_1_conv2,,0.0,0.9559126072624153,1,1,1,4,109,shrinkage
20260823-165812,full_s42_fixed_epochs5_pat2_dirichlet_a01_normmatched_lambda075,0.01689896163704056,0.00028557490441016853,0.0066270780899573304,4.39181640103925e-05,0.010271883288775957,0.00010551158629823476,0.00024165674039977603,0.3921588930903036,0.15378859742981218,fc,,0.0,0.3921589076325682,1,1,1,4,109,shrinkage
20260823-165812,full_s42_fixed_epochs5_pat2_dirichlet_a01_normmatched_lambda075,0.10572307440708355,0.011177368462085724,0.10106201374612865,0.010213530622422695,0.004661056464818466,2.1725447368226014e-05,0.0009638378396630287,0.9559125509062703,0.9137688049801327,layer4_1_conv2,,0.0,0.9559126072624153,1,1,2,1,110,shrinkage
20260823-165812,full_s42_fixed_epochs5_pat2_dirichlet_a01_normmatched_lambda075,0.018986859249808793,0.00036050082417204976,0.007445865955213889,5.5440919823013246e-05,0.011540993202334236,0.00013319452409632504,0.0003050599043490365,0.39215890618080357,0.1537886076969243,fc,,0.0,0.3921589076325682,1,1,2,1,110,shrinkage
20260823-165812,full_s42_fixed_epochs5_pat2_dirichlet_a01_normmatched_lambda075,0.11454285824328084,0.013120066374540329,0.10949296209991531,0.01198870874941349,0.005049897947597835,2.5501469281152822e-05,0.0011313576251268387,0.9559126058069906,0.9137689099407108,layer4_1_conv2,,0.0,0.9559126072624153,1,1,2,2,111,shrinkage
20260823-165812,full_s42_fixed_epochs5_pat2_dirichlet_a01_normmatched_lambda075,0.020669116149717205,0.00042721236241050065,0.00810557777908831,6.57003911328502e-05,0.012563538510406688,0.0001578424999024719,0.00036151197127765045,0.39215889641218216,0.1537886000352206,fc,,0.0,0.3921589076325682,1,1,2,2,111,shrinkage
20260823-165812,full_s42_fixed_epochs5_pat2_dirichlet_a01_normmatched_lambda075,0.12121028829899234,0.014691933989524841,0.11586644699624483,0.013425033539533615,0.005343847805370862,2.855670936696697e-05,0.0012669004499912262,0.9559126425838892,0.9137689802517143,layer4_1_conv2,,0.0,0.9559126072624153,1,1,2,3,112,shrinkage
20260823-165812,full_s42_fixed_epochs5_pat2_dirichlet_a01_normmatched_lambda075,0.022065766729341477,0.0004868980613537133,0.008653286553966978,7.487936818506569e-05,0.013412479925751663,0.0001798946177586913,0.0004120186931686476,0.39215888847680314,0.15378859381136173,fc,,0.0,0.3921589076325682,1,1,2,3,112,shrinkage
20260823-165812,full_s42_fixed_epochs5_pat2_dirichlet_a01_normmatched_lambda075,0.12590702118759317,0.01585257798433304,0.12035610504888476,0.014485592022538185,0.005550914752186635,3.081265458604321e-05,0.0013669859617948532,0.9559125767066008,0.9137688543058528,layer4_1_conv2,,0.0,0.9559126072624153,1,1,2,4,113,shrinkage
20260823-165812,full_s42_fixed_epochs5_pat2_dirichlet_a01_normmatched_lambda075,0.023121277579620667,0.0005345934769138694,0.009067214427333558,8.221437747124583e-05,0.014054063329227566,0.000197516696061939,0.00045237909944262356,0.3921588846511446,0.15378859081082977,fc,,0.0,0.3921589076325682,1,1,2,4,113,shrinkage
20260823-165812,full_s42_fixed_epochs5_pat2_dirichlet_a01_normmatched_lambda075,0.1288095313696758,0.01659189537167549,0.1231306487206086,0.01516115665435791,0.0056788783974323,3.224965985282324e-05,0.0014307387173175812,0.9559125587316273,0.9137688199408467,layer4_1_conv2,,0.0,0.9559126072624153,1,1,3,1,114,shrinkage
20260823-165812,full_s42_fixed_epochs5_pat2_dirichlet_a01_normmatched_lambda075,0.02385278680178818,0.0005689554382115602,0.009354082240109071,8.749885455472395e-05,0.014498703826188087,0.00021021241263952106,0.0004814565836568363,0.3921588834813977,0.1537885898933765,fc,,0.0,0.3921589076325682,1,1,3,1,114,shrinkage
20260823-165812,full_s42_fixed_epochs5_pat2_dirichlet_a01_normmatched_lambda075,0.1296021577091428,0.016796719282865524,0.12388833263969184,0.015348318964242935,0.005713823450685059,3.264777842559852e-05,0.0014484003186225891,0.9559125776109831,0.9137688560348738,layer4_1_conv2,,0.0,0.9559126072624153,1,1,3,2,115,shrinkage
20260823-165812,full_s42_fixed_epochs5_pat2_dirichlet_a01_normmatched_lambda075,0.024363068730924517,0.000593559117987752,0.009554194695339125,9.128263627644628e-05,0.014808874900003492,0.0002193027758039534,0.0005022764817113057,0.3921589189301018,0.15378861769642613,fc,,0.0,0.3921589076325682,1,1,3,2,115,shrinkage
20260823-165812,full_s42_fixed_epochs5_pat2_dirichlet_a01_normmatched_lambda075,0.1306904585082477,0.017079995945096016,0.12492865523164176,0.015607168897986412,0.0057618037870160975,3.319838288007304e-05,0.0014728270471096039,0.9559125942140426,0.9137688877770208,layer4_1_conv2,,0.0,0.9559126072624153,1,1,3,3,116,shrinkage
20260823-165812,full_s42_fixed_epochs5_pat2_dirichlet_a01_normmatched_lambda075,0.024736547885149007,0.0006118968012742698,0.009700657389680253,9.41027537919581e-05,0.015035890946899154,0.00022607801656704396,0.0005177940474823117,0.3921588992417249,0.15378860225448135,fc,,0.0,0.3921589076325682,1,1,3,3,116,shrinkage
20260823-165812,full_s42_fixed_epochs5_pat2_dirichlet_a01_normmatched_lambda075,0.1305248910644097,0.017036747187376022,0.12477039319686513,0.015567651018500328,0.005754504647817776,3.311432374175638e-05,0.0014690961688756943,0.9559126399522914,0.913768975220559,layer4_1_conv2,,0.0,0.9559126072624153,1,1,3,4,117,shrinkage
20260823-165812,full_s42_fixed_epochs5_pat2_dirichlet_a01_normmatched_lambda075,0.02500800781224378,0.000625400454737246,0.009807112603320017,9.617945761419833e-05,0.015200895153334414,0.00023106721346266568,0.0005292209971230477,0.39215889074212895,0.15378859558809704,fc,,0.0,0.3921589076325682,1,1,3,4,117,shrinkage
20260823-165812,full_s42_fixed_epochs5_pat2_dirichlet_a01_normmatched_lambda075,0.12995861107567333,0.016889240592718124,0.12422907294559264,0.015432862564921379,0.005729538462563165,3.2827610993990675e-05,0.0014563780277967453,0.9559125933814078,0.9137688861851687,layer4_1_conv2,,0.0,0.9559126072624153,1,1,4,1,118,shrinkage
20260823-165812,full_s42_fixed_epochs5_pat2_dirichlet_a01_normmatched_lambda075,0.025123893905159237,0.0006312100449576974,0.009852558122308864,9.707290155347437e-05,0.015271335212302515,0.0002332136791665107,0.000534137143404223,0.39215888108354185,0.15378858801269557,fc,,0.0,0.3921589076325682,1,1,4,1,118,shrinkage
20260823-165812,full_s42_fixed_epochs5_pat2_dirichlet_a01_normmatched_lambda075,0.12710578249852722,0.016155879944562912,0.1215020226726711,0.014762741513550282,0.005603764964358766,3.140218177577481e-05,0.0013931384310126305,0.9559126287120647,0.9137689537312094,layer4_1_conv2,,0.0,0.9559126072624153,1,1,4,2,119,shrinkage
20260823-165812,full_s42_fixed_epochs5_pat2_dirichlet_a01_normmatched_lambda075,0.025000665607383413,0.0006250332808122039,0.00980423321362536,9.612298890715465e-05,0.015196432492822348,0.00023093156050890684,0.0005289102919050492,0.39215888759097234,0.15378859311658885,fc,,0.0,0.3921589076325682,1,1,4,2,119,shrinkage
20260823-165812,full_s42_fixed_epochs5_pat2_dirichlet_a01_normmatched_lambda075,0.12452717105498468,0.015507016330957413,0.11903709071654917,0.014169828966259956,0.005490080477901657,3.0140983653836884e-05,0.0013371873646974564,0.9559125908673266,0.9137688813786851,layer4_1_conv2,,0.0,0.9559126072624153,1,1,4,3,120,shrinkage
20260823-165812,full_s42_fixed_epochs5_pat2_dirichlet_a01_normmatched_lambda075,0.024764734949399854,0.0006132920971140265,0.009711711297908088,9.431733633391559e-05,0.015053024038907402,0.00022659353271592408,0.000518974760780111,0.3921589032853122,0.15378860542593883,fc,,0.0,0.3921589076325682,1,1,4,3,120,shrinkage
20260823-165812,full_s42_fixed_epochs5_pat2_dirichlet_a01_normmatched_lambda075,0.12106146689748633,0.014655878767371178,0.11572418131406868,0.013392086140811443,0.005337286685406411,2.848662916221656e-05,0.0012637926265597343,0.9559125977885498,0.9137688946108538,layer4_1_conv2,,0.0,0.9559126072624153,1,1,4,4,121,shrinkage
20260823-165812,full_s42_fixed_epochs5_pat2_dirichlet_a01_normmatched_lambda075,0.024430833063281764,0.0005968656041659415,0.009580768437357784,9.17911238502711e-05,0.014850064278897072,0.0002205244090873748,0.0005050744803156704,0.39215889251673397,0.1537885969799513,fc,,0.0,0.3921589076325682,1,1,4,4,121,shrinkage
20260823-165812,full_s42_fixed_epochs5_pat2_dirichlet_a01_normmatched_lambda075,0.12569018645286995,0.015798022970557213,0.12080161172246762,0.014593029394745827,0.00488857901080773,2.389820474490989e-05,0.001204993575811386,0.9611061542005477,0.923725039642167,layer4_1_conv2,,0.0,0.9611061483817345,2,1,1,1,122,shrinkage
20260823-165812,full_s42_fixed_epochs5_pat2_dirichlet_a01_normmatched_lambda075,0.025356104198550954,0.0006429320201277733,0.00940855467353146,8.852090104483068e-05,0.01594754985303748,0.0002543243463151157,0.0005544111190829426,0.3710567916844709,0.13768314265517287,fc,,0.0,0.37105680456392315,2,1,1,1,122,shrinkage
20260823-165812,full_s42_fixed_epochs5_pat2_dirichlet_a01_normmatched_lambda075,0.1318414898868759,0.017382178455591202,0.12671365894669329,0.016056351363658905,0.005127827074574428,2.6294610506738536e-05,0.0013258270919322968,0.9611060907717103,0.9237249177184792,layer4_1_conv2,,0.0,0.9611061483817345,2,1,1,2,123,shrinkage
20260823-165812,full_s42_fixed_epochs5_pat2_dirichlet_a01_normmatched_lambda075,0.026253834097436313,0.0006892638048157096,0.00974166359363608,9.490000957157463e-05,0.016512170815895552,0.0002726517850533128,0.000594363795244135,0.37105679717033613,0.13768314672630796,fc,,0.0,0.37105680456392315,2,1,1,2,123,shrinkage
20260823-165812,full_s42_fixed_epochs5_pat2_dirichlet_a01_normmatched_lambda075,0.13593673486603883,0.018478795886039734,0.13064963342344754,0.01706932671368122,0.005287106934698966,2.79534997389419e-05,0.0014094691723585129,0.9611061612756732,0.9237250532420604,layer4_1_conv2,,0.0,0.9611061483817345,2,1,1,3,124,shrinkage
20260823-165812,full_s42_fixed_epochs5_pat2_dirichlet_a01_normmatched_lambda075,0.026839741523302603,0.000720371725037694,0.00995906851452029,9.918304567690939e-05,0.0168806728953873,0.00028495711740106344,0.0006211886793607846,0.37105679672338504,0.13768314639461948,fc,,0.0,0.37105680456392315,2,1,1,3,124,shrinkage
20260823-165812,full_s42_fixed_epochs5_pat2_dirichlet_a01_normmatched_lambda075,0.1393420519715712,0.01941620744764805,0.13392249644216186,0.017935235053300858,0.005419552837192971,2.937155295512639e-05,0.0014809723943471909,0.9611061021943681,0.9237249396752513,layer4_1_conv2,,0.0,0.9611061483817345,2,1,1,4,125,shrinkage
20260823-165812,full_s42_fixed_epochs5_pat2_dirichlet_a01_normmatched_lambda075,0.027242707995810245,0.0007421651389449835,0.010108591469298192,0.00010218362149316818,0.017134116082156734,0.0002935779339168221,0.0006399815174518153,0.3710567786011886,0.13768313294589146,fc,,0.0,0.37105680456392315,2,1,1,4,125,shrinkage
20260823-165812,full_s42_fixed_epochs5_pat2_dirichlet_a01_normmatched_lambda075,0.14137339131176158,0.019986435770988464,0.1358748275059129,0.01846196874976158,0.00549855944125962,3.023415592906531e-05,0.001524467021226883,0.9611060910767638,0.9237249183048565,layer4_1_conv2,,0.0,0.9611061483817345,2,1,2,1,126,shrinkage
20260823-165812,full_s42_fixed_epochs5_pat2_dirichlet_a01_normmatched_lambda075,0.027468922757721902,0.0007545417174696922,0.010192530235141948,0.00010388767259428278,0.01727639120200635,0.00029847369296476245,0.0006506540448754095,0.3710567875209698,0.13768313956538214,fc,,0.0,0.37105680456392315,2,1,2,1,126,shrinkage
20260823-165812,full_s42_fixed_epochs5_pat2_dirichlet_a01_normmatched_lambda075,0.14163118907514224,0.02005939371883869,0.13612260273940935,0.018529362976551056,0.005508586142753515,3.034452129213605e-05,0.0015300307422876358,0.9611061209631565,0.9237249757528457,layer4_1_conv2,,0.0,0.9611061483817345,2,1,2,2,127,shrinkage
20260823-165812,full_s42_fixed_epochs5_pat2_dirichlet_a01_normmatched_lambda075,0.02747848854372709,0.0007550673326477408,0.010196079959703683,0.00010396004654467106,0.01728240923416658,0.00029868166893720627,0.0006511072861030698,0.37105679751921034,0.13768314698521225,fc,,0.0,0.37105680456392315,2,1,2,2,127,shrinkage
20260823-165812,full_s42_fixed_epochs5_pat2_dirichlet_a01_normmatched_lambda075,0.14004995072305038,0.01961398869752884,0.13460286304576893,0.018117930740118027,0.005447085823649231,2.967074397020042e-05,0.0014960579574108124,0.9611061078625219,0.9237249505706455,layer4_1_conv2,,0.0,0.9611061483817345,2,1,2,3,128,shrinkage
20260823-165812,full_s42_fixed_epochs5_pat2_dirichlet_a01_normmatched_lambda075,0.0273031994171292,0.0007454646984115243,0.010131038065598105,0.00010263793228659779,0.017172162164425166,0.0002948831534013152,0.0006428267661249265,0.37105680952695236,0.13768315589632096,fc,,0.0,0.37105680456392315,2,1,2,3,128,shrinkage
20260823-165812,full_s42_fixed_epochs5_pat2_dirichlet_a01_normmatched_lambda075,0.1381095310326394,0.019074242562055588,0.13273791715398517,0.017619354650378227,0.005371615096008144,2.885424873966258e-05,0.0014548879116773605,0.9611061319339014,0.9237249968409456,layer4_1_conv2,,0.0,0.9611061483817345,2,1,2,4,129,shrinkage
20260823-165812,full_s42_fixed_epochs5_pat2_dirichlet_a01_normmatched_lambda075,0.027044420492902673,0.0007314006797969341,0.010035016322004897,0.0001007015525829047,0.017009404451484737,0.00028931983979418874,0.0006306991272140294,0.371056807249333,0.1376831542060686,fc,,0.0,0.37105680456392315,2,1,2,4,129,shrinkage
20260823-165812,full_s42_fixed_epochs5_pat2_dirichlet_a01_normmatched_lambda075,0.13500566114150042,0.01822652854025364,0.12975477059548401,0.016836300492286682,0.005250893893044726,2.75718866760144e-05,0.001390228047966957,0.9611061454636861,0.9237250228480639,layer4_1_conv2,,0.0,0.9611061483817345,2,1,3,1,130,shrinkage
20260823-165812,full_s42_fixed_epochs5_pat2_dirichlet_a01_normmatched_lambda075,0.026663558344653164,0.0007109453435987234,0.009893694429358621,9.78851894615218e-05,0.016769863882660073,0.0002812283346429467,0.0006130601541372016,0.37105679225078375,0.1376831430754413,fc,,0.0,0.37105680456392315,2,1,3,1,130,shrinkage
20260823-165812,full_s42_fixed_epochs5_pat2_dirichlet_a01_normmatched_lambda075,0.13104142862438825,0.01717185601592064,0.12594472497609346,0.015862073749303818,0.005096709649487101,2.5976449251174927e-05,0.0013097822666168213,0.9611061654180849,0.9237250612046551,layer4_1_conv2,,0.0,0.9611061483817345,2,1,3,2,131,shrinkage
20260823-165812,full_s42_fixed_epochs5_pat2_dirichlet_a01_normmatched_lambda075,0.026181480972104914,0.0006854699458926916,0.009714816585942051,9.437766129849479e-05,0.016466664690695906,0.0002711510460358113,0.0005910922845941968,0.3710568014197788,0.13768314987987723,fc,,0.0,0.37105680456392315,2,1,3,2,131,shrinkage
20260823-165812,full_s42_fixed_epochs5_pat2_dirichlet_a01_normmatched_lambda075,0.12664684616895397,0.016039423644542694,0.12172105799238689,0.01481601595878601,0.004925787021543678,2.4263377781608142e-05,0.0012234076857566833,0.9611061125833659,0.9237249596451093,layer4_1_conv2,,0.0,0.9611061483817345,2,1,3,3,132,shrinkage
20260823-165812,full_s42_fixed_epochs5_pat2_dirichlet_a01_normmatched_lambda075,0.02565300950761656,0.0006580768967978656,0.00951872343907557,9.060609590960667e-05,0.016134285422286947,0.0002603151660878211,0.000567470800888259,0.3710567930148466,0.13768314364246276,fc,,0.0,0.37105680456392315,2,1,3,3,132,shrinkage
20260823-165812,full_s42_fixed_epochs5_pat2_dirichlet_a01_normmatched_lambda075,0.12229875170650806,0.014956984668970108,0.11754207612925535,0.013816139660775661,0.004756672622166947,2.2625934434472583e-05,0.0011408450081944466,0.961106098705997,0.9237249329698617,layer4_1_conv2,,0.0,0.9611061483817345,2,1,3,4,133,shrinkage
20260823-165812,full_s42_fixed_epochs5_pat2_dirichlet_a01_normmatched_lambda075,0.02515651562984385,0.000632850278634578,0.009334496005627172,8.713281567906961e-05,0.015822019676238884,0.0002503363066352904,0.0005457174629555084,0.37105679272026876,0.1376831434238525,fc,,0.0,0.37105680456392315,2,1,3,4,133,shrinkage
20260823-165812,full_s42_fixed_epochs5_pat2_dirichlet_a01_normmatched_lambda075,0.1283932941359411,0.016484837979078293,0.12366636944756089,0.015293370932340622,0.004726927900524832,2.2343847376760095e-05,0.001191467046737671,0.9631840220301894,0.9277234602942522,layer4_1_conv2,,0.0,0.9631839751493123,3,1,1,1,134,shrinkage
20260823-165812,full_s42_fixed_epochs5_pat2_dirichlet_a01_normmatched_lambda075,0.0259315151665668,0.000672443478833884,0.009599215546967034,9.214493911713362e-05,0.016332299241346895,0.0002667439985089004,0.0005802985397167504,0.37017565249496837,0.1370300137000756,fc,,0.0,0.3701756561873952,3,1,1,1,134,shrinkage
20260823-165812,full_s42_fixed_epochs5_pat2_dirichlet_a01_normmatched_lambda075,0.13351989734793993,0.017827562987804413,0.12860423167027402,0.01653904840350151,0.004915668726195901,2.4163799025700428e-05,0.0012885145843029022,0.9631840214432149,0.9277234591635235,layer4_1_conv2,,0.0,0.9631839751493123,3,1,1,2,135,shrinkage
20260823-165812,full_s42_fixed_epochs5_pat2_dirichlet_a01_normmatched_lambda075,0.02650620977234638,0.0007025791564956307,0.009811953088604667,9.627442341297865e-05,0.016694255420304317,0.0002786981640383601,0.0006063047330826521,0.3701756370630313,0.13703000227502105,fc,,0.0,0.3701756561873952,3,1,1,2,135,shrinkage
20260823-165812,full_s42_fixed_epochs5_pat2_dirichlet_a01_normmatched_lambda075,0.13725331567709478,0.01883847266435623,0.1322001900003903,0.017476890236139297,0.005053118038066718,2.553400190663524e-05,0.0013615824282169342,0.9631839445788503,0.9277233110944738,layer4_1_conv2,,0.0,0.9631839751493123,3,1,1,3,136,shrinkage
20260823-165812,full_s42_fixed_epochs5_pat2_dirichlet_a01_normmatched_lambda075,0.026904332616128044,0.0007238431135192513,0.009959329330363862,9.918824071064591e-05,0.01694500376502326,0.0002871331525966525,0.0006246548728086054,0.37017566919291106,0.13703002606241954,fc,,0.0,0.3701756561873952,3,1,1,3,136,shrinkage
20260823-165812,full_s42_fixed_epochs5_pat2_dirichlet_a01_normmatched_lambda075,0.13947466729304442,0.019453182816505432,0.13433976543149478,0.01804717257618904,0.005134899574568935,2.6367193640908226e-05,0.001406010240316391,0.963183982000395,0.9277233831821374,layer4_1_conv2,,0.0,0.9631839751493123,3,1,1,4,137,shrinkage
20260823-165812,full_s42_fixed_epochs5_pat2_dirichlet_a01_normmatched_lambda075,0.027106731999494645,0.0007347749196924269,0.010034252445509411,0.00010068622214021161,0.017072479759163428,0.0002914695651270449,0.0006340886975522153,0.37017566137063224,0.13703002027118502,fc,,0.0,0.3701756561873952,3,1,1,4,137,shrinkage
20260823-165812,full_s42_fixed_epochs5_pat2_dirichlet_a01_normmatched_lambda075,0.1411137168375968,0.01991308107972145,0.13591846848045297,0.018473830074071884,0.005195242704396799,2.6990546757588163e-05,0.0014392510056495667,0.9631839591956686,0.9277233392518432,layer4_1_conv2,,0.0,0.9631839751493123,3,1,2,1,138,shrinkage
20260823-165812,full_s42_fixed_epochs5_pat2_dirichlet_a01_normmatched_lambda075,0.027109153029332856,0.0007349061779677868,0.01003514828148923,0.00010070420103147626,0.017074004564826963,0.000291521631879732,0.0006342019769363105,0.3701756477094995,0.13703001015714747,fc,,0.0,0.3701756561873952,3,1,2,1,138,shrinkage
20260823-165812,full_s42_fixed_epochs5_pat2_dirichlet_a01_normmatched_lambda075,0.1402975813935715,0.019683411344885826,0.13513238729280022,0.018260762095451355,0.005165196062884112,2.6679250368033536e-05,0.0014226492494344711,0.9631840118021595,0.9277234405913025,layer4_1_conv2,,0.0,0.9631839751493123,3,1,2,2,139,shrinkage
20260823-165812,full_s42_fixed_epochs5_pat2_dirichlet_a01_normmatched_lambda075,0.026924937520780942,0.0007249522604979575,0.009966956451860867,9.934022091329098e-05,0.01695798087042402,0.00028757311520166695,0.0006256120395846665,0.37017565757277127,0.1370300174594336,fc,,0.0,0.3701756561873952,3,1,2,2,139,shrinkage
20260823-165812,full_s42_fixed_epochs5_pat2_dirichlet_a01_normmatched_lambda075,0.13701644231330853,0.018773505464196205,0.1319720378125627,0.017416618764400482,0.005044397350487923,2.5445944629609585e-05,0.001356886699795723,0.9631839477395636,0.9277233171831706,layer4_1_conv2,,0.0,0.9631839751493123,3,1,2,3,140,shrinkage
20260823-165812,full_s42_fixed_epochs5_pat2_dirichlet_a01_normmatched_lambda075,0.026572587529314153,0.000706102408003062,0.009836525141350751,9.67572268564254e-05,0.016736061635902365,0.00028009575908072293,0.0006093451811466366,0.370175660556179,0.13703001966820344,fc,,0.0,0.3701756561873952,3,1,2,3,140,shrinkage
20260823-165812,full_s42_fixed_epochs5_pat2_dirichlet_a01_normmatched_lambda075,0.1335362321721858,0.017831925302743912,0.12861995983814348,0.01654309406876564,0.004916270187881394,2.4169712560251355e-05,0.0012888312339782715,0.9631839819495347,0.9277233830841614,layer4_1_conv2,,0.0,0.9631839751493123,3,1,2,4,141,shrinkage
20260823-165812,full_s42_fixed_epochs5_pat2_dirichlet_a01_normmatched_lambda075,0.026143476038301486,0.0006834813393652439,0.009677678332638074,9.365745791001245e-05,0.016465797738892982,0.00027112249517813325,0.0005898238814552315,0.3701756537064848,0.13703001459702335,fc,,0.0,0.3701756561873952,3,1,2,4,141,shrinkage
20260823-165812,full_s42_fixed_epochs5_pat2_dirichlet_a01_normmatched_lambda075,0.12962198958308502,0.0168018601834774,0.12484982156491581,0.015587477944791317,0.0047721630281877545,2.277353996760212e-05,0.0012143822386860847,0.9631839625859905,0.9277233457828508,layer4_1_conv2,,0.0,0.9631839751493123,3,1,3,1,142,shrinkage
20260823-165812,full_s42_fixed_epochs5_pat2_dirichlet_a01_normmatched_lambda075,0.025672226736534645,0.0006590632256120443,0.009503233593365086,9.03114487300627e-05,0.0161689929478773,0.0002614363329485059,0.0005687517768819816,0.37017566457688106,0.13703002264493552,fc,,0.0,0.3701756561873952,3,1,3,1,142,shrinkage
20260823-165812,full_s42_fixed_epochs5_pat2_dirichlet_a01_normmatched_lambda075,0.12481381288935353,0.015578487887978554,0.12021866830278144,0.014452528208494186,0.004595145477594321,2.111536196025554e-05,0.0011259596794843674,0.9631840059990343,0.9277234294123478,layer4_1_conv2,,0.0,0.9631839751493123,3,1,3,2,143,shrinkage
20260823-165812,full_s42_fixed_epochs5_pat2_dirichlet_a01_normmatched_lambda075,0.025094759157899413,0.0006297469371929765,0.009289469292492554,8.629423973616213e-05,0.015805290221871503,0.00024980719899758697,0.0005434526974568143,0.37017567030797277,0.13703002688795698,fc,,0.0,0.3701756561873952,3,1,3,2,143,shrinkage
20260823-165812,full_s42_fixed_epochs5_pat2_dirichlet_a01_normmatched_lambda075,0.11936882708352421,0.014248916879296303,0.11497414429787457,0.013219053857028484,0.0043946829494810385,1.931323822645936e-05,0.0010298630222678185,0.9631839996000412,0.9277234170855322,layer4_1_conv2,,0.0,0.9631839751493123,3,1,3,3,144,shrinkage
20260823-165812,full_s42_fixed_epochs5_pat2_dirichlet_a01_normmatched_lambda075,0.024417202270791638,0.0005961997667327523,0.009038653694643389,8.169726061169058e-05,0.015378547865638017,0.0002364997344557196,0.0005145025061210617,0.37017564888896437,0.13703001103036583,fc,,0.0,0.3701756561873952,3,1,3,3,144,shrinkage
20260823-165812,full_s42_fixed_epochs5_pat2_dirichlet_a01_normmatched_lambda075,0.11324096654027825,0.012823516502976418,0.10907188631316762,0.011896676383912563,0.004169079526386464,1.738122409733478e-05,0.0009268401190638542,0.9631839929092468,0.9277234041966002,layer4_1_conv2,,0.0,0.9631839751493123,3,1,3,4,145,shrinkage
20260823-165812,full_s42_fixed_epochs5_pat2_dirichlet_a01_normmatched_lambda075,0.0236314852002901,0.0005584470927715302,0.008747800773235413,7.65240183682181e-05,0.014883684606168686,0.0002215240674559027,0.00048192307440331206,0.3701756660274583,0.13703002371887238,fc,,0.0,0.3701756561873952,3,1,3,4,145,shrinkage
20260823-165812,full_s42_fixed_epochs5_pat2_dirichlet_a01_normmatched_lambda075,0.11903022122057462,0.014168193563818932,0.1148377884076509,0.013187717646360397,0.0041924321285904224,1.7576487152837217e-05,0.0009804759174585342,0.9647784170277669,0.9307973939626037,layer4_1_conv2,,0.0,0.9647784345146911,4,1,1,1,146,shrinkage
20260823-165812,full_s42_fixed_epochs5_pat2_dirichlet_a01_normmatched_lambda075,0.02445220114102274,0.0005979101406410336,0.00923337209416368,8.525516022928059e-05,0.015218828327461568,0.0002316127356607467,0.0005126549804117531,0.3776090357228873,0.14258858385956877,fc,,0.0,0.3776090327110193,4,1,1,1,146,shrinkage
20260823-165812,full_s42_fixed_epochs5_pat2_dirichlet_a01_normmatched_lambda075,0.12452033517980514,0.015505313873291016,0.12013453459114727,0.01443230640143156,0.0043858025044109725,1.923526360769756e-05,0.0010730074718594551,0.9647784389407172,0.9307974362448873,layer4_1_conv2,,0.0,0.9647784345146911,4,1,1,2,147,shrinkage
20260823-165812,full_s42_fixed_epochs5_pat2_dirichlet_a01_normmatched_lambda075,0.025012841689034067,0.0006256422493606806,0.009445074878780798,8.920943946577609e-05,0.015567765987196848,0.00024235533783212304,0.0005364328098949045,0.37760902964182724,0.14258857926704235,fc,,0.0,0.3776090327110193,4,1,1,2,147,shrinkage
20260823-165812,full_s42_fixed_epochs5_pat2_dirichlet_a01_normmatched_lambda075,0.12876489865570678,0.016580399125814438,0.12422959772164532,0.015432992950081825,0.004535302867971337,2.0568972104229033e-05,0.0011474061757326126,0.964778437435904,0.9307974333412645,layer4_1_conv2,,0.0,0.9647784345146911,4,1,1,3,148,shrinkage
20260823-165812,full_s42_fixed_epochs5_pat2_dirichlet_a01_normmatched_lambda075,0.025369695143293156,0.0006436214316636324,0.009579826313635876,9.177307219943032e-05,0.015789868354995247,0.00024931994266808033,0.0005518483594642021,0.3776090433695432,0.14258858963446155,fc,,0.0,0.3776090327110193,4,1,1,3,148,shrinkage
20260823-165812,full_s42_fixed_epochs5_pat2_dirichlet_a01_normmatched_lambda075,0.13099532396037167,0.017159774899482727,0.12638146733961003,0.015972275286912918,0.00461386175575174,2.128772030118853e-05,0.001187499612569809,0.9647784632208902,0.9307974830948624,layer4_1_conv2,,0.0,0.9647784345146911,4,1,1,4,149,shrinkage
20260823-165812,full_s42_fixed_epochs5_pat2_dirichlet_a01_normmatched_lambda075,0.025573177377186986,0.0006539874011650681,0.009656663326893177,9.325114660896361e-05,0.015916515207917113,0.0002533354563638568,0.0005607362545561045,0.3776090543800622,0.1425885979498048,fc,,0.0,0.3776090327110193,4,1,1,4,149,shrinkage
20260823-165812,full_s42_fixed_epochs5_pat2_dirichlet_a01_normmatched_lambda075,0.1320235859604668,0.017430227249860764,0.12737351286209972,0.016224011778831482,0.00465007880542605,2.1623232896672562e-05,0.0012062154710292816,0.9647784669342379,0.9307974902599783,layer4_1_conv2,,0.0,0.9647784345146911,4,1,2,1,150,shrinkage
20260823-165812,full_s42_fixed_epochs5_pat2_dirichlet_a01_normmatched_lambda075,0.0255852652781755,0.0006546057993546128,0.009661227492577343,9.333931666333228e-05,0.01592403783242541,0.0002535749808885157,0.0005612664826912805,0.377609041279649,0.14258858805613567,fc,,0.0,0.3776090327110193,4,1,2,1,150,shrinkage
20260823-165812,full_s42_fixed_epochs5_pat2_dirichlet_a01_normmatched_lambda075,0.13115289848477318,0.017201082780957222,0.12653348967006064,0.016010724008083344,0.004619411745088895,2.1338964870665222e-05,0.0011903587728738785,0.964778446621606,0.9307974510655987,layer4_1_conv2,,0.0,0.9647784345146911,4,1,2,2,151,shrinkage
20260823-165812,full_s42_fixed_epochs5_pat2_dirichlet_a01_normmatched_lambda075,0.025369773152012505,0.0006436253897845745,0.009579855554660864,9.177363244816661e-05,0.015789918121222952,0.000249321514274925,0.0005518517573364079,0.3776090348644258,0.14258858321124315,fc,,0.0,0.3776090327110193,4,1,2,2,151,shrinkage
20260823-165812,full_s42_fixed_epochs5_pat2_dirichlet_a01_normmatched_lambda075,0.12858784973773357,0.01653483510017395,0.12405877848839975,0.015390580520033836,0.004529066701818869,2.0512445189524442e-05,0.0011442545801401138,0.9647783887935658,0.9307973394831088,layer4_1_conv2,,0.0,0.9647784345146911,4,1,2,3,152,shrinkage
20260823-165812,full_s42_fixed_epochs5_pat2_dirichlet_a01_normmatched_lambda075,0.024997641034888687,0.0006248820573091507,0.009439335997680813,8.910106407711282e-05,0.01555830628247793,0.00024206089437939227,0.0005357809932320379,0.3776090705721603,0.14258861017837077,fc,,0.0,0.3776090327110193,4,1,2,3,152,shrinkage
20260823-165812,full_s42_fixed_epochs5_pat2_dirichlet_a01_normmatched_lambda075,0.12560059386260264,0.015775509178638458,0.12117674506046301,0.014683803543448448,0.004423851229305228,1.9570459699025378e-05,0.00109170563519001,0.9647784404030846,0.9307974390666082,layer4_1_conv2,,0.0,0.9647784345146911,4,1,2,4,153,shrinkage
20260823-165812,full_s42_fixed_epochs5_pat2_dirichlet_a01_normmatched_lambda075,0.024608330288162186,0.0006055699195712805,0.009292328099174248,8.634736150270328e-05,0.015316002395647227,0.0002345799293834716,0.0005192225580685772,0.37760904500068065,0.14258859086632605,fc,,0.0,0.3776090327110193,4,1,2,4,153,shrinkage
20260823-165812,full_s42_fixed_epochs5_pat2_dirichlet_a01_normmatched_lambda075,0.12132420836892346,0.014719563536345959,0.1170509735187318,0.013700930401682854,0.004273229768241931,1.8260492652188987e-05,0.001018633134663105,0.9647783825862882,0.9307973275058145,layer4_1_conv2,,0.0,0.9647784345146911,4,1,3,1,154,shrinkage
20260823-165812,full_s42_fixed_epochs5_pat2_dirichlet_a01_normmatched_lambda075,0.02404408134881198,0.0005781178479082882,0.009079262785138143,8.243301272159442e-05,0.014964819134895106,0.00022394581174012274,0.0004956848351866938,0.3776090528651763,0.1425885968057355,fc,,0.0,0.3776090327110193,4,1,3,1,154,shrinkage
20260823-165812,full_s42_fixed_epochs5_pat2_dirichlet_a01_normmatched_lambda075,0.11697995164853545,0.013684309087693691,0.11285973509063377,0.012737319804728031,0.004120218297832561,1.697619882179424e-05,0.0009469892829656601,0.9647784385286736,0.9307974354498256,layer4_1_conv2,,0.0,0.9647784345146911,4,1,3,2,155,shrinkage
20260823-165812,full_s42_fixed_epochs5_pat2_dirichlet_a01_normmatched_lambda075,0.02351706133698312,0.0005530521739274263,0.008880255141282286,7.885893137427047e-05,0.01463680600266809,0.00021423608995974064,0.00047419324255315587,0.3776090479177824,0.14258859306937405,fc,,0.0,0.3776090327110193,4,1,3,2,155,shrinkage
20260823-165812,full_s42_fixed_epochs5_pat2_dirichlet_a01_normmatched_lambda075,0.11185942992358106,0.01251253206282854,0.10791956743999047,0.01164663303643465,0.003939865569664115,1.5522540707024746e-05,0.0008658990263938904,0.9647784501826786,0.9307974579368912,layer4_1_conv2,,0.0,0.9647784345146911,4,1,3,3,156,shrinkage
20260823-165812,full_s42_fixed_epochs5_pat2_dirichlet_a01_normmatched_lambda075,0.022872460368850905,0.0005231494433246553,0.008636848236062901,7.459514745278284e-05,0.01423561302250343,0.00020265267812646925,0.00044855429587187245,0.37760905896355085,0.1425886014113384,fc,,0.0,0.3776090327110193,4,1,3,3,156,shrinkage
20260823-165812,full_s42_fixed_epochs5_pat2_dirichlet_a01_normmatched_lambda075,0.10666528772913192,0.011377483606338501,0.10290836859015733,0.01059013232588768,0.0037569195677889175,1.4114444638835266e-05,0.0007873512804508209,0.9647784277438506,0.9307974146398963,layer4_1_conv2,,0.0,0.9647784345146911,4,1,3,4,157,shrinkage
20260823-165812,full_s42_fixed_epochs5_pat2_dirichlet_a01_normmatched_lambda075,0.022285326911914708,0.00049663579557091,0.008415140893427823,7.08145962562412e-05,0.013870185751229497,0.00019238205277360976,0.0004258211993146688,0.3776090396470119,0.14258858682313857,fc,,0.0,0.3776090327110193,4,1,3,4,157,shrinkage
20260823-165812,full_s42_fixed_epochs5_pat2_dirichlet_a01_normmatched_lambda075,0.11349749068472341,0.012881680391728878,0.10971285376192386,0.012036910280585289,0.003784639672809815,1.4323497453005984e-05,0.000844770111143589,0.9666544440765424,0.9344208142529291,layer4_1_conv2,,0.0,0.9666544417214863,5,1,1,1,158,shrinkage
20260823-165812,full_s42_fixed_epochs5_pat2_dirichlet_a01_normmatched_lambda075,0.023149991900255174,0.0005359221249818802,0.008785701645571303,7.718855340499431e-05,0.01436429105412875,0.00020633285748772323,0.0004587335715768859,0.37951208291673144,0.14402942107979605,fc,,0.0,0.3795120826013951,5,1,1,1,158,shrinkage
20260823-165812,full_s42_fixed_epochs5_pat2_dirichlet_a01_normmatched_lambda075,0.11919128404060399,0.01420656219124794,0.11521677917365486,0.01327490620315075,0.003974502445098848,1.579666968609672e-05,0.0009316559880971909,0.9666544001187607,0.934420729268961,layer4_1_conv2,,0.0,0.9666544417214863,5,1,1,2,159,shrinkage
20260823-165812,full_s42_fixed_epochs5_pat2_dirichlet_a01_normmatched_lambda075,0.023729632111702825,0.0005630954401567578,0.009005681848565315,8.11023055575788e-05,0.014723949708100863,0.00021679469500668347,0.00048199313459917903,0.3795120719180451,0.14402941273152747,fc,,0.0,0.3795120826013951,5,1,1,2,159,shrinkage
20260823-165812,full_s42_fixed_epochs5_pat2_dirichlet_a01_normmatched_lambda075,0.12274759469084129,0.015066972002387047,0.11865450225248178,0.014078890904784203,0.004093089729507075,1.6753383533796296e-05,0.0009880810976028442,0.9666543980053655,0.9344207251831155,layer4_1_conv2,,0.0,0.9666544417214863,5,1,1,3,160,shrinkage
20260823-165812,full_s42_fixed_epochs5_pat2_dirichlet_a01_normmatched_lambda075,0.024194266841724325,0.0005853625480085611,0.009182016335349846,8.430942398263142e-05,0.015012250491687489,0.00022536766482517123,0.0005010531240259297,0.37951207182335284,0.14402941265965372,fc,,0.0,0.3795120826013951,5,1,1,3,160,shrinkage
20260823-165812,full_s42_fixed_epochs5_pat2_dirichlet_a01_normmatched_lambda075,0.12602992738748148,0.015883542597293854,0.12182738737367624,0.014841912314295769,0.004202540931920859,1.7661350284470245e-05,0.001041630282998085,0.9666544280321256,0.934420783234116,layer4_1_conv2,,0.0,0.9666544417214863,5,1,1,4,161,shrinkage
20260823-165812,full_s42_fixed_epochs5_pat2_dirichlet_a01_normmatched_lambda075,0.02448895174080058,0.0005997087573632598,0.009293852880135909,8.637570135761052e-05,0.015195098993589869,0.00023089103342499584,0.0005133330560056493,0.37951207460838743,0.1440294147735622,fc,,0.0,0.3795120826013951,5,1,1,4,161,shrinkage
20260823-165812,full_s42_fixed_epochs5_pat2_dirichlet_a01_normmatched_lambda075,0.12744332089209948,0.016241800040006638,0.1231936533013828,0.015176676213741302,0.004249671630120001,1.8059708963846788e-05,0.001065123826265335,0.9666544503001873,0.9344208262851572,layer4_1_conv2,,0.0,0.9666544417214863,5,1,2,1,162,shrinkage
20260823-165812,full_s42_fixed_epochs5_pat2_dirichlet_a01_normmatched_lambda075,0.02449803217215539,0.0006001535803079605,0.009297299255179485,8.643977344036102e-05,0.015200733367680602,0.0002310622949153185,0.0005137138068675995,0.37951208447455836,0.14402942226222437,fc,,0.0,0.3795120826013951,5,1,2,1,162,shrinkage
20260823-165812,full_s42_fixed_epochs5_pat2_dirichlet_a01_normmatched_lambda075,0.12612898425320423,0.01590852066874504,0.12192314049981737,0.014865252189338207,0.004205844297244299,1.768912625266239e-05,0.0010432684794068336,0.9666544230234692,0.9344207735508362,layer4_1_conv2,,0.0,0.9666544417214863,5,1,2,2,163,shrinkage
20260823-165812,full_s42_fixed_epochs5_pat2_dirichlet_a01_normmatched_lambda075,0.02438313432522041,0.0005945372395217419,0.009253694089426608,8.563085430068895e-05,0.015129440907574536,0.00022889998217578977,0.0005089063852210529,0.37951208265522934,0.14402942088130963,fc,,0.0,0.3795120826013951,5,1,2,2,163,shrinkage
20260823-165812,full_s42_fixed_epochs5_pat2_dirichlet_a01_normmatched_lambda075,0.12384267835805557,0.015337008982896805,0.11971307246019636,0.014331219717860222,0.004129605806204705,1.705364411463961e-05,0.001005789265036583,0.9666544203289948,0.9344207683415849,layer4_1_conv2,,0.0,0.9666544417214863,5,1,2,3,164,shrinkage
20260823-165812,full_s42_fixed_epochs5_pat2_dirichlet_a01_normmatched_lambda075,0.024139409119500643,0.0005827110726386309,0.009161197414710229,8.392753807129338e-05,0.014978212928244028,0.00022434686252381653,0.0004987835345673375,0.3795120820629159,0.14402942043172942,fc,,0.0,0.3795120826013951,5,1,2,3,164,shrinkage
20260823-165812,full_s42_fixed_epochs5_pat2_dirichlet_a01_normmatched_lambda075,0.12044513717126912,0.014507031068205833,0.11642882812997853,0.013555672019720078,0.004016313078658535,1.6130770745803602e-05,0.0009513590484857559,0.9666544525116068,0.9344208305605142,layer4_1_conv2,,0.0,0.9666544417214863,5,1,2,4,165,shrinkage
20260823-165812,full_s42_fixed_epochs5_pat2_dirichlet_a01_normmatched_lambda075,0.023741442591946185,0.0005636560963466763,0.009010163934978154,8.118305413518101e-05,0.014731278718057584,0.0002170105726690963,0.00048247304221149534,0.3795120662985607,0.14402940846620316,fc,,0.0,0.3795120826013951,5,1,2,4,165,shrinkage
20260823-165812,full_s42_fixed_epochs5_pat2_dirichlet_a01_normmatched_lambda075,0.11686697677367877,0.013657890260219574,0.11296998207982166,0.012762216851115227,0.003896997061471262,1.518658609711565e-05,0.0008956734091043472,0.966654440788659,0.9344208078964351,layer4_1_conv2,,0.0,0.9666544417214863,5,1,3,1,166,shrinkage
20260823-165812,full_s42_fixed_epochs5_pat2_dirichlet_a01_normmatched_lambda075,0.023353698789968246,0.0005453952471725643,0.008863010522882233,7.855295552872121e-05,0.014490687806492805,0.00020998003310523927,0.00046684229164384305,0.379512067985111,0.14402940974633555,fc,,0.0,0.3795120826013951,5,1,3,1,166,shrinkage
20260823-165812,full_s42_fixed_epochs5_pat2_dirichlet_a01_normmatched_lambda075,0.11285180047928808,0.012735528871417046,0.10908869327702493,0.011900343000888824,0.0037631087043432316,1.4160987120703794e-05,0.0008351858705282211,0.9666544336352542,0.9344207940666941,layer4_1_conv2,,0.0,0.9666544417214863,5,1,3,2,167,shrinkage
20260823-165812,full_s42_fixed_epochs5_pat2_dirichlet_a01_normmatched_lambda075,0.022840177418258296,0.0005216737044975162,0.00866812292298619,7.513635500799865e-05,0.014172054196222902,0.00020084712014067918,0.0004465373494895175,0.37951206613907235,0.14402940834514766,fc,,0.0,0.3795120826013951,5,1,3,2,167,shrinkage
20260823-165812,full_s42_fixed_epochs5_pat2_dirichlet_a01_normmatched_lambda075,0.108448948990949,0.011761174537241459,0.10483265606305618,0.010989885777235031,0.003616293145414755,1.3077576113573741e-05,0.0007712887600064278,0.9666544216284232,0.9344207708537815,layer4_1_conv2,,0.0,0.9666544417214863,5,1,3,3,168,shrinkage
20260823-165812,full_s42_fixed_epochs5_pat2_dirichlet_a01_normmatched_lambda075,0.02228035194045396,0.0004964140825904906,0.008455662640015545,7.149823068175465e-05,0.013824689728515832,0.00019112204608973116,0.00042491585190873593,0.3795120769462702,0.14402941654807172,fc,,0.0,0.3795120826013951,5,1,3,3,168,shrinkage
20260823-165812,full_s42_fixed_epochs5_pat2_dirichlet_a01_normmatched_lambda075,0.10401743590417559,0.010819626972079277,0.1005489086769454,0.010110083036124706,0.0034685217485180045,1.2030643119942397e-05,0.0007095439359545708,0.9666543671541229,0.934420665538138,layer4_1_conv2,,0.0,0.9666544417214863,5,1,3,4,169,shrinkage
20260823-165812,full_s42_fixed_epochs5_pat2_dirichlet_a01_normmatched_lambda075,0.021742406433975642,0.00047273223754018545,0.00825150586642928,6.808734906371683e-05,0.013490900566094378,0.00018200439808424562,0.0004046448884764686,0.37951207891759,0.14402941804435104,fc,,0.0,0.3795120826013951,5,1,3,4,169,shrinkage
20260823-165812,full_s42_fixed_epochs5_pat2_dirichlet_a01_normmatched_lambda075,0.10953323379466925,0.011997529305517673,0.10595387572762453,0.011226223781704903,0.003579354044724537,1.2811775377485901e-05,0.0007713055238127708,0.9673217164960675,0.9357113032048985,layer4_1_conv2,,0.0,0.9673217481565788,6,1,1,1,170,shrinkage
20260823-165812,full_s42_fixed_epochs5_pat2_dirichlet_a01_normmatched_lambda075,0.022441544660999624,0.0005036229267716408,0.00846404174823512,7.164000271586701e-05,0.013977502624004743,0.00019537057960405946,0.00043198292405577376,0.37715949931666165,0.14224928792479488,fc,,0.0,0.3771594969346822,6,1,1,1,170,shrinkage
20260823-165812,full_s42_fixed_epochs5_pat2_dirichlet_a01_normmatched_lambda075,0.11495287504968799,0.013214163482189178,0.11119641912361679,0.01236464362591505,0.003756458367135394,1.4110979464021511e-05,0.000849519856274128,0.9673217749060432,0.9357114162073777,layer4_1_conv2,,0.0,0.9673217481565788,6,1,1,2,171,shrinkage
20260823-165812,full_s42_fixed_epochs5_pat2_dirichlet_a01_normmatched_lambda075,0.022981898141522756,0.0005281676421873271,0.00866784130221819,7.513147284043953e-05,0.01431405665351772,0.0002048922178801149,0.0004530361693468876,0.37715950392093545,0.14224929139788609,fc,,0.0,0.3771594969346822,6,1,1,2,171,shrinkage
20260823-165812,full_s42_fixed_epochs5_pat2_dirichlet_a01_normmatched_lambda075,0.11869582019386742,0.014088697731494904,0.11481704952973584,0.013182954862713814,0.003878771302061516,1.504486681369599e-05,0.0009057428687810898,0.967321758611244,0.93571138468275,layer4_1_conv2,,0.0,0.9673217481565788,6,1,1,3,172,shrinkage
20260823-165812,full_s42_fixed_epochs5_pat2_dirichlet_a01_normmatched_lambda075,0.023357261459236094,0.0005455616628751159,0.008809413379479316,7.76057640905492e-05,0.014547848045805528,0.0002116398827638477,0.00046795589878456667,0.37715951396330477,0.14224929897303631,fc,,0.0,0.3771594969346822,6,1,1,3,172,shrinkage
20260823-165812,full_s42_fixed_epochs5_pat2_dirichlet_a01_normmatched_lambda075,0.12112647045205469,0.014671621844172478,0.11716826598951126,0.013728402554988861,0.003958200635696785,1.5667352272430435e-05,0.0009432192891836166,0.967321722099463,0.9357113140454707,layer4_1_conv2,,0.0,0.9673217481565788,6,1,1,4,173,shrinkage
20260823-165812,full_s42_fixed_epochs5_pat2_dirichlet_a01_normmatched_lambda075,0.02360231100140545,0.0005570690846070647,0.008901835761839113,7.924267993075773e-05,0.014700474301689158,0.00021610394469462335,0.000477826404676307,0.37715949769956997,0.14224928670499187,fc,,0.0,0.3771594969346822,6,1,1,4,173,shrinkage
20260823-165812,full_s42_fixed_epochs5_pat2_dirichlet_a01_normmatched_lambda075,0.1220128687167334,0.01488714013248682,0.11802570266125605,0.013930066488683224,0.003987166674184147,1.589749808772467e-05,0.0009570736438035965,0.9673217579636291,0.935711383429846,layer4_1_conv2,,0.0,0.9673217481565788,6,1,2,1,174,shrinkage
20260823-165812,full_s42_fixed_epochs5_pat2_dirichlet_a01_normmatched_lambda075,0.023556293991052347,0.0005548989865928888,0.008884479887819026,7.893398287706077e-05,0.014671813671072242,0.00021526211639866233,0.00047596500371582806,0.37715949254130204,0.1422492828140125,fc,,0.0,0.3771594969346822,6,1,2,1,174,shrinkage
20260823-165812,full_s42_fixed_epochs5_pat2_dirichlet_a01_normmatched_lambda075,0.120671319937797,0.014561567455530167,0.11672799302338954,0.013625424355268478,0.003943326941437565,1.5549827367067337e-05,0.0009361431002616882,0.967321755356284,0.9357113783855624,layer4_1_conv2,,0.0,0.9673217481565788,6,1,2,2,175,shrinkage
20260823-165812,full_s42_fixed_epochs5_pat2_dirichlet_a01_normmatched_lambda075,0.023377318902014114,0.0005464990390464664,0.008816977714264061,7.773909601382911e-05,0.014560340675049103,0.00021200352057348937,0.00046875994303263724,0.3771594916945082,0.14224928217525978,fc,,0.0,0.3771594969346822,6,1,2,2,175,shrinkage
20260823-165812,full_s42_fixed_epochs5_pat2_dirichlet_a01_normmatched_lambda075,0.11906549163999719,0.01417659129947424,0.11517463363947726,0.013265196233987808,0.0038908514296911354,1.5138724847929552e-05,0.0009113950654864311,0.9673216987816738,0.9357112689338635,layer4_1_conv2,,0.0,0.9673217481565788,6,1,2,3,176,shrinkage
20260823-165812,full_s42_fixed_epochs5_pat2_dirichlet_a01_normmatched_lambda075,0.023148621527673836,0.0005358586786314845,0.008730722891438957,7.622552220709622e-05,0.014417898496639063,0.00020787579705938697,0.0004596331564243883,0.3771595159997543,0.14224930050916892,fc,,0.0,0.3771594969346822,6,1,2,3,176,shrinkage
20260823-165812,full_s42_fixed_epochs5_pat2_dirichlet_a01_normmatched_lambda075,0.11622609913118159,0.013508506119251251,0.11242803351292556,0.012640062719583511,0.0037980651671561446,1.4425299013964832e-05,0.0008684433996677399,0.9673217491884568,0.9357113664530156,layer4_1_conv2,,0.0,0.9673217481565788,6,1,2,4,177,shrinkage
20260823-165812,full_s42_fixed_epochs5_pat2_dirichlet_a01_normmatched_lambda075,0.022765417829839422,0.0005182642489671707,0.008586193787415595,7.372272375505418e-05,0.014179223578623373,0.000201050381292589,0.00044454152521211654,0.37715950796920467,0.14224929445157256,fc,,0.0,0.3771594969346822,6,1,2,4,177,shrinkage
20260823-165812,full_s42_fixed_epochs5_pat2_dirichlet_a01_normmatched_lambda075,0.11252508099110647,0.012661893852055073,0.10884795760587535,0.011847877874970436,0.003677122317600174,1.3521228538593277e-05,0.0008140159770846367,0.9673217441583378,0.9357113567215287,layer4_1_conv2,,0.0,0.9673217481565788,6,1,3,1,178,shrinkage
20260823-165812,full_s42_fixed_epochs5_pat2_dirichlet_a01_normmatched_lambda075,0.022320234104962818,0.0004981928505003452,0.008418288411523311,7.086757977958769e-05,0.013901945999149255,0.00019326410256326199,0.00042732527072075754,0.3771595034324276,0.1422492910293954,fc,,0.0,0.3771594969346822,6,1,3,1,178,shrinkage
20260823-165812,full_s42_fixed_epochs5_pat2_dirichlet_a01_normmatched_lambda075,0.10819959875757806,0.011707153171300888,0.10466382823028622,0.010954516939818859,0.003535773218669919,1.2501692253863439e-05,0.000752636231482029,0.9673217778264247,0.935711421857275,layer4_1_conv2,,0.0,0.9673217481565788,6,1,3,2,179,shrinkage
20260823-165812,full_s42_fixed_epochs5_pat2_dirichlet_a01_normmatched_lambda075,0.021802148596538843,0.0004753336834255606,0.008222887665670314,6.761588156223297e-05,0.013579261395454392,0.00018439634004607797,0.0004077178018633276,0.37715950926853703,0.1422492954316837,fc,,0.0,0.3771594969346822,6,1,3,2,179,shrinkage
20260823-165812,full_s42_fixed_epochs5_pat2_dirichlet_a01_normmatched_lambda075,0.10363756501062692,0.01074074488133192,0.10025087121218693,0.01005023717880249,0.003386693947158395,1.1469695891719311e-05,0.0006905077025294304,0.967321754442101,0.9357113766169444,layer4_1_conv2,,0.0,0.9673217481565788,6,1,3,3,180,shrinkage
20260823-165812,full_s42_fixed_epochs5_pat2_dirichlet_a01_normmatched_lambda075,0.021243911731760313,0.0004513037856668234,0.008012342770693825,6.41976366750896e-05,0.013231568225373037,0.0001750743977027014,0.0003871061489917338,0.377159483237502,0.14224927579597954,fc,,0.0,0.3771594969346822,6,1,3,3,180,shrinkage
20260823-165812,full_s42_fixed_epochs5_pat2_dirichlet_a01_normmatched_lambda075,0.09903641075910853,0.009808210656046867,0.09580007333134241,0.009177654050290585,0.0032363361928041557,1.0473871952854097e-05,0.0006305566057562828,0.9673217415397047,0.9357113516554074,layer4_1_conv2,,0.0,0.9673217481565788,6,1,3,4,181,shrinkage
20260823-165812,full_s42_fixed_epochs5_pat2_dirichlet_a01_normmatched_lambda075,0.020692036184966615,0.00042816036147996783,0.007804197970404958,6.0905505961272866e-05,0.012887838271945845,0.00016609637532383204,0.00036725485551869497,0.3771594975305012,0.14224928657746014,fc,,0.0,0.3771594969346822,6,1,3,4,181,shrinkage
20260823-165812,full_s42_fixed_epochs5_pat2_dirichlet_a01_normmatched_lambda075,0.1535548705975963,0.023579098284244537,0.1535548705975963,0.023579098284244537,0.0,0.0,0.0,1.0,1.0,layer4_1_conv2,,0.0,1.0,0,2,1,1,1,shrinkage
20260823-165812,full_s42_fixed_epochs5_pat2_dirichlet_a01_normmatched_lambda075,0.022627335937416202,0.0005119963316246867,0.022627335937416202,0.0005119963316246867,0.0,0.0,0.0,1.0,1.0,fc,,0.0,1.0,0,2,1,1,1,shrinkage
20260823-165812,full_s42_fixed_epochs5_pat2_dirichlet_a01_normmatched_lambda075,0.12676946119204802,0.016070496290922165,0.12676946119204802,0.016070496290922165,0.0,0.0,0.0,1.0,1.0,layer4_1_conv2,,0.0,1.0,0,2,1,2,2,shrinkage
20260823-165812,full_s42_fixed_epochs5_pat2_dirichlet_a01_normmatched_lambda075,0.02159091693184165,0.0004661676939576864,0.02159091693184165,0.0004661676939576864,0.0,0.0,0.0,1.0,1.0,fc,,0.0,1.0,0,2,1,2,2,shrinkage
20260823-165812,full_s42_fixed_epochs5_pat2_dirichlet_a01_normmatched_lambda075,0.11611496544748243,0.013482685200870037,0.11611496544748243,0.013482685200870037,0.0,0.0,0.0,1.0,1.0,layer4_1_conv2,,0.0,1.0,0,2,1,3,3,shrinkage
20260823-165812,full_s42_fixed_epochs5_pat2_dirichlet_a01_normmatched_lambda075,0.021097913580608637,0.0004451219574548304,0.021097913580608637,0.0004451219574548304,0.0,0.0,0.0,1.0,1.0,fc,,0.0,1.0,0,2,1,3,3,shrinkage
20260823-165812,full_s42_fixed_epochs5_pat2_dirichlet_a01_normmatched_lambda075,0.11007631204951832,0.012116794474422932,0.11007631204951832,0.012116794474422932,0.0,0.0,0.0,1.0,1.0,layer4_1_conv2,,0.0,1.0,0,2,1,4,4,shrinkage
20260823-165812,full_s42_fixed_epochs5_pat2_dirichlet_a01_normmatched_lambda075,0.020837588887645076,0.0004342051106505096,0.020837588887645076,0.0004342051106505096,0.0,0.0,0.0,1.0,1.0,fc,,0.0,1.0,0,2,1,4,4,shrinkage
20260823-165812,full_s42_fixed_epochs5_pat2_dirichlet_a01_normmatched_lambda075,0.10629667175657083,0.011298982426524162,0.10629667175657083,0.011298982426524162,0.0,0.0,0.0,1.0,1.0,layer4_1_conv2,,0.0,1.0,0,2,1,5,5,shrinkage
20260823-165812,full_s42_fixed_epochs5_pat2_dirichlet_a01_normmatched_lambda075,0.020632134969220495,0.00042568499338813126,0.020632134969220495,0.00042568499338813126,0.0,0.0,0.0,1.0,1.0,fc,,0.0,1.0,0,2,1,5,5,shrinkage
20260823-165812,full_s42_fixed_epochs5_pat2_dirichlet_a01_normmatched_lambda075,0.10336650598165968,0.010684634558856487,0.10336650598165968,0.010684634558856487,0.0,0.0,0.0,1.0,1.0,layer4_1_conv2,,0.0,1.0,0,2,1,6,6,shrinkage
20260823-165812,full_s42_fixed_epochs5_pat2_dirichlet_a01_normmatched_lambda075,0.020433353885782594,0.0004175219510216266,0.020433353885782594,0.0004175219510216266,0.0,0.0,0.0,1.0,1.0,fc,,0.0,1.0,0,2,1,6,6,shrinkage
20260823-165812,full_s42_fixed_epochs5_pat2_dirichlet_a01_normmatched_lambda075,0.10135552976896581,0.010272943414747715,0.10135552976896581,0.010272943414747715,0.0,0.0,0.0,1.0,1.0,layer4_1_conv2,,0.0,1.0,0,2,1,7,7,shrinkage
20260823-165812,full_s42_fixed_epochs5_pat2_dirichlet_a01_normmatched_lambda075,0.02029077745021163,0.00041171564953401685,0.02029077745021163,0.00041171564953401685,0.0,0.0,0.0,1.0,1.0,fc,,0.0,1.0,0,2,1,7,7,shrinkage
20260823-165812,full_s42_fixed_epochs5_pat2_dirichlet_a01_normmatched_lambda075,0.10001043846366674,0.01000208780169487,0.10001043846366674,0.01000208780169487,0.0,0.0,0.0,1.0,1.0,layer4_1_conv2,,0.0,1.0,0,2,1,8,8,shrinkage
20260823-165812,full_s42_fixed_epochs5_pat2_dirichlet_a01_normmatched_lambda075,0.02016334516009721,0.0004065604880452156,0.02016334516009721,0.0004065604880452156,0.0,0.0,0.0,1.0,1.0,fc,,0.0,1.0,0,2,1,8,8,shrinkage
20260823-165812,full_s42_fixed_epochs5_pat2_dirichlet_a01_normmatched_lambda075,0.09854445418315952,0.009711009450256824,0.09854445418315952,0.009711009450256824,0.0,0.0,0.0,1.0,1.0,layer4_1_conv2,,0.0,1.0,0,2,1,9,9,shrinkage
20260823-165812,full_s42_fixed_epochs5_pat2_dirichlet_a01_normmatched_lambda075,0.019929068712262583,0.0003971677797380835,0.019929068712262583,0.0003971677797380835,0.0,0.0,0.0,1.0,1.0,fc,,0.0,1.0,0,2,1,9,9,shrinkage
20260823-165812,full_s42_fixed_epochs5_pat2_dirichlet_a01_normmatched_lambda075,0.09802497394993627,0.009608895517885685,0.09802497394993627,0.009608895517885685,0.0,0.0,0.0,1.0,1.0,layer4_1_conv2,,0.0,1.0,0,2,1,10,10,shrinkage
20260823-165812,full_s42_fixed_epochs5_pat2_dirichlet_a01_normmatched_lambda075,0.01977730744691192,0.0003911418898496777,0.01977730744691192,0.0003911418898496777,0.0,0.0,0.0,1.0,1.0,fc,,0.0,1.0,0,2,1,10,10,shrinkage
20260823-165812,full_s42_fixed_epochs5_pat2_dirichlet_a01_normmatched_lambda075,0.09695964314868777,0.009401172399520874,0.09695964314868777,0.009401172399520874,0.0,0.0,0.0,1.0,1.0,layer4_1_conv2,,0.0,1.0,0,2,1,11,11,shrinkage
20260823-165812,full_s42_fixed_epochs5_pat2_dirichlet_a01_normmatched_lambda075,0.019545325780203866,0.0003820197598543018,0.019545325780203866,0.0003820197598543018,0.0,0.0,0.0,1.0,1.0,fc,,0.0,1.0,0,2,1,11,11,shrinkage
20260823-165812,full_s42_fixed_epochs5_pat2_dirichlet_a01_normmatched_lambda075,0.09609341349969268,0.009233944118022919,0.09609341349969268,0.009233944118022919,0.0,0.0,0.0,1.0,1.0,layer4_1_conv2,,0.0,1.0,0,2,1,12,12,shrinkage
20260823-165812,full_s42_fixed_epochs5_pat2_dirichlet_a01_normmatched_lambda075,0.019288066797998767,0.0003720295208040625,0.019288066797998767,0.0003720295208040625,0.0,0.0,0.0,1.0,1.0,fc,,0.0,1.0,0,2,1,12,12,shrinkage
20260823-165812,full_s42_fixed_epochs5_pat2_dirichlet_a01_normmatched_lambda075,0.09551328202638763,0.009122787043452263,0.09551328202638763,0.009122787043452263,0.0,0.0,0.0,1.0,1.0,layer4_1_conv2,,0.0,1.0,0,2,1,13,13,shrinkage
20260823-165812,full_s42_fixed_epochs5_pat2_dirichlet_a01_normmatched_lambda075,0.01893587442658741,0.0003585673402994871,0.01893587442658741,0.0003585673402994871,0.0,0.0,0.0,1.0,1.0,fc,,0.0,1.0,0,2,1,13,13,shrinkage
20260823-165812,full_s42_fixed_epochs5_pat2_dirichlet_a01_normmatched_lambda075,0.09518588188052163,0.009060352109372616,0.09518588188052163,0.009060352109372616,0.0,0.0,0.0,1.0,1.0,layer4_1_conv2,,0.0,1.0,0,2,1,14,14,shrinkage
20260823-165812,full_s42_fixed_epochs5_pat2_dirichlet_a01_normmatched_lambda075,0.01865599528490039,0.0003480461600702256,0.01865599528490039,0.0003480461600702256,0.0,0.0,0.0,1.0,1.0,fc,,0.0,1.0,0,2,1,14,14,shrinkage
20260823-165812,full_s42_fixed_epochs5_pat2_dirichlet_a01_normmatched_lambda075,0.09470010171573115,0.008968109264969826,0.09470010171573115,0.008968109264969826,0.0,0.0,0.0,1.0,1.0,layer4_1_conv2,,0.0,1.0,0,2,1,15,15,shrinkage
20260823-165812,full_s42_fixed_epochs5_pat2_dirichlet_a01_normmatched_lambda075,0.018297284409493478,0.00033479061676189303,0.018297284409493478,0.00033479061676189303,0.0,0.0,0.0,1.0,1.0,fc,,0.0,1.0,0,2,1,15,15,shrinkage
20260823-165812,full_s42_fixed_epochs5_pat2_dirichlet_a01_normmatched_lambda075,0.09398025311019134,0.008832287974655628,0.09398025311019134,0.008832287974655628,0.0,0.0,0.0,1.0,1.0,layer4_1_conv2,,0.0,1.0,0,2,1,16,16,shrinkage
20260823-165812,full_s42_fixed_epochs5_pat2_dirichlet_a01_normmatched_lambda075,0.017954764936162472,0.0003223735839128494,0.017954764936162472,0.0003223735839128494,0.0,0.0,0.0,1.0,1.0,fc,,0.0,1.0,0,2,1,16,16,shrinkage
20260823-165812,full_s42_fixed_epochs5_pat2_dirichlet_a01_normmatched_lambda075,0.09344268636917806,0.008731535635888577,0.09344268636917806,0.008731535635888577,0.0,0.0,0.0,1.0,1.0,layer4_1_conv2,,0.0,1.0,0,2,1,17,17,shrinkage
20260823-165812,full_s42_fixed_epochs5_pat2_dirichlet_a01_normmatched_lambda075,0.01761846995364352,0.0003104104835074395,0.01761846995364352,0.0003104104835074395,0.0,0.0,0.0,1.0,1.0,fc,,0.0,1.0,0,2,1,17,17,shrinkage
20260823-165812,full_s42_fixed_epochs5_pat2_dirichlet_a01_normmatched_lambda075,0.09256042822368007,0.00856743287295103,0.09256042822368007,0.00856743287295103,0.0,0.0,0.0,1.0,1.0,layer4_1_conv2,,0.0,1.0,0,2,1,18,18,shrinkage
20260823-165812,full_s42_fixed_epochs5_pat2_dirichlet_a01_normmatched_lambda075,0.01732983002108342,0.0003003230085596442,0.01732983002108342,0.0003003230085596442,0.0,0.0,0.0,1.0,1.0,fc,,0.0,1.0,0,2,1,18,18,shrinkage
20260823-165812,full_s42_fixed_epochs5_pat2_dirichlet_a01_normmatched_lambda075,0.09170491604072362,0.008409791626036167,0.09170491604072362,0.008409791626036167,0.0,0.0,0.0,1.0,1.0,layer4_1_conv2,,0.0,1.0,0,2,1,19,19,shrinkage
20260823-165812,full_s42_fixed_epochs5_pat2_dirichlet_a01_normmatched_lambda075,0.016932870108026035,0.0002867220900952816,0.016932870108026035,0.0002867220900952816,0.0,0.0,0.0,1.0,1.0,fc,,0.0,1.0,0,2,1,19,19,shrinkage
20260823-165812,full_s42_fixed_epochs5_pat2_dirichlet_a01_normmatched_lambda075,0.09079510328658064,0.008243750780820847,0.09079510328658064,0.008243750780820847,0.0,0.0,0.0,1.0,1.0,layer4_1_conv2,,0.0,1.0,0,2,1,20,20,shrinkage
20260823-165812,full_s42_fixed_epochs5_pat2_dirichlet_a01_normmatched_lambda075,0.016622807604056343,0.0002763177326414734,0.016622807604056343,0.0002763177326414734,0.0,0.0,0.0,1.0,1.0,fc,,0.0,1.0,0,2,1,20,20,shrinkage
20260823-165812,full_s42_fixed_epochs5_pat2_dirichlet_a01_normmatched_lambda075,0.08975610397018327,0.00805615819990635,0.08975610397018327,0.00805615819990635,0.0,0.0,0.0,1.0,1.0,layer4_1_conv2,,0.0,1.0,0,2,1,21,21,shrinkage
20260823-165812,full_s42_fixed_epochs5_pat2_dirichlet_a01_normmatched_lambda075,0.01623926259021894,0.0002637136494740844,0.01623926259021894,0.0002637136494740844,0.0,0.0,0.0,1.0,1.0,fc,,0.0,1.0,0,2,1,21,21,shrinkage
20260823-165812,full_s42_fixed_epochs5_pat2_dirichlet_a01_normmatched_lambda075,0.0893262231629999,0.007979174144566059,0.0893262231629999,0.007979174144566059,0.0,0.0,0.0,1.0,1.0,layer4_1_conv2,,0.0,1.0,0,2,1,22,22,shrinkage
20260823-165812,full_s42_fixed_epochs5_pat2_dirichlet_a01_normmatched_lambda075,0.015952219272546163,0.00025447329971939325,0.015952219272546163,0.00025447329971939325,0.0,0.0,0.0,1.0,1.0,fc,,0.0,1.0,0,2,1,22,22,shrinkage
20260823-165812,full_s42_fixed_epochs5_pat2_dirichlet_a01_normmatched_lambda075,0.08772595662417275,0.00769584346562624,0.08772595662417275,0.00769584346562624,0.0,0.0,0.0,1.0,1.0,layer4_1_conv2,,0.0,1.0,0,2,1,23,23,shrinkage
20260823-165812,full_s42_fixed_epochs5_pat2_dirichlet_a01_normmatched_lambda075,0.015610735871813919,0.00024369507445953786,0.015610735871813919,0.00024369507445953786,0.0,0.0,0.0,1.0,1.0,fc,,0.0,1.0,0,2,1,23,23,shrinkage
20260823-165812,full_s42_fixed_epochs5_pat2_dirichlet_a01_normmatched_lambda075,0.08723961476662292,0.007610750384628773,0.08723961476662292,0.007610750384628773,0.0,0.0,0.0,1.0,1.0,layer4_1_conv2,,0.0,1.0,0,2,2,1,24,shrinkage
20260823-165812,full_s42_fixed_epochs5_pat2_dirichlet_a01_normmatched_lambda075,0.01533051560360664,0.00023502470867242664,0.01533051560360664,0.00023502470867242664,0.0,0.0,0.0,1.0,1.0,fc,,0.0,1.0,0,2,2,1,24,shrinkage
20260823-165812,full_s42_fixed_epochs5_pat2_dirichlet_a01_normmatched_lambda075,0.08636134110602982,0.007458281237632036,0.08636134110602982,0.007458281237632036,0.0,0.0,0.0,1.0,1.0,layer4_1_conv2,,0.0,1.0,0,2,2,2,25,shrinkage
20260823-165812,full_s42_fixed_epochs5_pat2_dirichlet_a01_normmatched_lambda075,0.01499692085493075,0.00022490763512905687,0.01499692085493075,0.00022490763512905687,0.0,0.0,0.0,1.0,1.0,fc,,0.0,1.0,0,2,2,2,25,shrinkage
20260823-165812,full_s42_fixed_epochs5_pat2_dirichlet_a01_normmatched_lambda075,0.0851942700414532,0.007258063647896051,0.0851942700414532,0.007258063647896051,0.0,0.0,0.0,1.0,1.0,layer4_1_conv2,,0.0,1.0,0,2,2,3,26,shrinkage
20260823-165812,full_s42_fixed_epochs5_pat2_dirichlet_a01_normmatched_lambda075,0.014659154964786017,0.00021489082428161055,0.014659154964786017,0.00021489082428161055,0.0,0.0,0.0,1.0,1.0,fc,,0.0,1.0,0,2,2,3,26,shrinkage
20260823-165812,full_s42_fixed_epochs5_pat2_dirichlet_a01_normmatched_lambda075,0.08392175291468366,0.007042860612273216,0.08392175291468366,0.007042860612273216,0.0,0.0,0.0,1.0,1.0,layer4_1_conv2,,0.0,1.0,0,2,2,4,27,shrinkage
20260823-165812,full_s42_fixed_epochs5_pat2_dirichlet_a01_normmatched_lambda075,0.014379154099424543,0.00020676007261499763,0.014379154099424543,0.00020676007261499763,0.0,0.0,0.0,1.0,1.0,fc,,0.0,1.0,0,2,2,4,27,shrinkage
20260823-165812,full_s42_fixed_epochs5_pat2_dirichlet_a01_normmatched_lambda075,0.08347992154826028,0.0069688973017036915,0.08347992154826028,0.0069688973017036915,0.0,0.0,0.0,1.0,1.0,layer4_1_conv2,,0.0,1.0,0,2,2,5,28,shrinkage
20260823-165812,full_s42_fixed_epochs5_pat2_dirichlet_a01_normmatched_lambda075,0.014091734891815965,0.0001985769922612235,0.014091734891815965,0.0001985769922612235,0.0,0.0,0.0,1.0,1.0,fc,,0.0,1.0,0,2,2,5,28,shrinkage
20260823-165812,full_s42_fixed_epochs5_pat2_dirichlet_a01_normmatched_lambda075,0.08247873324773124,0.006802741438150406,0.08247873324773124,0.006802741438150406,0.0,0.0,0.0,1.0,1.0,layer4_1_conv2,,0.0,1.0,0,2,2,6,29,shrinkage
20260823-165812,full_s42_fixed_epochs5_pat2_dirichlet_a01_normmatched_lambda075,0.013802078684920002,0.00019049737602472305,0.013802078684920002,0.00019049737602472305,0.0,0.0,0.0,1.0,1.0,fc,,0.0,1.0,0,2,2,6,29,shrinkage
20260823-165812,full_s42_fixed_epochs5_pat2_dirichlet_a01_normmatched_lambda075,0.08143785977741556,0.0066321250051259995,0.08143785977741556,0.0066321250051259995,0.0,0.0,0.0,1.0,1.0,layer4_1_conv2,,0.0,1.0,0,2,2,7,30,shrinkage
20260823-165812,full_s42_fixed_epochs5_pat2_dirichlet_a01_normmatched_lambda075,0.013516519448349446,0.00018269629799760878,0.013516519448349446,0.00018269629799760878,0.0,0.0,0.0,1.0,1.0,fc,,0.0,1.0,0,2,2,7,30,shrinkage
20260823-165812,full_s42_fixed_epochs5_pat2_dirichlet_a01_normmatched_lambda075,0.08032338451777264,0.006451846100389957,0.08032338451777264,0.006451846100389957,0.0,0.0,0.0,1.0,1.0,layer4_1_conv2,,0.0,1.0,0,2,2,8,31,shrinkage
20260823-165812,full_s42_fixed_epochs5_pat2_dirichlet_a01_normmatched_lambda075,0.013239555222100716,0.00017528582247905433,0.013239555222100716,0.00017528582247905433,0.0,0.0,0.0,1.0,1.0,fc,,0.0,1.0,0,2,2,8,31,shrinkage
20260823-165812,full_s42_fixed_epochs5_pat2_dirichlet_a01_normmatched_lambda075,0.07936487993170832,0.006298784166574478,0.07936487993170832,0.006298784166574478,0.0,0.0,0.0,1.0,1.0,layer4_1_conv2,,0.0,1.0,0,2,2,9,32,shrinkage
20260823-165812,full_s42_fixed_epochs5_pat2_dirichlet_a01_normmatched_lambda075,0.012971883520555122,0.00016826976207084954,0.012971883520555122,0.00016826976207084954,0.0,0.0,0.0,1.0,1.0,fc,,0.0,1.0,0,2,2,9,32,shrinkage
20260823-165812,full_s42_fixed_epochs5_pat2_dirichlet_a01_normmatched_lambda075,0.07855427938703374,0.006170774810016155,0.07855427938703374,0.006170774810016155,0.0,0.0,0.0,1.0,1.0,layer4_1_conv2,,0.0,1.0,0,2,2,10,33,shrinkage
20260823-165812,full_s42_fixed_epochs5_pat2_dirichlet_a01_normmatched_lambda075,0.01267651567091198,0.00016069404955487698,0.01267651567091198,0.00016069404955487698,0.0,0.0,0.0,1.0,1.0,fc,,0.0,1.0,0,2,2,10,33,shrinkage
20260823-165812,full_s42_fixed_epochs5_pat2_dirichlet_a01_normmatched_lambda075,0.0778012661216594,0.0060530370101332664,0.0778012661216594,0.0060530370101332664,0.0,0.0,0.0,1.0,1.0,layer4_1_conv2,,0.0,1.0,0,2,2,11,34,shrinkage
20260823-165812,full_s42_fixed_epochs5_pat2_dirichlet_a01_normmatched_lambda075,0.012433693693610534,0.00015459673886653036,0.012433693693610534,0.00015459673886653036,0.0,0.0,0.0,1.0,1.0,fc,,0.0,1.0,0,2,2,11,34,shrinkage
20260823-165812,full_s42_fixed_epochs5_pat2_dirichlet_a01_normmatched_lambda075,0.07698014469981532,0.005925942678004503,0.07698014469981532,0.005925942678004503,0.0,0.0,0.0,1.0,1.0,layer4_1_conv2,,0.0,1.0,0,2,2,12,35,shrinkage
20260823-165812,full_s42_fixed_epochs5_pat2_dirichlet_a01_normmatched_lambda075,0.012158760954227986,0.00014783546794205904,0.012158760954227986,0.00014783546794205904,0.0,0.0,0.0,1.0,1.0,fc,,0.0,1.0,0,2,2,12,35,shrinkage
20260823-165812,full_s42_fixed_epochs5_pat2_dirichlet_a01_normmatched_lambda075,0.07629562376083415,0.00582102220505476,0.07629562376083415,0.00582102220505476,0.0,0.0,0.0,1.0,1.0,layer4_1_conv2,,0.0,1.0,0,2,2,13,36,shrinkage
20260823-165812,full_s42_fixed_epochs5_pat2_dirichlet_a01_normmatched_lambda075,0.011925479478154241,0.00014221706078387797,0.011925479478154241,0.00014221706078387797,0.0,0.0,0.0,1.0,1.0,fc,,0.0,1.0,0,2,2,13,36,shrinkage
20260823-165812,full_s42_fixed_epochs5_pat2_dirichlet_a01_normmatched_lambda075,0.07559905406590173,0.005715216975659132,0.07559905406590173,0.005715216975659132,0.0,0.0,0.0,1.0,1.0,layer4_1_conv2,,0.0,1.0,0,2,2,14,37,shrinkage
20260823-165812,full_s42_fixed_epochs5_pat2_dirichlet_a01_normmatched_lambda075,0.011736638849610851,0.00013774869148619473,0.011736638849610851,0.00013774869148619473,0.0,0.0,0.0,1.0,1.0,fc,,0.0,1.0,0,2,2,14,37,shrinkage
20260823-165812,full_s42_fixed_epochs5_pat2_dirichlet_a01_normmatched_lambda075,0.07453771490172902,0.005555870942771435,0.07453771490172902,0.005555870942771435,0.0,0.0,0.0,1.0,1.0,layer4_1_conv2,,0.0,1.0,0,2,2,15,38,shrinkage
20260823-165812,full_s42_fixed_epochs5_pat2_dirichlet_a01_normmatched_lambda075,0.011538930202999662,0.00013314691022969782,0.011538930202999662,0.00013314691022969782,0.0,0.0,0.0,1.0,1.0,fc,,0.0,1.0,0,2,2,15,38,shrinkage
20260823-165812,full_s42_fixed_epochs5_pat2_dirichlet_a01_normmatched_lambda075,0.07368655823513445,0.005429708864539862,0.07368655823513445,0.005429708864539862,0.0,0.0,0.0,1.0,1.0,layer4_1_conv2,,0.0,1.0,0,2,2,16,39,shrinkage
20260823-165812,full_s42_fixed_epochs5_pat2_dirichlet_a01_normmatched_lambda075,0.011303374777753247,0.00012776628136634827,0.011303374777753247,0.00012776628136634827,0.0,0.0,0.0,1.0,1.0,fc,,0.0,1.0,0,2,2,16,39,shrinkage
20260823-165812,full_s42_fixed_epochs5_pat2_dirichlet_a01_normmatched_lambda075,0.07297740121238383,0.005325701087713242,0.07297740121238383,0.005325701087713242,0.0,0.0,0.0,1.0,1.0,layer4_1_conv2,,0.0,1.0,0,2,2,17,40,shrinkage
20260823-165812,full_s42_fixed_epochs5_pat2_dirichlet_a01_normmatched_lambda075,0.011081323272702321,0.0001227957254741341,0.011081323272702321,0.0001227957254741341,0.0,0.0,0.0,1.0,1.0,fc,,0.0,1.0,0,2,2,17,40,shrinkage
20260823-165812,full_s42_fixed_epochs5_pat2_dirichlet_a01_normmatched_lambda075,0.07206063580355654,0.005192735232412815,0.07206063580355654,0.005192735232412815,0.0,0.0,0.0,1.0,1.0,layer4_1_conv2,,0.0,1.0,0,2,2,18,41,shrinkage
20260823-165812,full_s42_fixed_epochs5_pat2_dirichlet_a01_normmatched_lambda075,0.010895627853958537,0.00011871470633195713,0.010895627853958537,0.00011871470633195713,0.0,0.0,0.0,1.0,1.0,fc,,0.0,1.0,0,2,2,18,41,shrinkage
20260823-165812,full_s42_fixed_epochs5_pat2_dirichlet_a01_normmatched_lambda075,0.07079820299386914,0.005012385547161102,0.07079820299386914,0.005012385547161102,0.0,0.0,0.0,1.0,1.0,layer4_1_conv2,,0.0,1.0,0,2,2,19,42,shrinkage
20260823-165812,full_s42_fixed_epochs5_pat2_dirichlet_a01_normmatched_lambda075,0.01069391714017497,0.000114359863800928,0.01069391714017497,0.000114359863800928,0.0,0.0,0.0,1.0,1.0,fc,,0.0,1.0,0,2,2,19,42,shrinkage
20260823-165812,full_s42_fixed_epochs5_pat2_dirichlet_a01_normmatched_lambda075,0.06959864050901488,0.004843970760703087,0.06959864050901488,0.004843970760703087,0.0,0.0,0.0,1.0,1.0,layer4_1_conv2,,0.0,1.0,0,2,2,20,43,shrinkage
20260823-165812,full_s42_fixed_epochs5_pat2_dirichlet_a01_normmatched_lambda075,0.010457914457528758,0.00010936797480098903,0.010457914457528758,0.00010936797480098903,0.0,0.0,0.0,1.0,1.0,fc,,0.0,1.0,0,2,2,20,43,shrinkage
20260823-165812,full_s42_fixed_epochs5_pat2_dirichlet_a01_normmatched_lambda075,0.06860047805414682,0.004706025589257479,0.06860047805414682,0.004706025589257479,0.0,0.0,0.0,1.0,1.0,layer4_1_conv2,,0.0,1.0,0,2,2,21,44,shrinkage
20260823-165812,full_s42_fixed_epochs5_pat2_dirichlet_a01_normmatched_lambda075,0.010316230761058429,0.00010642461711540818,0.010316230761058429,0.00010642461711540818,0.0,0.0,0.0,1.0,1.0,fc,,0.0,1.0,0,2,2,21,44,shrinkage
20260823-165812,full_s42_fixed_epochs5_pat2_dirichlet_a01_normmatched_lambda075,0.0677218064633691,0.004586243070662022,0.0677218064633691,0.004586243070662022,0.0,0.0,0.0,1.0,1.0,layer4_1_conv2,,0.0,1.0,0,2,2,22,45,shrinkage
20260823-165812,full_s42_fixed_epochs5_pat2_dirichlet_a01_normmatched_lambda075,0.010154281666758596,0.00010310943616786972,0.010154281666758596,0.00010310943616786972,0.0,0.0,0.0,1.0,1.0,fc,,0.0,1.0,0,2,2,22,45,shrinkage
20260823-165812,full_s42_fixed_epochs5_pat2_dirichlet_a01_normmatched_lambda075,0.06760223914865497,0.00457006273791194,0.06760223914865497,0.00457006273791194,0.0,0.0,0.0,1.0,1.0,layer4_1_conv2,,0.0,1.0,0,2,2,23,46,shrinkage
20260823-165812,full_s42_fixed_epochs5_pat2_dirichlet_a01_normmatched_lambda075,0.01011814706511184,0.00010237690003123134,0.01011814706511184,0.00010237690003123134,0.0,0.0,0.0,1.0,1.0,fc,,0.0,1.0,0,2,2,23,46,shrinkage
20260823-165812,full_s42_fixed_epochs5_pat2_dirichlet_a01_normmatched_lambda075,0.06698222920442494,0.004486619029194117,0.06698222920442494,0.004486619029194117,0.0,0.0,0.0,1.0,1.0,layer4_1_conv2,,0.0,1.0,0,2,3,1,47,shrinkage
20260823-165812,full_s42_fixed_epochs5_pat2_dirichlet_a01_normmatched_lambda075,0.009968568179137624,9.937235154211521e-05,0.009968568179137624,9.937235154211521e-05,0.0,0.0,0.0,1.0,1.0,fc,,0.0,1.0,0,2,3,1,47,shrinkage
20260823-165812,full_s42_fixed_epochs5_pat2_dirichlet_a01_normmatched_lambda075,0.06652554147498897,0.004425647668540478,0.06652554147498897,0.004425647668540478,0.0,0.0,0.0,1.0,1.0,layer4_1_conv2,,0.0,1.0,0,2,3,2,48,shrinkage
20260823-165812,full_s42_fixed_epochs5_pat2_dirichlet_a01_normmatched_lambda075,0.009861924295278641,9.725755080580711e-05,0.009861924295278641,9.725755080580711e-05,0.0,0.0,0.0,1.0,1.0,fc,,0.0,1.0,0,2,3,2,48,shrinkage
20260823-165812,full_s42_fixed_epochs5_pat2_dirichlet_a01_normmatched_lambda075,0.06584133002234013,0.004335080739110708,0.06584133002234013,0.004335080739110708,0.0,0.0,0.0,1.0,1.0,layer4_1_conv2,,0.0,1.0,0,2,3,3,49,shrinkage
20260823-165812,full_s42_fixed_epochs5_pat2_dirichlet_a01_normmatched_lambda075,0.009703850568047743,9.416471584700048e-05,0.009703850568047743,9.416471584700048e-05,0.0,0.0,0.0,1.0,1.0,fc,,0.0,1.0,0,2,3,3,49,shrinkage
20260823-165812,full_s42_fixed_epochs5_pat2_dirichlet_a01_normmatched_lambda075,0.06484266533001887,0.00420457124710083,0.06484266533001887,0.00420457124710083,0.0,0.0,0.0,1.0,1.0,layer4_1_conv2,,0.0,1.0,0,2,3,4,50,shrinkage
20260823-165812,full_s42_fixed_epochs5_pat2_dirichlet_a01_normmatched_lambda075,0.009571892622494953,9.162112837657332e-05,0.009571892622494953,9.162112837657332e-05,0.0,0.0,0.0,1.0,1.0,fc,,0.0,1.0,0,2,3,4,50,shrinkage
20260823-165812,full_s42_fixed_epochs5_pat2_dirichlet_a01_normmatched_lambda075,0.06384443641962052,0.004076112061738968,0.06384443641962052,0.004076112061738968,0.0,0.0,0.0,1.0,1.0,layer4_1_conv2,,0.0,1.0,0,2,3,5,51,shrinkage
20260823-165812,full_s42_fixed_epochs5_pat2_dirichlet_a01_normmatched_lambda075,0.009450471138296824,8.931140473578125e-05,0.009450471138296824,8.931140473578125e-05,0.0,0.0,0.0,1.0,1.0,fc,,0.0,1.0,0,2,3,5,51,shrinkage
20260823-165812,full_s42_fixed_epochs5_pat2_dirichlet_a01_normmatched_lambda075,0.0628562437878219,0.0039509073831140995,0.0628562437878219,0.0039509073831140995,0.0,0.0,0.0,1.0,1.0,layer4_1_conv2,,0.0,1.0,0,2,3,6,52,shrinkage
20260823-165812,full_s42_fixed_epochs5_pat2_dirichlet_a01_normmatched_lambda075,0.009263796546066155,8.581792644690722e-05,0.009263796546066155,8.581792644690722e-05,0.0,0.0,0.0,1.0,1.0,fc,,0.0,1.0,0,2,3,6,52,shrinkage
20260823-165812,full_s42_fixed_epochs5_pat2_dirichlet_a01_normmatched_lambda075,0.062036257867187895,0.0038484972901642323,0.062036257867187895,0.0038484972901642323,0.0,0.0,0.0,1.0,1.0,layer4_1_conv2,,0.0,1.0,0,2,3,7,53,shrinkage
20260823-165812,full_s42_fixed_epochs5_pat2_dirichlet_a01_normmatched_lambda075,0.009174106221996929,8.416422497248277e-05,0.009174106221996929,8.416422497248277e-05,0.0,0.0,0.0,1.0,1.0,fc,,0.0,1.0,0,2,3,7,53,shrinkage
20260823-165812,full_s42_fixed_epochs5_pat2_dirichlet_a01_normmatched_lambda075,0.06119442948422992,0.0037447581999003887,0.06119442948422992,0.0037447581999003887,0.0,0.0,0.0,1.0,1.0,layer4_1_conv2,,0.0,1.0,0,2,3,8,54,shrinkage
20260823-165812,full_s42_fixed_epochs5_pat2_dirichlet_a01_normmatched_lambda075,0.00906986211535211,8.226239879149944e-05,0.00906986211535211,8.226239879149944e-05,0.0,0.0,0.0,1.0,1.0,fc,,0.0,1.0,0,2,3,8,54,shrinkage
20260823-165812,full_s42_fixed_epochs5_pat2_dirichlet_a01_normmatched_lambda075,0.06004969213003411,0.0036059655249118805,0.06004969213003411,0.0036059655249118805,0.0,0.0,0.0,1.0,1.0,layer4_1_conv2,,0.0,1.0,0,2,3,9,55,shrinkage
20260823-165812,full_s42_fixed_epochs5_pat2_dirichlet_a01_normmatched_lambda075,0.00896063212237714,8.029292803257704e-05,0.00896063212237714,8.029292803257704e-05,0.0,0.0,0.0,1.0,1.0,fc,,0.0,1.0,0,2,3,9,55,shrinkage
20260823-165812,full_s42_fixed_epochs5_pat2_dirichlet_a01_normmatched_lambda075,0.05964386417216495,0.003557390533387661,0.05964386417216495,0.003557390533387661,0.0,0.0,0.0,1.0,1.0,layer4_1_conv2,,0.0,1.0,0,2,3,10,56,shrinkage
20260823-165812,full_s42_fixed_epochs5_pat2_dirichlet_a01_normmatched_lambda075,0.008802604673226548,7.748584903310984e-05,0.008802604673226548,7.748584903310984e-05,0.0,0.0,0.0,1.0,1.0,fc,,0.0,1.0,0,2,3,10,56,shrinkage
20260823-165812,full_s42_fixed_epochs5_pat2_dirichlet_a01_normmatched_lambda075,0.059163590955221466,0.0035003304947167635,0.059163590955221466,0.0035003304947167635,0.0,0.0,0.0,1.0,1.0,layer4_1_conv2,,0.0,1.0,0,2,3,11,57,shrinkage
20260823-165812,full_s42_fixed_epochs5_pat2_dirichlet_a01_normmatched_lambda075,0.008745664169973258,7.648664177395403e-05,0.008745664169973258,7.648664177395403e-05,0.0,0.0,0.0,1.0,1.0,fc,,0.0,1.0,0,2,3,11,57,shrinkage
20260823-165812,full_s42_fixed_epochs5_pat2_dirichlet_a01_normmatched_lambda075,0.058712596368609066,0.0034471689723432064,0.058712596368609066,0.0034471689723432064,0.0,0.0,0.0,1.0,1.0,layer4_1_conv2,,0.0,1.0,0,2,3,12,58,shrinkage
20260823-165812,full_s42_fixed_epochs5_pat2_dirichlet_a01_normmatched_lambda075,0.008627813481609925,7.443916547344998e-05,0.008627813481609925,7.443916547344998e-05,0.0,0.0,0.0,1.0,1.0,fc,,0.0,1.0,0,2,3,12,58,shrinkage
20260823-165812,full_s42_fixed_epochs5_pat2_dirichlet_a01_normmatched_lambda075,0.05819577324283238,0.0033867480233311653,0.05819577324283238,0.0033867480233311653,0.0,0.0,0.0,1.0,1.0,layer4_1_conv2,,0.0,1.0,0,2,3,13,59,shrinkage
20260823-165812,full_s42_fixed_epochs5_pat2_dirichlet_a01_normmatched_lambda075,0.008585664144842638,7.371362880803645e-05,0.008585664144842638,7.371362880803645e-05,0.0,0.0,0.0,1.0,1.0,fc,,0.0,1.0,0,2,3,13,59,shrinkage
20260823-165812,full_s42_fixed_epochs5_pat2_dirichlet_a01_normmatched_lambda075,0.05745649153951082,0.0033012484200298786,0.05745649153951082,0.0033012484200298786,0.0,0.0,0.0,1.0,1.0,layer4_1_conv2,,0.0,1.0,0,2,3,14,60,shrinkage
20260823-165812,full_s42_fixed_epochs5_pat2_dirichlet_a01_normmatched_lambda075,0.00854114338235478,7.295113027794287e-05,0.00854114338235478,7.295113027794287e-05,0.0,0.0,0.0,1.0,1.0,fc,,0.0,1.0,0,2,3,14,60,shrinkage
20260823-165812,full_s42_fixed_epochs5_pat2_dirichlet_a01_normmatched_lambda075,0.05657486962769279,0.003200715873390436,0.05657486962769279,0.003200715873390436,0.0,0.0,0.0,1.0,1.0,layer4_1_conv2,,0.0,1.0,0,2,3,15,61,shrinkage
20260823-165812,full_s42_fixed_epochs5_pat2_dirichlet_a01_normmatched_lambda075,0.00840702678069953,7.067809929139912e-05,0.00840702678069953,7.067809929139912e-05,0.0,0.0,0.0,1.0,1.0,fc,,0.0,1.0,0,2,3,15,61,shrinkage
20260823-165812,full_s42_fixed_epochs5_pat2_dirichlet_a01_normmatched_lambda075,0.05612328233432181,0.0031498228199779987,0.05612328233432181,0.0031498228199779987,0.0,0.0,0.0,1.0,1.0,layer4_1_conv2,,0.0,1.0,0,2,3,16,62,shrinkage
20260823-165812,full_s42_fixed_epochs5_pat2_dirichlet_a01_normmatched_lambda075,0.008323023427480493,6.927271897438914e-05,0.008323023427480493,6.927271897438914e-05,0.0,0.0,0.0,1.0,1.0,fc,,0.0,1.0,0,2,3,16,62,shrinkage
20260823-165812,full_s42_fixed_epochs5_pat2_dirichlet_a01_normmatched_lambda075,0.05550331823354452,0.0030806183349341154,0.05550331823354452,0.0030806183349341154,0.0,0.0,0.0,1.0,1.0,layer4_1_conv2,,0.0,1.0,0,2,3,17,63,shrinkage
20260823-165812,full_s42_fixed_epochs5_pat2_dirichlet_a01_normmatched_lambda075,0.008258092288795324,6.81960882502608e-05,0.008258092288795324,6.81960882502608e-05,0.0,0.0,0.0,1.0,1.0,fc,,0.0,1.0,0,2,3,17,63,shrinkage
20260823-165812,full_s42_fixed_epochs5_pat2_dirichlet_a01_normmatched_lambda075,0.05504397879303159,0.003029839601367712,0.05504397879303159,0.003029839601367712,0.0,0.0,0.0,1.0,1.0,layer4_1_conv2,,0.0,1.0,0,2,3,18,64,shrinkage
20260823-165812,full_s42_fixed_epochs5_pat2_dirichlet_a01_normmatched_lambda075,0.008166193279066526,6.668671267107129e-05,0.008166193279066526,6.668671267107129e-05,0.0,0.0,0.0,1.0,1.0,fc,,0.0,1.0,0,2,3,18,64,shrinkage
20260823-165812,full_s42_fixed_epochs5_pat2_dirichlet_a01_normmatched_lambda075,0.0542811642016368,0.0029464447870850563,0.0542811642016368,0.0029464447870850563,0.0,0.0,0.0,1.0,1.0,layer4_1_conv2,,0.0,1.0,0,2,3,19,65,shrinkage
20260823-165812,full_s42_fixed_epochs5_pat2_dirichlet_a01_normmatched_lambda075,0.008037392877356222,6.459968426497653e-05,0.008037392877356222,6.459968426497653e-05,0.0,0.0,0.0,1.0,1.0,fc,,0.0,1.0,0,2,3,19,65,shrinkage
20260823-165812,full_s42_fixed_epochs5_pat2_dirichlet_a01_normmatched_lambda075,0.053892431526674556,0.0029043941758573055,0.053892431526674556,0.0029043941758573055,0.0,0.0,0.0,1.0,1.0,layer4_1_conv2,,0.0,1.0,0,2,3,20,66,shrinkage
20260823-165812,full_s42_fixed_epochs5_pat2_dirichlet_a01_normmatched_lambda075,0.007934564810530882,6.295731873251498e-05,0.007934564810530882,6.295731873251498e-05,0.0,0.0,0.0,1.0,1.0,fc,,0.0,1.0,0,2,3,20,66,shrinkage
20260823-165812,full_s42_fixed_epochs5_pat2_dirichlet_a01_normmatched_lambda075,0.05298996067795448,0.002807935932651162,0.05298996067795448,0.002807935932651162,0.0,0.0,0.0,1.0,1.0,layer4_1_conv2,,0.0,1.0,0,2,3,21,67,shrinkage
20260823-165812,full_s42_fixed_epochs5_pat2_dirichlet_a01_normmatched_lambda075,0.007867245046742279,6.18935446254909e-05,0.007867245046742279,6.18935446254909e-05,0.0,0.0,0.0,1.0,1.0,fc,,0.0,1.0,0,2,3,21,67,shrinkage
20260823-165812,full_s42_fixed_epochs5_pat2_dirichlet_a01_normmatched_lambda075,0.052989650909686194,0.002807903103530407,0.052989650909686194,0.002807903103530407,0.0,0.0,0.0,1.0,1.0,layer4_1_conv2,,0.0,1.0,0,2,3,22,68,shrinkage
20260823-165812,full_s42_fixed_epochs5_pat2_dirichlet_a01_normmatched_lambda075,0.007814257208080364,6.106261571403593e-05,0.007814257208080364,6.106261571403593e-05,0.0,0.0,0.0,1.0,1.0,fc,,0.0,1.0,0,2,3,22,68,shrinkage
20260823-165812,full_s42_fixed_epochs5_pat2_dirichlet_a01_normmatched_lambda075,0.05338058314112902,0.002849486656486988,0.05338058314112902,0.002849486656486988,0.0,0.0,0.0,1.0,1.0,layer4_1_conv2,,0.0,1.0,0,2,3,23,69,shrinkage
20260823-165812,full_s42_fixed_epochs5_pat2_dirichlet_a01_normmatched_lambda075,0.0077823496245720955,6.056496567907743e-05,0.0077823496245720955,6.056496567907743e-05,0.0,0.0,0.0,1.0,1.0,fc,,0.0,1.0,0,2,3,23,69,shrinkage
20260823-165812,full_s42_fixed_epochs5_pat2_dirichlet_a01_normmatched_lambda075,0.05302112158209522,0.0028112393338233232,0.05302112158209522,0.0028112393338233232,0.0,0.0,0.0,1.0,1.0,layer4_1_conv2,,0.0,1.0,0,2,4,1,70,shrinkage
20260823-165812,full_s42_fixed_epochs5_pat2_dirichlet_a01_normmatched_lambda075,0.007784141680401906,6.059286170057021e-05,0.007784141680401906,6.059286170057021e-05,0.0,0.0,0.0,1.0,1.0,fc,,0.0,1.0,0,2,4,1,70,shrinkage
20260823-165812,full_s42_fixed_epochs5_pat2_dirichlet_a01_normmatched_lambda075,0.052320883599414475,0.002737474860623479,0.052320883599414475,0.002737474860623479,0.0,0.0,0.0,1.0,1.0,layer4_1_conv2,,0.0,1.0,0,2,4,2,71,shrinkage
20260823-165812,full_s42_fixed_epochs5_pat2_dirichlet_a01_normmatched_lambda075,0.0076539968546539905,5.858366785105318e-05,0.0076539968546539905,5.858366785105318e-05,0.0,0.0,0.0,1.0,1.0,fc,,0.0,1.0,0,2,4,2,71,shrinkage
20260823-165812,full_s42_fixed_epochs5_pat2_dirichlet_a01_normmatched_lambda075,0.05169353002012064,0.0026722210459411144,0.05169353002012064,0.0026722210459411144,0.0,0.0,0.0,1.0,1.0,layer4_1_conv2,,0.0,1.0,0,2,4,3,72,shrinkage
20260823-165812,full_s42_fixed_epochs5_pat2_dirichlet_a01_normmatched_lambda075,0.007580374354004425,5.7462075346847996e-05,0.007580374354004425,5.7462075346847996e-05,0.0,0.0,0.0,1.0,1.0,fc,,0.0,1.0,0,2,4,3,72,shrinkage
20260823-165812,full_s42_fixed_epochs5_pat2_dirichlet_a01_normmatched_lambda075,0.05157936346037169,0.002660430734977126,0.05157936346037169,0.002660430734977126,0.0,0.0,0.0,1.0,1.0,layer4_1_conv2,,0.0,1.0,0,2,4,4,73,shrinkage
20260823-165812,full_s42_fixed_epochs5_pat2_dirichlet_a01_normmatched_lambda075,0.00760412250573099,5.782267908216454e-05,0.00760412250573099,5.782267908216454e-05,0.0,0.0,0.0,1.0,1.0,fc,,0.0,1.0,0,2,4,4,73,shrinkage
20260823-165812,full_s42_fixed_epochs5_pat2_dirichlet_a01_normmatched_lambda075,0.05100820790507273,0.0026018372736871243,0.05100820790507273,0.0026018372736871243,0.0,0.0,0.0,1.0,1.0,layer4_1_conv2,,0.0,1.0,0,2,4,5,74,shrinkage
20260823-165812,full_s42_fixed_epochs5_pat2_dirichlet_a01_normmatched_lambda075,0.007516106647780212,5.64918591408059e-05,0.007516106647780212,5.64918591408059e-05,0.0,0.0,0.0,1.0,1.0,fc,,0.0,1.0,0,2,4,5,74,shrinkage
20260823-165812,full_s42_fixed_epochs5_pat2_dirichlet_a01_normmatched_lambda075,0.05029051506204926,0.0025291359052062035,0.05029051506204926,0.0025291359052062035,0.0,0.0,0.0,1.0,1.0,layer4_1_conv2,,0.0,1.0,0,2,4,6,75,shrinkage
20260823-165812,full_s42_fixed_epochs5_pat2_dirichlet_a01_normmatched_lambda075,0.007479093163083393,5.593683454208076e-05,0.007479093163083393,5.593683454208076e-05,0.0,0.0,0.0,1.0,1.0,fc,,0.0,1.0,0,2,4,6,75,shrinkage
20260823-165812,full_s42_fixed_epochs5_pat2_dirichlet_a01_normmatched_lambda075,0.05027889313991569,0.002527967095375061,0.05027889313991569,0.002527967095375061,0.0,0.0,0.0,1.0,1.0,layer4_1_conv2,,0.0,1.0,0,2,4,7,76,shrinkage
20260823-165812,full_s42_fixed_epochs5_pat2_dirichlet_a01_normmatched_lambda075,0.0075006775391653685,5.626016354653984e-05,0.0075006775391653685,5.626016354653984e-05,0.0,0.0,0.0,1.0,1.0,fc,,0.0,1.0,0,2,4,7,76,shrinkage
20260823-165812,full_s42_fixed_epochs5_pat2_dirichlet_a01_normmatched_lambda075,0.049405124387429354,0.0024408663157373667,0.049405124387429354,0.0024408663157373667,0.0,0.0,0.0,1.0,1.0,layer4_1_conv2,,0.0,1.0,0,2,4,8,77,shrinkage
20260823-165812,full_s42_fixed_epochs5_pat2_dirichlet_a01_normmatched_lambda075,0.007424144276389488,5.51179182366468e-05,0.007424144276389488,5.51179182366468e-05,0.0,0.0,0.0,1.0,1.0,fc,,0.0,1.0,0,2,4,8,77,shrinkage
20260823-165812,full_s42_fixed_epochs5_pat2_dirichlet_a01_normmatched_lambda075,0.0489011290302086,0.0023913204204291105,0.0489011290302086,0.0023913204204291105,0.0,0.0,0.0,1.0,1.0,layer4_1_conv2,,0.0,1.0,0,2,4,9,78,shrinkage
20260823-165812,full_s42_fixed_epochs5_pat2_dirichlet_a01_normmatched_lambda075,0.007307107626982452,5.3393821872305125e-05,0.007307107626982452,5.3393821872305125e-05,0.0,0.0,0.0,1.0,1.0,fc,,0.0,1.0,0,2,4,9,78,shrinkage
20260823-165812,full_s42_fixed_epochs5_pat2_dirichlet_a01_normmatched_lambda075,0.04807087698043492,0.002310809213668108,0.04807087698043492,0.002310809213668108,0.0,0.0,0.0,1.0,1.0,layer4_1_conv2,,0.0,1.0,0,2,4,10,79,shrinkage
20260823-165812,full_s42_fixed_epochs5_pat2_dirichlet_a01_normmatched_lambda075,0.007209132433064376,5.197159043746069e-05,0.007209132433064376,5.197159043746069e-05,0.0,0.0,0.0,1.0,1.0,fc,,0.0,1.0,0,2,4,10,79,shrinkage
20260823-165812,full_s42_fixed_epochs5_pat2_dirichlet_a01_normmatched_lambda075,0.04758263945498114,0.0022641075775027275,0.04758263945498114,0.0022641075775027275,0.0,0.0,0.0,1.0,1.0,layer4_1_conv2,,0.0,1.0,0,2,4,11,80,shrinkage
20260823-165812,full_s42_fixed_epochs5_pat2_dirichlet_a01_normmatched_lambda075,0.0071143388105375125,5.061381671112031e-05,0.0071143388105375125,5.061381671112031e-05,0.0,0.0,0.0,1.0,1.0,fc,,0.0,1.0,0,2,4,11,80,shrinkage
20260823-165812,full_s42_fixed_epochs5_pat2_dirichlet_a01_normmatched_lambda075,0.04700770072105879,0.0022097239270806313,0.04700770072105879,0.0022097239270806313,0.0,0.0,0.0,1.0,1.0,layer4_1_conv2,,0.0,1.0,0,2,4,12,81,shrinkage
20260823-165812,full_s42_fixed_epochs5_pat2_dirichlet_a01_normmatched_lambda075,0.007080082235663964,5.012756446376443e-05,0.007080082235663964,5.012756446376443e-05,0.0,0.0,0.0,1.0,1.0,fc,,0.0,1.0,0,2,4,12,81,shrinkage
20260823-165812,full_s42_fixed_epochs5_pat2_dirichlet_a01_normmatched_lambda075,0.04685701830004327,0.0021955801639705896,0.04685701830004327,0.0021955801639705896,0.0,0.0,0.0,1.0,1.0,layer4_1_conv2,,0.0,1.0,0,2,4,13,82,shrinkage
20260823-165812,full_s42_fixed_epochs5_pat2_dirichlet_a01_normmatched_lambda075,0.007063271762915948,4.988980799680576e-05,0.007063271762915948,4.988980799680576e-05,0.0,0.0,0.0,1.0,1.0,fc,,0.0,1.0,0,2,4,13,82,shrinkage
20260823-165812,full_s42_fixed_epochs5_pat2_dirichlet_a01_normmatched_lambda075,0.04632775926526013,0.002146261278539896,0.04632775926526013,0.002146261278539896,0.0,0.0,0.0,1.0,1.0,layer4_1_conv2,,0.0,1.0,0,2,4,14,83,shrinkage
20260823-165812,full_s42_fixed_epochs5_pat2_dirichlet_a01_normmatched_lambda075,0.006999646732882965,4.8995054385159165e-05,0.006999646732882965,4.8995054385159165e-05,0.0,0.0,0.0,1.0,1.0,fc,,0.0,1.0,0,2,4,14,83,shrinkage
20260823-165812,full_s42_fixed_epochs5_pat2_dirichlet_a01_normmatched_lambda075,0.045713720051315,0.0020897442009299994,0.045713720051315,0.0020897442009299994,0.0,0.0,0.0,1.0,1.0,layer4_1_conv2,,0.0,1.0,0,2,4,15,84,shrinkage
20260823-165812,full_s42_fixed_epochs5_pat2_dirichlet_a01_normmatched_lambda075,0.006960317893279596,4.844602517550811e-05,0.006960317893279596,4.844602517550811e-05,0.0,0.0,0.0,1.0,1.0,fc,,0.0,1.0,0,2,4,15,84,shrinkage
20260823-165812,full_s42_fixed_epochs5_pat2_dirichlet_a01_normmatched_lambda075,0.044985151299764055,0.0020236638374626637,0.044985151299764055,0.0020236638374626637,0.0,0.0,0.0,1.0,1.0,layer4_1_conv2,,0.0,1.0,0,2,4,16,85,shrinkage
20260823-165812,full_s42_fixed_epochs5_pat2_dirichlet_a01_normmatched_lambda075,0.006848632676955314,4.690376954386011e-05,0.006848632676955314,4.690376954386011e-05,0.0,0.0,0.0,1.0,1.0,fc,,0.0,1.0,0,2,4,16,85,shrinkage
20260823-165812,full_s42_fixed_epochs5_pat2_dirichlet_a01_normmatched_lambda075,0.04448545489559759,0.0019789556972682476,0.04448545489559759,0.0019789556972682476,0.0,0.0,0.0,1.0,1.0,layer4_1_conv2,,0.0,1.0,0,2,4,17,86,shrinkage
20260823-165812,full_s42_fixed_epochs5_pat2_dirichlet_a01_normmatched_lambda075,0.006773121219491188,4.5875171053921804e-05,0.006773121219491188,4.5875171053921804e-05,0.0,0.0,0.0,1.0,1.0,fc,,0.0,1.0,0,2,4,17,86,shrinkage
20260823-165812,full_s42_fixed_epochs5_pat2_dirichlet_a01_normmatched_lambda075,0.04371078880879643,0.0019106330582872033,0.04371078880879643,0.0019106330582872033,0.0,0.0,0.0,1.0,1.0,layer4_1_conv2,,0.0,1.0,0,2,4,18,87,shrinkage
20260823-165812,full_s42_fixed_epochs5_pat2_dirichlet_a01_normmatched_lambda075,0.0066672115597332425,4.445170998224057e-05,0.0066672115597332425,4.445170998224057e-05,0.0,0.0,0.0,1.0,1.0,fc,,0.0,1.0,0,2,4,18,87,shrinkage
20260823-165812,full_s42_fixed_epochs5_pat2_dirichlet_a01_normmatched_lambda075,0.04296685209200949,0.0018461503786966205,0.04296685209200949,0.0018461503786966205,0.0,0.0,0.0,1.0,1.0,layer4_1_conv2,,0.0,1.0,0,2,4,19,88,shrinkage
20260823-165812,full_s42_fixed_epochs5_pat2_dirichlet_a01_normmatched_lambda075,0.006519274379437226,4.2500938434386626e-05,0.006519274379437226,4.2500938434386626e-05,0.0,0.0,0.0,1.0,1.0,fc,,0.0,1.0,0,2,4,19,88,shrinkage
20260823-165812,full_s42_fixed_epochs5_pat2_dirichlet_a01_normmatched_lambda075,0.042451815972137825,0.0018021566793322563,0.042451815972137825,0.0018021566793322563,0.0,0.0,0.0,1.0,1.0,layer4_1_conv2,,0.0,1.0,0,2,4,20,89,shrinkage
20260823-165812,full_s42_fixed_epochs5_pat2_dirichlet_a01_normmatched_lambda075,0.006438781850668603,4.1457911720499396e-05,0.006438781850668603,4.1457911720499396e-05,0.0,0.0,0.0,1.0,1.0,fc,,0.0,1.0,0,2,4,20,89,shrinkage
20260823-165812,full_s42_fixed_epochs5_pat2_dirichlet_a01_normmatched_lambda075,0.04235846989430493,0.0017942399717867374,0.04235846989430493,0.0017942399717867374,0.0,0.0,0.0,1.0,1.0,layer4_1_conv2,,0.0,1.0,0,2,4,21,90,shrinkage
20260823-165812,full_s42_fixed_epochs5_pat2_dirichlet_a01_normmatched_lambda075,0.006379977683010528,4.070411523571238e-05,0.006379977683010528,4.070411523571238e-05,0.0,0.0,0.0,1.0,1.0,fc,,0.0,1.0,0,2,4,21,90,shrinkage
20260823-165812,full_s42_fixed_epochs5_pat2_dirichlet_a01_normmatched_lambda075,0.041933127666294236,0.0017583871958777308,0.041933127666294236,0.0017583871958777308,0.0,0.0,0.0,1.0,1.0,layer4_1_conv2,,0.0,1.0,0,2,4,22,91,shrinkage
20260823-165812,full_s42_fixed_epochs5_pat2_dirichlet_a01_normmatched_lambda075,0.006335764300131598,4.014190926682204e-05,0.006335764300131598,4.014190926682204e-05,0.0,0.0,0.0,1.0,1.0,fc,,0.0,1.0,0,2,4,22,91,shrinkage
20260823-165812,full_s42_fixed_epochs5_pat2_dirichlet_a01_normmatched_lambda075,0.04286149032537746,0.001837107352912426,0.04286149032537746,0.001837107352912426,0.0,0.0,0.0,1.0,1.0,layer4_1_conv2,,0.0,1.0,0,2,4,23,92,shrinkage
20260823-165812,full_s42_fixed_epochs5_pat2_dirichlet_a01_normmatched_lambda075,0.006396128056699069,4.091045411769301e-05,0.006396128056699069,4.091045411769301e-05,0.0,0.0,0.0,1.0,1.0,fc,,0.0,1.0,0,2,4,23,92,shrinkage
20260823-165812,full_s42_fixed_epochs5_pat2_dirichlet_a01_normmatched_lambda075,0.04276607408678014,0.001828937092795968,0.04276607408678014,0.001828937092795968,0.0,0.0,0.0,1.0,1.0,layer4_1_conv2,,0.0,1.0,0,2,5,1,93,shrinkage
20260823-165812,full_s42_fixed_epochs5_pat2_dirichlet_a01_normmatched_lambda075,0.00640533109397023,4.1028266423381865e-05,0.00640533109397023,4.1028266423381865e-05,0.0,0.0,0.0,1.0,1.0,fc,,0.0,1.0,0,2,5,1,93,shrinkage
20260823-165812,full_s42_fixed_epochs5_pat2_dirichlet_a01_normmatched_lambda075,0.04178947350887717,0.0017463600961491466,0.04178947350887717,0.0017463600961491466,0.0,0.0,0.0,1.0,1.0,layer4_1_conv2,,0.0,1.0,0,2,5,2,94,shrinkage
20260823-165812,full_s42_fixed_epochs5_pat2_dirichlet_a01_normmatched_lambda075,0.0063532016446725,4.036317113786936e-05,0.0063532016446725,4.036317113786936e-05,0.0,0.0,0.0,1.0,1.0,fc,,0.0,1.0,0,2,5,2,94,shrinkage
20260823-165812,full_s42_fixed_epochs5_pat2_dirichlet_a01_normmatched_lambda075,0.041605113554002336,0.0017309854738414288,0.041605113554002336,0.0017309854738414288,0.0,0.0,0.0,1.0,1.0,layer4_1_conv2,,0.0,1.0,0,2,5,3,95,shrinkage
20260823-165812,full_s42_fixed_epochs5_pat2_dirichlet_a01_normmatched_lambda075,0.006311218336995964,3.98314768972341e-05,0.006311218336995964,3.98314768972341e-05,0.0,0.0,0.0,1.0,1.0,fc,,0.0,1.0,0,2,5,3,95,shrinkage
20260823-165812,full_s42_fixed_epochs5_pat2_dirichlet_a01_normmatched_lambda075,0.041055665453688064,0.0016855676658451557,0.041055665453688064,0.0016855676658451557,0.0,0.0,0.0,1.0,1.0,layer4_1_conv2,,0.0,1.0,0,2,5,4,96,shrinkage
20260823-165812,full_s42_fixed_epochs5_pat2_dirichlet_a01_normmatched_lambda075,0.006237182848630132,3.8902449887245893e-05,0.006237182848630132,3.8902449887245893e-05,0.0,0.0,0.0,1.0,1.0,fc,,0.0,1.0,0,2,5,4,96,shrinkage
20260823-165812,full_s42_fixed_epochs5_pat2_dirichlet_a01_normmatched_lambda075,0.040192209412228785,0.001615413697436452,0.040192209412228785,0.001615413697436452,0.0,0.0,0.0,1.0,1.0,layer4_1_conv2,,0.0,1.0,0,2,5,5,97,shrinkage
20260823-165812,full_s42_fixed_epochs5_pat2_dirichlet_a01_normmatched_lambda075,0.006108179694542636,3.730985918082297e-05,0.006108179694542636,3.730985918082297e-05,0.0,0.0,0.0,1.0,1.0,fc,,0.0,1.0,0,2,5,5,97,shrinkage
20260823-165812,full_s42_fixed_epochs5_pat2_dirichlet_a01_normmatched_lambda075,0.03996346186516766,0.0015970782842487097,0.03996346186516766,0.0015970782842487097,0.0,0.0,0.0,1.0,1.0,layer4_1_conv2,,0.0,1.0,0,2,5,6,98,shrinkage
20260823-165812,full_s42_fixed_epochs5_pat2_dirichlet_a01_normmatched_lambda075,0.006113861375619563,3.7379300920292735e-05,0.006113861375619563,3.7379300920292735e-05,0.0,0.0,0.0,1.0,1.0,fc,,0.0,1.0,0,2,5,6,98,shrinkage
20260823-165812,full_s42_fixed_epochs5_pat2_dirichlet_a01_normmatched_lambda075,0.039901572932837893,0.0015921355225145817,0.039901572932837893,0.0015921355225145817,0.0,0.0,0.0,1.0,1.0,layer4_1_conv2,,0.0,1.0,0,2,5,7,99,shrinkage
20260823-165812,full_s42_fixed_epochs5_pat2_dirichlet_a01_normmatched_lambda075,0.006129778743559073,3.757418744498864e-05,0.006129778743559073,3.757418744498864e-05,0.0,0.0,0.0,1.0,1.0,fc,,0.0,1.0,0,2,5,7,99,shrinkage
20260823-165812,full_s42_fixed_epochs5_pat2_dirichlet_a01_normmatched_lambda075,0.039507325458994526,0.0015608287649229169,0.039507325458994526,0.0015608287649229169,0.0,0.0,0.0,1.0,1.0,layer4_1_conv2,,0.0,1.0,0,2,5,8,100,shrinkage
20260823-165812,full_s42_fixed_epochs5_pat2_dirichlet_a01_normmatched_lambda075,0.006074523015466587,3.6899829865433276e-05,0.006074523015466587,3.6899829865433276e-05,0.0,0.0,0.0,1.0,1.0,fc,,0.0,1.0,0,2,5,8,100,shrinkage
20260823-165812,full_s42_fixed_epochs5_pat2_dirichlet_a01_normmatched_lambda075,0.03953337433491794,0.001562887686304748,0.03953337433491794,0.001562887686304748,0.0,0.0,0.0,1.0,1.0,layer4_1_conv2,,0.0,1.0,0,2,5,9,101,shrinkage
20260823-165812,full_s42_fixed_epochs5_pat2_dirichlet_a01_normmatched_lambda075,0.006109563989704759,3.732677214429714e-05,0.006109563989704759,3.732677214429714e-05,0.0,0.0,0.0,1.0,1.0,fc,,0.0,1.0,0,2,5,9,101,shrinkage
20260823-165812,full_s42_fixed_epochs5_pat2_dirichlet_a01_normmatched_lambda075,0.03907217263628042,0.0015266346745193005,0.03907217263628042,0.0015266346745193005,0.0,0.0,0.0,1.0,1.0,layer4_1_conv2,,0.0,1.0,0,2,5,10,102,shrinkage
20260823-165812,full_s42_fixed_epochs5_pat2_dirichlet_a01_normmatched_lambda075,0.006006649678169289,3.6079840356251225e-05,0.006006649678169289,3.6079840356251225e-05,0.0,0.0,0.0,1.0,1.0,fc,,0.0,1.0,0,2,5,10,102,shrinkage
20260823-165812,full_s42_fixed_epochs5_pat2_dirichlet_a01_normmatched_lambda075,0.03930495240750226,0.0015448792837560177,0.03930495240750226,0.0015448792837560177,0.0,0.0,0.0,1.0,1.0,layer4_1_conv2,,0.0,1.0,0,2,5,11,103,shrinkage
20260823-165812,full_s42_fixed_epochs5_pat2_dirichlet_a01_normmatched_lambda075,0.0059971439161459845,3.596573515096679e-05,0.0059971439161459845,3.596573515096679e-05,0.0,0.0,0.0,1.0,1.0,fc,,0.0,1.0,0,2,5,11,103,shrinkage
20260823-165812,full_s42_fixed_epochs5_pat2_dirichlet_a01_normmatched_lambda075,0.03850153219321605,0.0014823679812252522,0.03850153219321605,0.0014823679812252522,0.0,0.0,0.0,1.0,1.0,layer4_1_conv2,,0.0,1.0,0,2,5,12,104,shrinkage
20260823-165812,full_s42_fixed_epochs5_pat2_dirichlet_a01_normmatched_lambda075,0.005878211455421384,3.455336991464719e-05,0.005878211455421384,3.455336991464719e-05,0.0,0.0,0.0,1.0,1.0,fc,,0.0,1.0,0,2,5,12,104,shrinkage
20260823-165812,full_s42_fixed_epochs5_pat2_dirichlet_a01_normmatched_lambda075,0.03834015871628876,0.0014699677703902125,0.03834015871628876,0.0014699677703902125,0.0,0.0,0.0,1.0,1.0,layer4_1_conv2,,0.0,1.0,0,2,5,13,105,shrinkage
20260823-165812,full_s42_fixed_epochs5_pat2_dirichlet_a01_normmatched_lambda075,0.005834943280532489,3.4046563087031245e-05,0.005834943280532489,3.4046563087031245e-05,0.0,0.0,0.0,1.0,1.0,fc,,0.0,1.0,0,2,5,13,105,shrinkage
20260823-165812,full_s42_fixed_epochs5_pat2_dirichlet_a01_normmatched_lambda075,0.03785713561732664,0.0014331627171486616,0.03785713561732664,0.0014331627171486616,0.0,0.0,0.0,1.0,1.0,layer4_1_conv2,,0.0,1.0,0,2,5,14,106,shrinkage
20260823-165812,full_s42_fixed_epochs5_pat2_dirichlet_a01_normmatched_lambda075,0.005774082086959654,3.334002394694835e-05,0.005774082086959654,3.334002394694835e-05,0.0,0.0,0.0,1.0,1.0,fc,,0.0,1.0,0,2,5,14,106,shrinkage
20260823-165812,full_s42_fixed_epochs5_pat2_dirichlet_a01_normmatched_lambda075,0.03705302150752403,0.001372926402837038,0.03705302150752403,0.001372926402837038,0.0,0.0,0.0,1.0,1.0,layer4_1_conv2,,0.0,1.0,0,2,5,15,107,shrinkage
20260823-165812,full_s42_fixed_epochs5_pat2_dirichlet_a01_normmatched_lambda075,0.005718186030295354,3.269765147706494e-05,0.005718186030295354,3.269765147706494e-05,0.0,0.0,0.0,1.0,1.0,fc,,0.0,1.0,0,2,5,15,107,shrinkage
20260823-165812,full_s42_fixed_epochs5_pat2_dirichlet_a01_normmatched_lambda075,0.03686809055051355,0.0013592561008408666,0.03686809055051355,0.0013592561008408666,0.0,0.0,0.0,1.0,1.0,layer4_1_conv2,,0.0,1.0,0,2,5,16,108,shrinkage
20260823-165812,full_s42_fixed_epochs5_pat2_dirichlet_a01_normmatched_lambda075,0.005682434623069129,3.22900632454548e-05,0.005682434623069129,3.22900632454548e-05,0.0,0.0,0.0,1.0,1.0,fc,,0.0,1.0,0,2,5,16,108,shrinkage
20260823-165812,full_s42_fixed_epochs5_pat2_dirichlet_a01_normmatched_lambda075,0.036572914219644946,0.0013375780545175076,0.036572914219644946,0.0013375780545175076,0.0,0.0,0.0,1.0,1.0,layer4_1_conv2,,0.0,1.0,0,2,5,17,109,shrinkage
20260823-165812,full_s42_fixed_epochs5_pat2_dirichlet_a01_normmatched_lambda075,0.005704014660572166,3.25357832480222e-05,0.005704014660572166,3.25357832480222e-05,0.0,0.0,0.0,1.0,1.0,fc,,0.0,1.0,0,2,5,17,109,shrinkage
20260823-165812,full_s42_fixed_epochs5_pat2_dirichlet_a01_normmatched_lambda075,0.03650462704003527,0.0013325877953320742,0.03650462704003527,0.0013325877953320742,0.0,0.0,0.0,1.0,1.0,layer4_1_conv2,,0.0,1.0,0,2,5,18,110,shrinkage
20260823-165812,full_s42_fixed_epochs5_pat2_dirichlet_a01_normmatched_lambda075,0.005627417758283763,3.166783062624745e-05,0.005627417758283763,3.166783062624745e-05,0.0,0.0,0.0,1.0,1.0,fc,,0.0,1.0,0,2,5,18,110,shrinkage
20260823-165812,full_s42_fixed_epochs5_pat2_dirichlet_a01_normmatched_lambda075,0.03596673312920818,0.0012936058919876814,0.03596673312920818,0.0012936058919876814,0.0,0.0,0.0,1.0,1.0,layer4_1_conv2,,0.0,1.0,0,2,5,19,111,shrinkage
20260823-165812,full_s42_fixed_epochs5_pat2_dirichlet_a01_normmatched_lambda075,0.0055169811099853765,3.043708056793548e-05,0.0055169811099853765,3.043708056793548e-05,0.0,0.0,0.0,1.0,1.0,fc,,0.0,1.0,0,2,5,19,111,shrinkage
20260823-165812,full_s42_fixed_epochs5_pat2_dirichlet_a01_normmatched_lambda075,0.03584729456306005,0.0012850285274907947,0.03584729456306005,0.0012850285274907947,0.0,0.0,0.0,1.0,1.0,layer4_1_conv2,,0.0,1.0,0,2,5,20,112,shrinkage
20260823-165812,full_s42_fixed_epochs5_pat2_dirichlet_a01_normmatched_lambda075,0.0055118029333986315,3.0379971576621756e-05,0.0055118029333986315,3.0379971576621756e-05,0.0,0.0,0.0,1.0,1.0,fc,,0.0,1.0,0,2,5,20,112,shrinkage
20260823-165812,full_s42_fixed_epochs5_pat2_dirichlet_a01_normmatched_lambda075,0.03496449881268331,0.0012225161772221327,0.03496449881268331,0.0012225161772221327,0.0,0.0,0.0,1.0,1.0,layer4_1_conv2,,0.0,1.0,0,2,5,21,113,shrinkage
20260823-165812,full_s42_fixed_epochs5_pat2_dirichlet_a01_normmatched_lambda075,0.0053658236039701825,2.8792062948923558e-05,0.0053658236039701825,2.8792062948923558e-05,0.0,0.0,0.0,1.0,1.0,fc,,0.0,1.0,0,2,5,21,113,shrinkage
20260823-165812,full_s42_fixed_epochs5_pat2_dirichlet_a01_normmatched_lambda075,0.03435183328290174,0.001180048449896276,0.03435183328290174,0.001180048449896276,0.0,0.0,0.0,1.0,1.0,layer4_1_conv2,,0.0,1.0,0,2,5,22,114,shrinkage
20260823-165812,full_s42_fixed_epochs5_pat2_dirichlet_a01_normmatched_lambda075,0.005298093354073595,2.8069793188478798e-05,0.005298093354073595,2.8069793188478798e-05,0.0,0.0,0.0,1.0,1.0,fc,,0.0,1.0,0,2,5,22,114,shrinkage
20260823-165812,full_s42_fixed_epochs5_pat2_dirichlet_a01_normmatched_lambda075,0.035656215111467174,0.00127136567607522,0.035656215111467174,0.00127136567607522,0.0,0.0,0.0,1.0,1.0,layer4_1_conv2,,0.0,1.0,0,2,5,23,115,shrinkage
20260823-165812,full_s42_fixed_epochs5_pat2_dirichlet_a01_normmatched_lambda075,0.005310571716991613,2.820217196131125e-05,0.005310571716991613,2.820217196131125e-05,0.0,0.0,0.0,1.0,1.0,fc,,0.0,1.0,0,2,5,23,115,shrinkage
20260823-165812,full_s42_fixed_epochs5_pat2_dirichlet_a01_normmatched_lambda075,0.051268595732373454,0.002628468908369541,0.04880087091866239,0.0023815250024199486,0.0024677242962184345,6.089663202146767e-06,0.0002469439059495926,0.9518667367721012,0.9060502845731686,layer4_1_conv2,,0.0,0.9518667516999229,1,2,1,1,116,shrinkage
20260823-165812,full_s42_fixed_epochs5_pat2_dirichlet_a01_normmatched_lambda075,0.008472565431490631,7.178436499089003e-05,0.0031237895933915473,9.758061423781328e-06,0.005348775903980115,2.860940367099829e-05,6.20263035671087e-05,0.36869465555038616,0.1359357490314179,fc,,0.0,0.3686946488434807,1,2,1,1,116,shrinkage
20260823-165812,full_s42_fixed_epochs5_pat2_dirichlet_a01_normmatched_lambda075,0.07052523828246136,0.0049738092347979546,0.06713063278619483,0.004506521858274937,0.0033946091881885084,1.1523371540533844e-05,0.0004672873765230179,0.9518667986250431,0.9060504023246883,layer4_1_conv2,,0.0,0.9518667516999229,1,2,1,2,117,shrinkage
20260823-165812,full_s42_fixed_epochs5_pat2_dirichlet_a01_normmatched_lambda075,0.012341537907372599,0.00015231355791911483,0.004550259101263523,2.0704857888631523e-05,0.007791278466530438,6.07040201430209e-05,0.0001316087000304833,0.3686946582682605,0.13593575103554936,fc,,0.0,0.3686946488434807,1,2,1,2,117,shrinkage
20260823-165812,full_s42_fixed_epochs5_pat2_dirichlet_a01_normmatched_lambda075,0.08842491301275326,0.00781896524131298,0.08416873358332394,0.007084375713020563,0.004256178705531275,1.811505717341788e-05,0.0007345895282924175,0.9518667388588161,0.9060502885457177,layer4_1_conv2,,0.0,0.9518667516999229,1,2,1,3,118,shrinkage
20260823-165812,full_s42_fixed_epochs5_pat2_dirichlet_a01_normmatched_lambda075,0.01582845092943415,0.0002505398588255048,0.005835865025029607,3.4057320590363815e-05,0.009992585106635627,9.985175711335614e-05,0.00021648253823514096,0.3686946404955771,0.13593573793016284,fc,,0.0,0.3686946488434807,1,2,1,3,118,shrinkage
20260823-165812,full_s42_fixed_epochs5_pat2_dirichlet_a01_normmatched_lambda075,0.1021233806913624,0.010429184883832932,0.09720785194680559,0.009449366480112076,0.004915530514666345,2.416244024061598e-05,0.0009798184037208557,0.9518667643855961,0.906050337141904,layer4_1_conv2,,0.0,0.9518667516999229,1,2,1,4,119,shrinkage
20260823-165812,full_s42_fixed_epochs5_pat2_dirichlet_a01_normmatched_lambda075,0.01857917512435486,0.00034518574830144644,0.006850042862006468,4.6923087211325765e-05,0.011729132131251457,0.00013757254055235535,0.0002982626610901207,0.3686946711120108,0.13593576050639383,fc,,0.0,0.3686946488434807,1,2,1,4,119,shrinkage
20260823-165812,full_s42_fixed_epochs5_pat2_dirichlet_a01_normmatched_lambda075,0.11370147667031184,0.012928025797009468,0.10822865360580207,0.011713441461324692,0.005472822075586512,2.995178147102706e-05,0.0012145843356847763,0.9518667371367678,0.9060502852673967,layer4_1_conv2,,0.0,0.9518667516999229,1,2,1,5,120,shrinkage
20260823-165812,full_s42_fixed_epochs5_pat2_dirichlet_a01_normmatched_lambda075,0.021075472926984067,0.00044417555909603834,0.0077704144965647995,6.0379341448424384e-05,0.013305058706144299,0.0001770245871739462,0.00038379621764761396,0.36869466813320795,0.13593575830985635,fc,,0.0,0.3686946488434807,1,2,1,5,120,shrinkage
20260823-165812,full_s42_fixed_epochs5_pat2_dirichlet_a01_normmatched_lambda075,0.12218297337174203,0.01492867898195982,0.1163019096702353,0.013526134192943573,0.005881064165372402,3.4586915717227384e-05,0.0014025447890162468,0.9518667491941486,0.9060503082214363,layer4_1_conv2,,0.0,0.9518667516999229,1,2,2,1,121,shrinkage
20260823-165812,full_s42_fixed_epochs5_pat2_dirichlet_a01_normmatched_lambda075,0.022987499926682073,0.0005284251528792083,0.00847536798270113,7.183186244219542e-05,0.014512130729370997,0.00021060193830635399,0.0004565932904370129,0.3686946388138361,0.135935736690065,fc,,0.0,0.3686946488434807,1,2,2,1,121,shrinkage
20260823-165812,full_s42_fixed_epochs5_pat2_dirichlet_a01_normmatched_lambda075,0.12845202817449755,0.016499923542141914,0.12226921661269197,0.01494976133108139,0.006182814091410672,3.822719008894637e-05,0.001550162211060524,0.9518667657515968,0.9060503397424051,layer4_1_conv2,,0.0,0.9518667516999229,1,2,2,2,122,shrinkage
20260823-165812,full_s42_fixed_epochs5_pat2_dirichlet_a01_normmatched_lambda075,0.024434310146352566,0.0005970355123281479,0.009008799917323078,8.11584759503603e-05,0.015425510346578554,0.000237946369452402,0.0005158770363777876,0.36869467005058326,0.13593575972370847,fc,,0.0,0.3686946488434807,1,2,2,2,122,shrinkage
20260823-165812,full_s42_fixed_epochs5_pat2_dirichlet_a01_normmatched_lambda075,0.13314262201866145,0.01772695779800415,0.12673403100987743,0.016061514616012573,0.006408587523027145,4.106999404029921e-05,0.0016654431819915771,0.9518667207268474,0.9060502540272823,layer4_1_conv2,,0.0,0.9518667516999229,1,2,2,3,123,shrinkage
20260823-165812,full_s42_fixed_epochs5_pat2_dirichlet_a01_normmatched_lambda075,0.02560315226414087,0.0006555214058607817,0.009439745675602532,8.91087984200567e-05,0.01616340665134338,0.0002612557145766914,0.000566412607440725,0.3686946661182655,0.1359357568240593,fc,,0.0,0.3686946488434807,1,2,2,3,123,shrinkage
20260823-165812,full_s42_fixed_epochs5_pat2_dirichlet_a01_normmatched_lambda075,0.13469338899823985,0.01814230903983116,0.12821016069176555,0.016437845304608345,0.006483231475620646,4.2032290366478264e-05,0.0017044637352228165,0.9518667667753239,0.9060503416913088,layer4_1_conv2,,0.0,0.9518667516999229,1,2,2,4,124,shrinkage
20260823-165812,full_s42_fixed_epochs5_pat2_dirichlet_a01_normmatched_lambda075,0.026316963594046176,0.0006925825728103518,0.009702924144593518,9.414673695573583e-05,0.016614039725097268,0.00027602631598711014,0.000598435835854616,0.36869466760172365,0.13593575791794546,fc,,0.0,0.3686946488434807,1,2,2,4,124,shrinkage
20260823-165812,full_s42_fixed_epochs5_pat2_dirichlet_a01_normmatched_lambda075,0.13593911904434156,0.018479444086551666,0.12939592756561613,0.016743306070566177,0.006543192219120638,4.2813364416360855e-05,0.001736138015985489,0.9518667509049318,0.9060503114783114,layer4_1_conv2,,0.0,0.9518667516999229,1,2,2,5,125,shrinkage
20260823-165812,full_s42_fixed_epochs5_pat2_dirichlet_a01_normmatched_lambda075,0.02681693433587533,0.0007191479671746492,0.009887260409786651,9.775791841093451e-05,0.016929672880654917,0.00028661382384598255,0.0006213900487637147,0.3686946571129724,0.1359357501836523,fc,,0.0,0.3686946488434807,1,2,2,5,125,shrinkage
20260823-165812,full_s42_fixed_epochs5_pat2_dirichlet_a01_normmatched_lambda075,0.13579908729000364,0.018441392108798027,0.12926263384618894,0.016708828508853912,0.006536451762076256,4.2725201637949795e-05,0.0017325635999441147,0.9518667350844864,0.9060502813604,layer4_1_conv2,,0.0,0.9518667516999229,1,2,3,1,126,shrinkage
20260823-165812,full_s42_fixed_epochs5_pat2_dirichlet_a01_normmatched_lambda075,0.027180479072489785,0.0007387784426100552,0.010021297569165718,0.00010042640496976674,0.01715918166898881,0.0002944375155493617,0.0006383520376402885,0.3686946629027075,0.13593575445294115,fc,,0.0,0.3686946488434807,1,2,3,1,126,shrinkage
20260823-165812,full_s42_fixed_epochs5_pat2_dirichlet_a01_normmatched_lambda075,0.13545696563679513,0.018348589539527893,0.12893698065926365,0.01662474498152733,0.006519984718419935,4.251020072842948e-05,0.0017238445580005646,0.9518667427187635,0.9060502958940287,layer4_1_conv2,,0.0,0.9518667516999229,1,2,3,2,127,shrinkage
20260823-165812,full_s42_fixed_epochs5_pat2_dirichlet_a01_normmatched_lambda075,0.02740413945378298,0.000750986859202385,0.010103759873931615,0.0001020859635900706,0.01730037927413584,0.0002993031230289489,0.0006489008956123143,0.3686946598331096,0.13593575218945242,fc,,0.0,0.3686946488434807,1,2,3,2,127,shrinkage
20260823-165812,full_s42_fixed_epochs5_pat2_dirichlet_a01_normmatched_lambda075,0.133847432734048,0.017915135249495506,0.12740492755399113,0.016232015565037727,0.006442512663591828,4.150596942054108e-05,0.001683119684457779,0.9518668005171381,0.906050405926733,layer4_1_conv2,,0.0,0.9518667516999229,1,2,3,3,128,shrinkage
20260823-165812,full_s42_fixed_epochs5_pat2_dirichlet_a01_normmatched_lambda075,0.027500260271254986,0.0007562643149867654,0.010139199103425964,0.00010280335845891386,0.01736106067474642,0.0003014064277522266,0.0006534609565278515,0.3686946597383334,0.1359357521195654,fc,,0.0,0.3686946488434807,1,2,3,3,128,shrinkage
20260823-165812,full_s42_fixed_epochs5_pat2_dirichlet_a01_normmatched_lambda075,0.13092464271230425,0.01714126206934452,0.12462281525336402,0.015530846081674099,0.006301829081554564,3.971304977312684e-05,0.0016104159876704216,0.9518667584009531,0.9060503257487386,layer4_1_conv2,,0.0,0.9518667516999229,1,2,3,4,129,shrinkage
20260823-165812,full_s42_fixed_epochs5_pat2_dirichlet_a01_normmatched_lambda075,0.027324686898508192,0.0007466385141015053,0.010074465980561666,0.00010149486479349434,0.01725022047223085,0.00029757010634057224,0.0006451436493080109,0.368694653958201,0.13593574785735757,fc,,0.0,0.3686946488434807,1,2,3,4,129,shrinkage
20260823-165812,full_s42_fixed_epochs5_pat2_dirichlet_a01_normmatched_lambda075,0.12760255935850373,0.01628241315484047,0.12146063569614708,0.014752686023712158,0.006141926185211609,3.772325726458803e-05,0.0015297271311283112,0.9518667674595718,0.9060503429939345,layer4_1_conv2,,0.0,0.9518667516999229,1,2,3,5,130,shrinkage
20260823-165812,full_s42_fixed_epochs5_pat2_dirichlet_a01_normmatched_lambda075,0.027097452782401405,0.0007342719472944736,0.009990685584207069,9.981379844248295e-05,0.01710676649645443,0.00029264145996421576,0.0006344581488519907,0.36869463947163245,0.13593573717511703,fc,,0.0,0.3686946488434807,1,2,3,5,130,shrinkage
20260823-165812,full_s42_fixed_epochs5_pat2_dirichlet_a01_normmatched_lambda075,0.13339788093283234,0.01779499463737011,0.1280303151639143,0.016391761600971222,0.0053675635546428105,2.8810738513129763e-05,0.0014032330363988876,0.9597627358741877,0.9211445091727058,layer4_1_conv2,,0.0,0.9597627361679816,2,2,1,1,131,shrinkage
20260823-165812,full_s42_fixed_epochs5_pat2_dirichlet_a01_normmatched_lambda075,0.028084297662859626,0.0007887277752161026,0.010148987557684529,0.00010300194844603539,0.01793531025425437,0.00032167535391636193,0.0006857258267700672,0.36137587200929594,0.13059252087047904,fc,,0.0,0.36137588030188156,2,2,1,1,131,shrinkage
20260823-165812,full_s42_fixed_epochs5_pat2_dirichlet_a01_normmatched_lambda075,0.13909188319110288,0.019346551969647408,0.1334952169527674,0.017820972949266434,0.005596674757067343,3.13227683363948e-05,0.0015255790203809738,0.9597628121071159,0.9211446555037591,layer4_1_conv2,,0.0,0.9597627361679816,2,2,1,2,132,shrinkage
20260823-165812,full_s42_fixed_epochs5_pat2_dirichlet_a01_normmatched_lambda075,0.02891328144577522,0.0008359778439626098,0.0104485620059424,0.00010917244799202308,0.01846471890045577,0.00034094584407284856,0.0007268053959705867,0.3613758620078433,0.13059251364191174,fc,,0.0,0.36137588030188156,2,2,1,2,132,shrinkage
20260823-165812,full_s42_fixed_epochs5_pat2_dirichlet_a01_normmatched_lambda075,0.14357383755999276,0.020613446831703186,0.1377968177284877,0.01898796297609806,0.005777016129241394,3.3373915357515216e-05,0.0016254838556051254,0.9597627260670586,0.9211444903476718,layer4_1_conv2,,0.0,0.9597627361679816,2,2,1,3,133,shrinkage
20260823-165812,full_s42_fixed_epochs5_pat2_dirichlet_a01_normmatched_lambda075,0.02947697219347805,0.0008688918896950781,0.010652266339153506,0.00011347077816026285,0.018824705822762813,0.00035436954931356013,0.0007554211115348153,0.3613758655141108,0.13059251617607268,fc,,0.0,0.36137588030188156,2,2,1,3,133,shrinkage
20260823-165812,full_s42_fixed_epochs5_pat2_dirichlet_a01_normmatched_lambda075,0.14586410169497632,0.021276336163282394,0.13999493168273772,0.0195985808968544,0.005869169914510513,3.444715548539534e-05,0.0016777552664279938,0.9597627521505468,0.921144540415592,layer4_1_conv2,,0.0,0.9597627361679816,2,2,1,4,134,shrinkage
20260823-165812,full_s42_fixed_epochs5_pat2_dirichlet_a01_normmatched_lambda075,0.029806697005589848,0.0008884391863830388,0.010771421053389893,0.00011602351150941104,0.019035275904486636,0.00036234172875992954,0.0007724156748736277,0.3613758697037064,0.13059251920411022,fc,,0.0,0.36137588030188156,2,2,1,4,134,shrinkage
20260823-165812,full_s42_fixed_epochs5_pat2_dirichlet_a01_normmatched_lambda075,0.14867894713619503,0.02210542932152748,0.14269651435953676,0.02036229521036148,0.005982431748852504,3.578948962967843e-05,0.0017431341111660004,0.9597627445452774,0.9211445258170833,layer4_1_conv2,,0.0,0.9597627361679816,2,2,1,5,135,shrinkage
20260823-165812,full_s42_fixed_epochs5_pat2_dirichlet_a01_normmatched_lambda075,0.030067348020294895,0.0009040454169735312,0.0108656139009632,0.00011806156544480473,0.019201734061320214,0.0003687065909616649,0.0007859838515287265,0.36137586506229663,0.13059251584952325,fc,,0.0,0.36137588030188156,2,2,1,5,135,shrinkage
20260823-165812,full_s42_fixed_epochs5_pat2_dirichlet_a01_normmatched_lambda075,0.1487372784423845,0.022122777998447418,0.1427525015743748,0.020378276705741882,0.005984778594573836,3.5817574826069176e-05,0.0017445012927055359,0.9597627647171991,0.9211445645376016,layer4_1_conv2,,0.0,0.9597627361679816,2,2,2,1,136,shrinkage
20260823-165812,full_s42_fixed_epochs5_pat2_dirichlet_a01_normmatched_lambda075,0.030043197531393846,0.0009025937179103494,0.010856886436414888,0.00011787198309320956,0.01918631029236349,0.0003681145026348531,0.0007847217348171398,0.3613758630408734,0.13059251438853606,fc,,0.0,0.36137588030188156,2,2,2,1,136,shrinkage
20260823-165812,full_s42_fixed_epochs5_pat2_dirichlet_a01_normmatched_lambda075,0.14702621700660146,0.021616708487272263,0.14111028489888272,0.01991211250424385,0.0059159301245988345,3.499822923913598e-05,0.0017045959830284119,0.959762740087007,0.9211445172593199,layer4_1_conv2,,0.0,0.9597627361679816,2,2,2,2,137,shrinkage
20260823-165812,full_s42_fixed_epochs5_pat2_dirichlet_a01_normmatched_lambda075,0.029874996412872553,0.000892515410669148,0.010796102774630294,0.00011655583512037992,0.01907889251386511,0.00036400413955561817,0.000775959575548768,0.3613758684830658,0.13059251832189003,fc,,0.0,0.36137588030188156,2,2,2,2,137,shrinkage
20260823-165812,full_s42_fixed_epochs5_pat2_dirichlet_a01_normmatched_lambda075,0.1438942222042013,0.02070554718375206,0.13810431157176115,0.019072800874710083,0.00578990749778097,3.352302883286029e-05,0.001632746309041977,0.9597627302629034,0.9211444984017029,layer4_1_conv2,,0.0,0.9597627361679816,2,2,2,3,138,shrinkage
20260823-165812,full_s42_fixed_epochs5_pat2_dirichlet_a01_normmatched_lambda075,0.02948001600938633,0.0008690713439136744,0.010653366323361745,0.00011349421401973814,0.018826649100233645,0.00035444271634332836,0.0007555771298939362,0.361375866280729,0.13059251673014732,fc,,0.0,0.36137588030188156,2,2,2,3,138,shrinkage
20260823-165812,full_s42_fixed_epochs5_pat2_dirichlet_a01_normmatched_lambda075,0.13920765116470307,0.019378770142793655,0.133606326476066,0.01785065047442913,0.005601333172960674,3.137493331450969e-05,0.0015281196683645248,0.95976281014892,0.9211446517449517,layer4_1_conv2,,0.0,0.9597627361679816,2,2,2,4,139,shrinkage
20260823-165812,full_s42_fixed_epochs5_pat2_dirichlet_a01_normmatched_lambda075,0.029000138510073187,0.0008410080336034298,0.010479950277802831,0.00010982935782521963,0.018520188257189603,0.0003429973730817437,0.0007311786757782102,0.36137586977947106,0.13059251925886922,fc,,0.0,0.36137588030188156,2,2,2,4,139,shrinkage
20260823-165812,full_s42_fixed_epochs5_pat2_dirichlet_a01_normmatched_lambda075,0.13480089251367106,0.0181712806224823,0.12937688167327774,0.016738377511501312,0.005424017287869975,2.941996353911236e-05,0.0014329031109809875,0.9597627972689926,0.9211446270216015,layer4_1_conv2,,0.0,0.9597627361679816,2,2,2,5,140,shrinkage
20260823-165812,full_s42_fixed_epochs5_pat2_dirichlet_a01_normmatched_lambda075,0.028325429815785768,0.0008023299742490053,0.0102361272333809,0.00010477830073796213,0.018089302478082186,0.0003272228641435504,0.0006975516735110432,0.3613758837889304,0.1305925293842305,fc,,0.0,0.36137588030188156,2,2,2,5,140,shrinkage
20260823-165812,full_s42_fixed_epochs5_pat2_dirichlet_a01_normmatched_lambda075,0.12986215986529862,0.01686418056488037,0.12463686768319086,0.015534348785877228,0.005225296022735731,2.7303718525217846e-05,0.0013298317790031433,0.9597627808783732,0.9211445955593884,layer4_1_conv2,,0.0,0.9597627361679816,2,2,3,1,141,shrinkage
20260823-165812,full_s42_fixed_epochs5_pat2_dirichlet_a01_normmatched_lambda075,0.02771678286026482,0.0007682200521230698,0.010016176522981906,0.00010032379213953391,0.01770060637424253,0.00031331146601587534,0.0006678962599835359,0.36137587011735195,0.1305925195030732,fc,,0.0,0.36137588030188156,2,2,3,1,141,shrinkage
20260823-165812,full_s42_fixed_epochs5_pat2_dirichlet_a01_normmatched_lambda075,0.12483660628561422,0.015584178268909454,0.11981352748290983,0.014355281367897987,0.005023081659173606,2.5231349354726262e-05,0.001228896901011467,0.9597627734992085,0.921144581394893,layer4_1_conv2,,0.0,0.9597627361679816,2,2,3,2,142,shrinkage
20260823-165812,full_s42_fixed_epochs5_pat2_dirichlet_a01_normmatched_lambda075,0.027059280182766706,0.0007322046440094709,0.00977857074375906,9.562044579070061e-05,0.017280709979840082,0.0002986229374073446,0.0006365841982187703,0.361375863574773,0.13059251477441297,fc,,0.0,0.36137588030188156,2,2,3,2,142,shrinkage
20260823-165812,full_s42_fixed_epochs5_pat2_dirichlet_a01_normmatched_lambda075,0.12005415867758333,0.014413001015782356,0.11522350421643542,0.01327645592391491,0.004830648954007271,2.3335169316851534e-05,0.001136545091867447,0.9597627061456397,0.9211444521080017,layer4_1_conv2,,0.0,0.9597627361679816,2,2,3,3,143,shrinkage
20260823-165812,full_s42_fixed_epochs5_pat2_dirichlet_a01_normmatched_lambda075,0.026336233416108207,0.0006935971905477345,0.009517279026370019,9.057860006578267e-05,0.01681895395550725,0.00028287721215747297,0.0006030185904819518,0.36137586100482016,0.1305925129169751,fc,,0.0,0.36137588030188156,2,2,3,3,143,shrinkage
20260823-165812,full_s42_fixed_epochs5_pat2_dirichlet_a01_normmatched_lambda075,0.11502376804461066,0.013230467215180397,0.11039552403706819,0.0121871717274189,0.004628239723057327,2.1420602934085764e-05,0.0010432954877614975,0.9597627161218761,0.9211444712576409,layer4_1_conv2,,0.0,0.9597627361679816,2,2,3,4,144,shrinkage
20260823-165812,full_s42_fixed_epochs5_pat2_dirichlet_a01_normmatched_lambda075,0.025631336709440712,0.000656965421512723,0.00926254646810591,8.579476707382128e-05,0.016368789957154954,0.00026793728466145694,0.0005711706544389017,0.36137586475130123,0.1305925156247508,fc,,0.0,0.36137588030188156,2,2,3,4,144,shrinkage
20260823-165812,full_s42_fixed_epochs5_pat2_dirichlet_a01_normmatched_lambda075,0.11117258835012113,0.012359344400465488,0.10669930803189426,0.011384742334485054,0.0044732790940409965,2.0010225853184238e-05,0.0009746020659804344,0.9597627402166894,0.9211445175082484,layer4_1_conv2,,0.0,0.9597627361679816,2,2,3,5,145,shrinkage
20260823-165812,full_s42_fixed_epochs5_pat2_dirichlet_a01_normmatched_lambda075,0.02498607489824999,0.0006243039388209581,0.009029364253448113,8.15294188214466e-05,0.01595671040598789,0.0002546166069805622,0.0005427745199995115,0.36137585796160904,0.13059251071748904,fc,,0.0,0.36137588030188156,2,2,3,5,145,shrinkage
20260823-165812,full_s42_fixed_epochs5_pat2_dirichlet_a01_normmatched_lambda075,0.11605881904789977,0.013469649478793144,0.1118659821597298,0.012513997964560986,0.004192832575631439,1.7579845007276163e-05,0.0009556515142321587,0.963873172908648,0.9290514934529845,layer4_1_conv2,,0.0,0.9638732114292027,3,2,1,1,146,shrinkage
20260823-165812,full_s42_fixed_epochs5_pat2_dirichlet_a01_normmatched_lambda075,0.025821383442505518,0.0006667438428848982,0.009609880383215941,9.234980097971857e-05,0.016211502944322824,0.00026281282771378756,0.0005743940419051796,0.37216752559418514,0.13850866710689846,fc,,0.0,0.3721675284784162,3,2,1,1,146,shrinkage
20260823-165812,full_s42_fixed_epochs5_pat2_dirichlet_a01_normmatched_lambda075,0.12184801460110448,0.014846938662230968,0.11744603804363764,0.01379357185214758,0.004401978004673246,1.9377410353627056e-05,0.0010533668100833893,0.9638732188466291,0.9290515820097619,layer4_1_conv2,,0.0,0.9638732114292027,3,2,1,2,147,shrinkage
20260823-165812,full_s42_fixed_epochs5_pat2_dirichlet_a01_normmatched_lambda075,0.02666729217612295,0.0007111444720067084,0.00992470015596794,9.849967318587005e-05,0.016742592005275465,0.0002803143870551139,0.0006126447988208383,0.37216752606229,0.13850866745532528,fc,,0.0,0.3721675284784162,3,2,1,2,147,shrinkage
20260823-165812,full_s42_fixed_epochs5_pat2_dirichlet_a01_normmatched_lambda075,0.12666272180645688,0.016043445095419884,0.12208679850833645,0.014905186370015144,0.004575917795427229,2.0939023670507595e-05,0.0011382587254047394,0.9638731646307701,0.929051477495336,layer4_1_conv2,,0.0,0.9638732114292027,3,2,1,3,148,shrinkage
20260823-165812,full_s42_fixed_epochs5_pat2_dirichlet_a01_normmatched_lambda075,0.027185552941132615,0.0007390542887151241,0.010117580039024835,0.00010236542584607378,0.017067973584443192,0.0002913157222792506,0.0006366888628690504,0.3721675281328051,0.1385086689964823,fc,,0.0,0.3721675284784162,3,2,1,3,148,shrinkage
20260823-165812,full_s42_fixed_epochs5_pat2_dirichlet_a01_normmatched_lambda075,0.13056370083981167,0.01704687997698784,0.12584685516126135,0.015837430953979492,0.0047168479098126884,2.224865420430433e-05,0.0012094490230083466,0.963873223199016,0.9290515904000601,layer4_1_conv2,,0.0,0.9638732114292027,3,2,1,4,149,shrinkage
20260823-165812,full_s42_fixed_epochs5_pat2_dirichlet_a01_normmatched_lambda075,0.02754532433398187,0.0007587448926642537,0.010251474943744275,0.00010509273852221668,0.01729384832803599,0.0002990771899931133,0.000653652154142037,0.37216751632498757,0.13850866020750988,fc,,0.0,0.3721675284784162,3,2,1,4,149,shrinkage
20260823-165812,full_s42_fixed_epochs5_pat2_dirichlet_a01_normmatched_lambda075,0.13333424298403304,0.017778020352125168,0.1285173010209549,0.01651669666171074,0.0048169382626742354,2.3202894226415083e-05,0.0012613236904144287,0.9638731817478052,0.9290515104926376,layer4_1_conv2,,0.0,0.9638732114292027,3,2,1,5,150,shrinkage
20260823-165812,full_s42_fixed_epochs5_pat2_dirichlet_a01_normmatched_lambda075,0.02767047084749255,0.0007656549569219351,0.010298050645176339,0.00010604984709061682,0.01737242033746963,0.00030180098838172853,0.0006596051098313183,0.3721675247932953,0.1385086665107681,fc,,0.0,0.3721675284784162,3,2,1,5,150,shrinkage
20260823-165812,full_s42_fixed_epochs5_pat2_dirichlet_a01_normmatched_lambda075,0.13354202072088686,0.017833471298217773,0.12871758063253566,0.016568215563893318,0.004824444856851757,2.3275268176803365e-05,0.0012652557343244553,0.9638732433258993,0.9290516291995883,layer4_1_conv2,,0.0,0.9638732114292027,3,2,2,1,151,shrinkage
20260823-165812,full_s42_fixed_epochs5_pat2_dirichlet_a01_normmatched_lambda075,0.027601253598355573,0.0007618292002007365,0.010272289866313929,0.00010551993909757584,0.01732896342562396,0.0003002929734066129,0.0006563092611031607,0.3721675115120833,0.13850865662509668,fc,,0.0,0.3721675284784162,3,2,2,1,151,shrinkage
20260823-165812,full_s42_fixed_epochs5_pat2_dirichlet_a01_normmatched_lambda075,0.13279179804404137,0.01763366162776947,0.12799446271489956,0.016382582485675812,0.00479734184324653,2.3014488760964014e-05,0.0012510791420936584,0.9638732557296141,0.929051653110806,layer4_1_conv2,,0.0,0.9638732114292027,3,2,2,2,152,shrinkage
20260823-165812,full_s42_fixed_epochs5_pat2_dirichlet_a01_normmatched_lambda075,0.027464570970731014,0.0007543026586063206,0.010221421351384105,0.00010447745444253087,0.017243148991338976,0.00029732618713751435,0.0006498252041637897,0.37216752310739065,0.13850866525589017,fc,,0.0,0.3721675284784162,3,2,2,2,152,shrinkage
20260823-165812,full_s42_fixed_epochs5_pat2_dirichlet_a01_normmatched_lambda075,0.12992612217047295,0.01688079722225666,0.12523230186264725,0.0156831294298172,0.004693813894378705,2.2031888875062577e-05,0.0011976677924394608,0.9638731593815518,0.9290514673761744,layer4_1_conv2,,0.0,0.9638732114292027,3,2,2,3,153,shrinkage
20260823-165812,full_s42_fixed_epochs5_pat2_dirichlet_a01_normmatched_lambda075,0.02710459959633886,0.0007346593192778528,0.010087451752166307,0.00010175668285228312,0.017017147727257747,0.00028958331677131355,0.0006329026364255697,0.37216752515793905,0.1385086667821852,fc,,0.0,0.3721675284784162,3,2,2,3,153,shrinkage
20260823-165812,full_s42_fixed_epochs5_pat2_dirichlet_a01_normmatched_lambda075,0.12674254044753633,0.016063671559095383,0.12216373683268589,0.014923978596925735,0.004578801245384195,2.0965420844731852e-05,0.0011396929621696472,0.9638731904956112,0.9290515273561888,layer4_1_conv2,,0.0,0.9638732114292027,3,2,2,4,154,shrinkage
20260823-165812,full_s42_fixed_epochs5_pat2_dirichlet_a01_normmatched_lambda075,0.026625709191313775,0.0007089283899404109,0.009909224472074396,9.819272963795811e-05,0.016716483948006382,0.00027944083558395505,0.0006107356603024527,0.37216753179694184,0.13850867172382775,fc,,0.0,0.3721675284784162,3,2,2,4,154,shrinkage
20260823-165812,full_s42_fixed_epochs5_pat2_dirichlet_a01_normmatched_lambda075,0.12262962000593607,0.015038023702800274,0.11819940621677508,0.013971099629998207,0.0044302149738798926,1.9626804714789614e-05,0.0010669240728020668,0.9638732160391059,0.929051576597569,layer4_1_conv2,,0.0,0.9638732114292027,3,2,2,5,155,shrinkage
20260823-165812,full_s42_fixed_epochs5_pat2_dirichlet_a01_normmatched_lambda075,0.0260508578193959,0.0006786471931263804,0.00969528330804094,9.39985184231773e-05,0.0163555749163611,0.00026750483084470034,0.0005846486747032031,0.3721675261235512,0.13850866750092417,fc,,0.0,0.3721675284784162,3,2,2,5,155,shrinkage
20260823-165812,full_s42_fixed_epochs5_pat2_dirichlet_a01_normmatched_lambda075,0.11845876656288809,0.014032479375600815,0.11417922961142908,0.013036896474659443,0.004279535260986327,1.8314422050025314e-05,0.000995582900941372,0.9638731933850834,0.9290515329263582,layer4_1_conv2,,0.0,0.9638732114292027,3,2,3,1,156,shrinkage
20260823-165812,full_s42_fixed_epochs5_pat2_dirichlet_a01_normmatched_lambda075,0.025461275127878533,0.000648276531137526,0.009475860041628788,8.979192352853715e-05,0.015985415041695702,0.00025553349405527115,0.0005584846076089889,0.37216753654467616,0.1385086752577329,fc,,0.0,0.3721675284784162,3,2,3,1,156,shrinkage
20260823-165812,full_s42_fixed_epochs5_pat2_dirichlet_a01_normmatched_lambda075,0.11446647257001208,0.013102573342621326,0.11033117055261792,0.012172967195510864,0.004135306467260952,1.7100759578170255e-05,0.0009296061471104622,0.963873246684833,0.929051635674761,layer4_1_conv2,,0.0,0.9638732114292027,3,2,3,2,157,shrinkage
20260823-165812,full_s42_fixed_epochs5_pat2_dirichlet_a01_normmatched_lambda075,0.024887594829414106,0.0006193923763930798,0.009262355190903833,8.579122368246317e-05,0.01562524121068498,0.0002441481628920883,0.0005336011527106166,0.3721675499135359,0.13850868520864423,fc,,0.0,0.3721675284784162,3,2,3,2,157,shrinkage
20260823-165812,full_s42_fixed_epochs5_pat2_dirichlet_a01_normmatched_lambda075,0.11020371990186614,0.012144859880208969,0.10622241805202835,0.011283202096819878,0.003981306899717183,1.585080462973565e-05,0.0008616577833890915,0.9638732535219042,0.929051648854901,layer4_1_conv2,,0.0,0.9638732114292027,3,2,3,3,158,shrinkage
20260823-165812,full_s42_fixed_epochs5_pat2_dirichlet_a01_normmatched_lambda075,0.024224435375446517,0.0005868232692591846,0.009015548536265235,8.128011540975422e-05,0.015208887518513965,0.00023131025955080986,0.0005055431538494304,0.37216754060667373,0.13850867828122013,fc,,0.0,0.3721675284784162,3,2,3,3,158,shrinkage
20260823-165812,full_s42_fixed_epochs5_pat2_dirichlet_a01_normmatched_lambda075,0.10569444103334254,0.011171314865350723,0.10187604080148292,0.010378727689385414,0.0038184012073990033,1.4580187780666165e-05,0.0007925871759653091,0.963873216088488,0.9290515766927651,layer4_1_conv2,,0.0,0.9638732114292027,3,2,3,4,159,shrinkage
20260823-165812,full_s42_fixed_epochs5_pat2_dirichlet_a01_normmatched_lambda075,0.02348779705474141,0.0005516766104847193,0.008741395639415374,7.641199772479013e-05,0.014746401954107901,0.0002174563705921173,0.00047526461275992915,0.3721675395543651,0.13850867749794993,fc,,0.0,0.3721675284784162,3,2,3,4,159,shrinkage
20260823-165812,full_s42_fixed_epochs5_pat2_dirichlet_a01_normmatched_lambda075,0.10227203568341525,0.010459569282829762,0.09857727602334464,0.009717479348182678,0.003694760527845742,1.3651255358126946e-05,0.0007420899346470833,0.9638732168047598,0.9290515780735557,layer4_1_conv2,,0.0,0.9638732114292027,3,2,3,5,160,shrinkage
20260823-165812,full_s42_fixed_epochs5_pat2_dirichlet_a01_normmatched_lambda075,0.022825700030554615,0.000521012581884861,0.008494984363194387,7.216475933091715e-05,0.0143307159219698,0.00020536941883619875,0.00044884782255394384,0.3721675283484384,0.13850866915698573,fc,,0.0,0.3721675284784162,3,2,3,5,160,shrinkage
20260823-165812,full_s42_fixed_epochs5_pat2_dirichlet_a01_normmatched_lambda075,0.10768068088293863,0.011595129035413265,0.1040400410951528,0.010824330151081085,0.0036406410544388987,1.3254267287265975e-05,0.00077079888433218,0.9661904089207644,0.9335239062904739,layer4_1_conv2,,0.0,0.9661903952502,4,2,1,1,161,shrinkage
20260823-165812,full_s42_fixed_epochs5_pat2_dirichlet_a01_normmatched_lambda075,0.02375609820158901,0.0005643522017635405,0.009059069143092948,8.206673373933882e-05,0.014697029065924648,0.00021600266336463392,0.0004822854680242017,0.3813365758223293,0.14541758405989916,fc,,0.0,0.38133656860160825,4,2,1,1,161,shrinkage
20260823-165812,full_s42_fixed_epochs5_pat2_dirichlet_a01_normmatched_lambda075,0.11361241440477567,0.012907780706882477,0.109771223706041,0.0120497215539217,0.0038411903702886994,1.4754743460798636e-05,0.0008580591529607773,0.9661903963676949,0.9335238820331634,layer4_1_conv2,,0.0,0.9661903952502,4,2,1,2,162,shrinkage
20260823-165812,full_s42_fixed_epochs5_pat2_dirichlet_a01_normmatched_lambda075,0.024563062891625496,0.0006033440586179495,0.009366794359671225,8.773683657636866e-05,0.01519626922326049,0.00023092659830581397,0.0005156072220415808,0.38133657846329616,0.14541758607409364,fc,,0.0,0.38133656860160825,4,2,1,2,162,shrinkage
20260823-165812,full_s42_fixed_epochs5_pat2_dirichlet_a01_normmatched_lambda075,0.11855207924275393,0.014054595492780209,0.11454388271675241,0.013120301067829132,0.004008198645542018,1.606565638212487e-05,0.0009342944249510765,0.9661904156248992,0.9335239192454154,layer4_1_conv2,,0.0,0.9661903952502,4,2,1,3,163,shrinkage
20260823-165812,full_s42_fixed_epochs5_pat2_dirichlet_a01_normmatched_lambda075,0.025128740235255714,0.0006314535858109593,0.009582508141820663,9.18244622880593e-05,0.015546232294391416,0.00024168533855117857,0.0005396291235229,0.38133659117445007,0.1454175957685497,fc,,0.0,0.38133656860160825,4,2,1,3,163,shrinkage
20260823-165812,full_s42_fixed_epochs5_pat2_dirichlet_a01_normmatched_lambda075,0.12110490132331096,0.014666397124528885,0.11701039202884653,0.01369143184274435,0.004094508468684286,1.676499960012734e-05,0.0009749652817845345,0.9661903915553887,0.9335238727339553,layer4_1_conv2,,0.0,0.9661903952502,4,2,1,4,164,shrinkage
20260823-165812,full_s42_fixed_epochs5_pat2_dirichlet_a01_normmatched_lambda075,0.025384026366878976,0.0006443487945944071,0.009679857263219425,9.369963663630188e-05,0.015704168607066842,0.00024662091163918376,0.0005506491579581052,0.3813365587994221,0.1454175710769851,fc,,0.0,0.38133656860160825,4,2,1,4,164,shrinkage
20260823-165812,full_s42_fixed_epochs5_pat2_dirichlet_a01_normmatched_lambda075,0.12400633401156988,0.015377570874989033,0.11981372958334895,0.014355329796671867,0.0041926048070862155,1.757793506840244e-05,0.0010222410783171654,0.9661904009852451,0.9335238909560288,layer4_1_conv2,,0.0,0.9661903952502,4,2,1,5,165,shrinkage
20260823-165812,full_s42_fixed_epochs5_pat2_dirichlet_a01_normmatched_lambda075,0.02556633785528618,0.0006536376313306391,0.00974937965285278,9.50504036154598e-05,0.01581695761694666,0.000250176148256287,0.0005585872277151793,0.38133657264632315,0.1454175816376445,fc,,0.0,0.38133656860160825,4,2,1,5,165,shrinkage
20260823-165812,full_s42_fixed_epochs5_pat2_dirichlet_a01_normmatched_lambda075,0.12432390896076626,0.015456434339284897,0.12012056795651285,0.014428950846195221,0.004203342025489024,1.7668084183242172e-05,0.001027483493089676,0.9661904050524998,0.9335238988155135,layer4_1_conv2,,0.0,0.9661903952502,4,2,2,1,166,shrinkage
20260823-165812,full_s42_fixed_epochs5_pat2_dirichlet_a01_normmatched_lambda075,0.025480270314354035,0.0006492441752925515,0.009716558872835257,9.441151632927358e-05,0.015763710160883047,0.00024849455803632736,0.0005548326589632779,0.38133656954814715,0.1454175792747489,fc,,0.0,0.38133656860160825,4,2,2,1,166,shrinkage
20260823-165812,full_s42_fixed_epochs5_pat2_dirichlet_a01_normmatched_lambda075,0.12286503919541397,0.015095817856490612,0.1187110174968986,0.014092305675148964,0.004154018129907477,1.7255866623600014e-05,0.001003512181341648,0.9661903685074441,0.9335238281965507,layer4_1_conv2,,0.0,0.9661903952502,4,2,2,2,167,shrinkage
20260823-165812,full_s42_fixed_epochs5_pat2_dirichlet_a01_normmatched_lambda075,0.02529597292184697,0.0006398862460628152,0.009646279517441327,9.305070852860808e-05,0.015649694062345114,0.0002449129242449999,0.0005468355375342071,0.3813365687591434,0.1454175786729969,fc,,0.0,0.38133656860160825,4,2,2,2,167,shrinkage
20260823-165812,full_s42_fixed_epochs5_pat2_dirichlet_a01_normmatched_lambda075,0.11997530473851044,0.014394073747098446,0.11591898685512778,0.013437211513519287,0.0040563171310365916,1.6453708667540923e-05,0.0009568622335791588,0.966190393162797,0.9335238758400801,layer4_1_conv2,,0.0,0.9661903952502,4,2,2,3,168,shrinkage
20260823-165812,full_s42_fixed_epochs5_pat2_dirichlet_a01_normmatched_lambda075,0.024959841433266277,0.000622993684373796,0.009518100063706934,9.059422882273793e-05,0.015441740924840184,0.0002384473627898842,0.000532399455551058,0.3813365597355633,0.14541757179095482,fc,,0.0,0.38133656860160825,4,2,2,3,168,shrinkage
20260823-165812,full_s42_fixed_epochs5_pat2_dirichlet_a01_normmatched_lambda075,0.11677598622922791,0.013636630959808826,0.11282784059153497,0.012730121612548828,0.00394814947328091,1.5587884263368323e-05,0.0009065093472599983,0.966190432081277,0.933523951045405,layer4_1_conv2,,0.0,0.9661903952502,4,2,2,4,169,shrinkage
20260823-165812,full_s42_fixed_epochs5_pat2_dirichlet_a01_normmatched_lambda075,0.0245163206514768,0.0006010499782860279,0.009348970060692031,8.740324119571596e-05,0.015167350979684432,0.0002300485357409343,0.0005136467370903119,0.38133658772034673,0.1454175931341977,fc,,0.0,0.38133656860160825,4,2,2,4,169,shrinkage
20260823-165812,full_s42_fixed_epochs5_pat2_dirichlet_a01_normmatched_lambda075,0.11404461410153496,0.013006174005568027,0.11018881147451282,0.012141574174165726,0.003855803033427419,1.4867217032588087e-05,0.0008645998314023018,0.9661904013845907,0.9335238917277163,layer4_1_conv2,,0.0,0.9661903952502,4,2,2,5,170,shrinkage
20260823-165812,full_s42_fixed_epochs5_pat2_dirichlet_a01_normmatched_lambda075,0.02408775054968549,0.0005802197265438735,0.009185540316256154,8.437415090156719e-05,0.01490221044279547,0.00022207587608136237,0.0004958455756423064,0.381336575920996,0.14541758413514955,fc,,0.0,0.38133656860160825,4,2,2,5,170,shrinkage
20260823-165812,full_s42_fixed_epochs5_pat2_dirichlet_a01_normmatched_lambda075,0.11062358142729893,0.012237576767802238,0.10688344223576408,0.011424070224165916,0.003740139237073485,1.3988641512696631e-05,0.000813506543636322,0.966190398617741,0.9335238863811091,layer4_1_conv2,,0.0,0.9661903952502,4,2,3,1,171,shrinkage
20260823-165812,full_s42_fixed_epochs5_pat2_dirichlet_a01_normmatched_lambda075,0.02357218952895223,0.0005556481191888452,0.008988938099284891,8.080100815277547e-05,0.01458325187342463,0.00021267123520374298,0.0004748471110360697,0.3813365783540959,0.1454175859908095,fc,,0.0,0.38133656860160825,4,2,3,1,171,shrinkage
20260823-165812,full_s42_fixed_epochs5_pat2_dirichlet_a01_normmatched_lambda075,0.10678733333778705,0.011403534561395645,0.1031768942800244,0.010645471513271332,0.0036104372761620227,1.3035257325100247e-05,0.0007580630481243134,0.9661903809664186,0.933523852272033,layer4_1_conv2,,0.0,0.9661903952502,4,2,3,2,172,shrinkage
20260823-165812,full_s42_fixed_epochs5_pat2_dirichlet_a01_normmatched_lambda075,0.023027595643209962,0.0005302701611071825,0.008781263663001944,7.711059151915833e-05,0.014246330532885116,0.0002029579336522147,0.00045315956958802417,0.38133654069052725,0.14541755726581815,fc,,0.0,0.38133656860160825,4,2,3,2,172,shrinkage
20260823-165812,full_s42_fixed_epochs5_pat2_dirichlet_a01_normmatched_lambda075,0.10254110606745707,0.010514678433537483,0.09907423048482208,0.009815703146159649,0.0034668741293143773,1.2019216228509322e-05,0.0006989752873778343,0.9661903824174249,0.9335238550759297,layer4_1_conv2,,0.0,0.9661903952502,4,2,3,3,173,shrinkage
20260823-165812,full_s42_fixed_epochs5_pat2_dirichlet_a01_normmatched_lambda075,0.02241978036171359,0.0005026465514674783,0.008549482541984017,7.309365173568949e-05,0.01387029905904336,0.00019238519598729908,0.0004295528997317888,0.3813365877831714,0.14541759318211242,fc,,0.0,0.38133656860160825,4,2,3,3,173,shrinkage
20260823-165812,full_s42_fixed_epochs5_pat2_dirichlet_a01_normmatched_lambda075,0.09799790698366012,0.0096035897731781,0.09468463579415966,0.00896518025547266,0.003313270182535278,1.0977759302477352e-05,0.0006384095177054405,0.966190388228874,0.9335238663058624,layer4_1_conv2,,0.0,0.9661903952502,4,2,3,4,174,shrinkage
20260823-165812,full_s42_fixed_epochs5_pat2_dirichlet_a01_normmatched_lambda075,0.021798391178339736,0.00047516985796391964,0.00831252382468183,6.909805233590305e-05,0.013485867201008979,0.00018186861416324973,0.0004060718056280166,0.3813365746432554,0.1454175831606511,fc,,0.0,0.38133656860160825,4,2,3,4,174,shrinkage
20260823-165812,full_s42_fixed_epochs5_pat2_dirichlet_a01_normmatched_lambda075,0.09446852727246063,0.008924302645027637,0.09127458153108675,0.008331049233675003,0.0031939434188569945,1.0201274562859908e-05,0.0005932534113526344,0.9661903722478695,0.9335238354244768,layer4_1_conv2,,0.0,0.9661903952502,4,2,3,5,175,shrinkage
20260823-165812,full_s42_fixed_epochs5_pat2_dirichlet_a01_normmatched_lambda075,0.02118299021583027,0.00044871907448396087,0.008077849122569413,6.525164644699544e-05,0.013105141369842336,0.00017174473032355309,0.00038346742803696543,0.3813365837525975,0.14541759010810185,fc,,0.0,0.38133656860160825,4,2,3,5,175,shrinkage
20260823-165812,full_s42_fixed_epochs5_pat2_dirichlet_a01_normmatched_lambda075,0.10015195443825248,0.0100304139778018,0.09687347449362865,0.00938447006046772,0.003278479169668735,1.07484256659518e-05,0.0006459439173340797,0.9672649429258504,0.9356014698133486,layer4_1_conv2,,0.0,0.9672649385404426,5,2,1,1,176,shrinkage
20260823-165812,full_s42_fixed_epochs5_pat2_dirichlet_a01_normmatched_lambda075,0.022185843776956534,0.000492211664095521,0.008427672975776212,7.102567178662866e-05,0.013758170948863897,0.00018928726785816252,0.0004211859923088923,0.3798671378246009,0.1442990423990543,fc,,0.0,0.3798671417387709,5,2,1,1,176,shrinkage
20260823-165812,full_s42_fixed_epochs5_pat2_dirichlet_a01_normmatched_lambda075,0.10586045957903556,0.011206436902284622,0.10239511103810273,0.010484758764505386,0.003465347376333979,1.200863243866479e-05,0.0007216781377792358,0.9672649395750488,0.9356014633311227,layer4_1_conv2,,0.0,0.9672649385404426,5,2,1,2,177,shrinkage
20260823-165812,full_s42_fixed_epochs5_pat2_dirichlet_a01_normmatched_lambda075,0.022979807252001896,0.000528071541339159,0.008729273533720551,7.620021642651409e-05,0.014250534201158026,0.00020307772501837462,0.0004518713249126449,0.3798671345670272,0.14429903992416393,fc,,0.0,0.3798671417387709,5,2,1,2,177,shrinkage
20260823-165812,full_s42_fixed_epochs5_pat2_dirichlet_a01_normmatched_lambda075,0.11088597602204445,0.012295699678361416,0.10725611989804926,0.011503875255584717,0.0036298579647106232,1.3175868843973149e-05,0.0007918244227766991,0.9672649666421878,0.9356015156933126,layer4_1_conv2,,0.0,0.9672649385404426,5,2,1,3,178,shrinkage
20260823-165812,full_s42_fixed_epochs5_pat2_dirichlet_a01_normmatched_lambda075,0.023566652626907138,0.0005553871160373092,0.008952196837693153,8.014182822080329e-05,0.014614455722478199,0.0002135823160642758,0.0004752452878165059,0.37986713596618366,0.14429904098715104,fc,,0.0,0.3798671417387709,5,2,1,3,178,shrinkage
20260823-165812,full_s42_fixed_epochs5_pat2_dirichlet_a01_normmatched_lambda075,0.1146325950139531,0.013140631839632988,0.11088009242165331,0.01229439489543438,0.003752503759093204,1.4081284462008625e-05,0.0008462369441986084,0.9672649599196194,0.9356015026883028,layer4_1_conv2,,0.0,0.9672649385404426,5,2,1,4,179,shrinkage
20260823-165812,full_s42_fixed_epochs5_pat2_dirichlet_a01_normmatched_lambda075,0.02391020598746818,0.0005716979503631592,0.00908270126481087,8.249546226579696e-05,0.014827504510861997,0.00021985489001963288,0.0004892024880973622,0.3798671274338371,0.144299034504835,fc,,0.0,0.3798671417387709,5,2,1,4,179,shrinkage
20260823-165812,full_s42_fixed_epochs5_pat2_dirichlet_a01_normmatched_lambda075,0.1190614280752554,0.014175623655319214,0.11516394725964849,0.0132627347484231,0.003897481768797234,1.5190364138106816e-05,0.0009128889068961143,0.9672649582773069,0.9356014995112003,layer4_1_conv2,,0.0,0.9672649385404426,5,2,1,5,180,shrinkage
20260823-165812,full_s42_fixed_epochs5_pat2_dirichlet_a01_normmatched_lambda075,0.024248743615681533,0.0005880015669390559,0.00921130083781924,8.484806312480941e-05,0.01503744275331352,0.00022612468455918133,0.0005031535038142465,0.37986713801791944,0.14429904254592502,fc,,0.0,0.3798671417387709,5,2,1,5,180,shrinkage
20260823-165812,full_s42_fixed_epochs5_pat2_dirichlet_a01_normmatched_lambda075,0.1187183016268765,0.014094035141170025,0.11483205456770287,0.013186400756239891,0.003886249518741699,1.5102935321920086e-05,0.0009076343849301338,0.9672649708939753,0.935601523918523,layer4_1_conv2,,0.0,0.9672649385404426,5,2,2,1,181,shrinkage
20260823-165812,full_s42_fixed_epochs5_pat2_dirichlet_a01_normmatched_lambda075,0.024199953591471205,0.00058563775382936,0.009192766664932754,8.450695895589888e-05,0.015007185825959017,0.00022521562641486526,0.0005011307948734611,0.3798671195870625,0.14429902854337165,fc,,0.0,0.3798671417387709,5,2,2,1,181,shrinkage
20260823-165812,full_s42_fixed_epochs5_pat2_dirichlet_a01_normmatched_lambda075,0.11699746140707253,0.013688405975699425,0.1131675412608206,0.012806892395019531,0.0038299175845641987,1.4668268704554066e-05,0.0008815135806798935,0.9672649295105098,0.9356014438609714,layer4_1_conv2,,0.0,0.9672649385404426,5,2,2,2,182,shrinkage
20260823-165812,full_s42_fixed_epochs5_pat2_dirichlet_a01_normmatched_lambda075,0.024003533854362248,0.0005761696374975145,0.009118153901246174,8.314073056681082e-05,0.014885380346159445,0.0002215745480498299,0.0004930289069307037,0.3798671460864542,0.14429904867586757,fc,,0.0,0.3798671417387709,5,2,2,2,182,shrinkage
20260823-165812,full_s42_fixed_epochs5_pat2_dirichlet_a01_normmatched_lambda075,0.11434927564443882,0.013075756840407848,0.11060604779703036,0.012233697809278965,0.0037432292763721017,1.4011765415489208e-05,0.0008420590311288834,0.9672649623155658,0.935601507323333,layer4_1_conv2,,0.0,0.9672649385404426,5,2,2,3,183,shrinkage
20260823-165812,full_s42_fixed_epochs5_pat2_dirichlet_a01_normmatched_lambda075,0.023716472051680433,0.0005624710465781391,0.009009108434355617,8.116403478197753e-05,0.014707363836199467,0.0002163065510103479,0.00048130701179616153,0.37986714106229286,0.14429904485883993,fc,,0.0,0.3798671417387709,5,2,2,3,183,shrinkage
20260823-165812,full_s42_fixed_epochs5_pat2_dirichlet_a01_normmatched_lambda075,0.11099695842029557,0.012320324778556824,0.10736346824425688,0.011526914313435555,0.003633490885327179,1.3202256013755687e-05,0.0007934104651212692,0.9672649572767544,0.9356014975756014,layer4_1_conv2,,0.0,0.9672649385404426,5,2,2,4,184,shrinkage
20260823-165812,full_s42_fixed_epochs5_pat2_dirichlet_a01_normmatched_lambda075,0.023323991212196568,0.0005440085660666227,0.008860017708656897,7.849991379771382e-05,0.014463972880898256,0.0002092065114993602,0.0004655086522689089,0.3798671345761707,0.1442990399311106,fc,,0.0,0.3798671417387709,5,2,2,4,184,shrinkage
20260823-165812,full_s42_fixed_epochs5_pat2_dirichlet_a01_normmatched_lambda075,0.10891951935081001,0.011863461695611477,0.10535403476822748,0.011099472641944885,0.0035654858810134906,1.2712689567706548e-05,0.0007639890536665916,0.9672649622048115,0.9356015071090754,layer4_1_conv2,,0.0,0.9672649385404426,5,2,2,5,185,shrinkage
20260823-165812,full_s42_fixed_epochs5_pat2_dirichlet_a01_normmatched_lambda075,0.023032958872452738,0.0005305171944200993,0.0087494645250228,7.655312947463244e-05,0.014283495524675128,0.00020401824440341443,0.0004539640649454668,0.3798671535634573,0.14429905435640322,fc,,0.0,0.3798671417387709,5,2,2,5,185,shrinkage
20260823-165812,full_s42_fixed_epochs5_pat2_dirichlet_a01_normmatched_lambda075,0.10429259873671075,0.010876946151256561,0.10087857684869155,0.010176487267017365,0.003414023519396845,1.165555659099482e-05,0.0007004588842391968,0.9672649648261428,0.935601512180119,layer4_1_conv2,,0.0,0.9672649385404426,5,2,3,1,186,shrinkage
20260823-165812,full_s42_fixed_epochs5_pat2_dirichlet_a01_normmatched_lambda075,0.022471470798988518,0.0005049669998697937,0.008536173395167967,7.286625623237342e-05,0.013935297962610883,0.00019419252930674702,0.00043210074363742024,0.3798671422767839,0.1442990457815304,fc,,0.0,0.3798671417387709,5,2,3,1,186,shrinkage
20260823-165812,full_s42_fixed_epochs5_pat2_dirichlet_a01_normmatched_lambda075,0.10013106184133899,0.010026229545474052,0.09685326416989794,0.009380554780364037,0.0032777951350835455,1.0743940947577357e-05,0.0006456747651100159,0.967264926475714,0.9356014379900687,layer4_1_conv2,,0.0,0.9672649385404426,5,2,3,2,187,shrinkage
20260823-165812,full_s42_fixed_epochs5_pat2_dirichlet_a01_normmatched_lambda075,0.021888015565123636,0.0004790852253790945,0.008314537647569077,6.913153629284352e-05,0.013573477659646898,0.00018423929577693343,0.00040995368908625096,0.37986712970076014,0.14429903622709414,fc,,0.0,0.3798671417387709,5,2,3,2,187,shrinkage
20260823-165812,full_s42_fixed_epochs5_pat2_dirichlet_a01_normmatched_lambda075,0.09538500326401066,0.009098298847675323,0.09226256805575561,0.008512381464242935,0.003122432680243964,9.749585842655506e-06,0.0005859173834323883,0.9672649252879655,0.9356014356923333,layer4_1_conv2,,0.0,0.9672649385404426,5,2,3,3,188,shrinkage
20260823-165812,full_s42_fixed_epochs5_pat2_dirichlet_a01_normmatched_lambda075,0.021275050578599363,0.0004526277771219611,0.008081692522064305,6.531375402119011e-05,0.013193358672626965,0.00017406471306458116,0.000387314023100771,0.37986713555424884,0.14429904067419008,fc,,0.0,0.3798671417387709,5,2,3,3,188,shrinkage
20260823-165812,full_s42_fixed_epochs5_pat2_dirichlet_a01_normmatched_lambda075,0.0910577950587602,0.008291522040963173,0.08807701110017058,0.007757559884339571,0.0029807815045601103,8.885058377927635e-06,0.0005339621566236019,0.9672649227156653,0.9356014307161421,layer4_1_conv2,,0.0,0.9672649385404426,5,2,3,4,189,shrinkage
20260823-165812,full_s42_fixed_epochs5_pat2_dirichlet_a01_normmatched_lambda075,0.020703163011983848,0.0004286209587007761,0.007864451065747922,6.184959056554362e-05,0.012838711476718289,0.00016483251238241792,0.0003667713681352325,0.3798671276072962,0.1442990346366178,fc,,0.0,0.3798671417387709,5,2,3,4,189,shrinkage
20260823-165812,full_s42_fixed_epochs5_pat2_dirichlet_a01_normmatched_lambda075,0.08795634038201257,0.007736317813396454,0.08507708305845303,0.007238110061734915,0.0028792552161580726,8.29011059977347e-06,0.0004982077516615391,0.9672649258591897,0.9356014367973835,layer4_1_conv2,,0.0,0.9672649385404426,5,2,3,5,190,shrinkage
20260823-165812,full_s42_fixed_epochs5_pat2_dirichlet_a01_normmatched_lambda075,0.020147487473952275,0.0004059212515130639,0.007653368001026059,5.8574041759129614e-05,0.01249411892098913,0.0001561030076118186,0.0003473472097539343,0.3798671179679716,0.14429902731329283,fc,,0.0,0.3798671417387709,5,2,3,5,190,shrinkage
20260823-165812,full_s42_fixed_epochs5_pat2_dirichlet_a01_normmatched_lambda075,0.09469547941559664,0.008967233821749687,0.09169171783026393,0.008407371118664742,0.003003761335773536,9.022582162288018e-06,0.0005598627030849457,0.9682797784659827,0.9375657293861325,layer4_1_conv2,,0.0,0.9682797806996105,6,2,1,1,191,shrinkage
20260823-165812,full_s42_fixed_epochs5_pat2_dirichlet_a01_normmatched_lambda075,0.02113758142642868,0.00044679734855890274,0.008084571172677647,6.536029104609042e-05,0.013053010568425127,0.00017038108489941806,0.0003814370575128123,0.3824738038652506,0.14628621064315417,fc,,0.0,0.38247380938098635,6,2,1,1,191,shrinkage
20260823-165812,full_s42_fixed_epochs5_pat2_dirichlet_a01_normmatched_lambda075,0.1009074692296584,0.010182317346334457,0.09770665775148837,0.009546590968966484,0.0032008070650498084,1.0245165867672767e-05,0.0006357263773679733,0.968279736845989,0.9375656487865378,layer4_1_conv2,,0.0,0.9682797806996105,6,2,1,2,192,shrinkage
20260823-165812,full_s42_fixed_epochs5_pat2_dirichlet_a01_normmatched_lambda075,0.02191084671777331,0.0004800852038897574,0.008380324701030653,7.022984209470451e-05,0.013530522020356135,0.00018307502614334226,0.0004098553617950529,0.38247379523826563,0.14628620404396275,fc,,0.0,0.38247380938098635,6,2,1,2,192,shrinkage
20260823-165812,full_s42_fixed_epochs5_pat2_dirichlet_a01_normmatched_lambda075,0.10457774251676702,0.010936504229903221,0.10126051572951739,0.010253692045807838,0.0033172291356733143,1.1004009138559923e-05,0.0006828121840953827,0.9682798011563715,0.9375657733274223,layer4_1_conv2,,0.0,0.9682797806996105,6,2,1,3,193,shrinkage
20260823-165812,full_s42_fixed_epochs5_pat2_dirichlet_a01_normmatched_lambda075,0.02239069892511057,0.0005013433983549476,0.008563855176428251,7.333961548283696e-05,0.013826842661104176,0.0001911815779749304,0.0004280037828721106,0.38247377650297987,0.14628618971245141,fc,,0.0,0.38247380938098635,6,2,1,3,193,shrinkage
20260823-165812,full_s42_fixed_epochs5_pat2_dirichlet_a01_normmatched_lambda075,0.10812506700524696,0.011691030114889145,0.10469531432209365,0.010961108841001987,0.0034297509604883617,1.1763191650970839e-05,0.0007299212738871574,0.9682797636279211,0.9375657006513426,layer4_1_conv2,,0.0,0.9682797806996105,6,2,1,4,194,shrinkage
20260823-165812,full_s42_fixed_epochs5_pat2_dirichlet_a01_normmatched_lambda075,0.02275260698513776,0.0005176811246201396,0.008702275994705563,7.57296074880287e-05,0.014050331165384428,0.00019741180585697293,0.0004419515171321109,0.38247379741538984,0.14628620570934867,fc,,0.0,0.38247380938098635,6,2,1,4,194,shrinkage
20260823-165812,full_s42_fixed_epochs5_pat2_dirichlet_a01_normmatched_lambda075,0.11179715619694969,0.012498604133725166,0.10825092571564215,0.011718262918293476,0.0035462304759334815,1.2575750588439405e-05,0.0007803412154316902,0.9682797791827527,0.9375657307742002,layer4_1_conv2,,0.0,0.9682797806996105,6,2,1,5,195,shrinkage
20260823-165812,full_s42_fixed_epochs5_pat2_dirichlet_a01_normmatched_lambda075,0.022964680312772746,0.0005273765418678522,0.008783388293008653,7.714790990576148e-05,0.014181291903873728,0.00020110904006287456,0.00045022863196209073,0.38247378902650836,0.14628619929229403,fc,,0.0,0.38247380938098635,6,2,1,5,195,shrinkage
20260823-165812,full_s42_fixed_epochs5_pat2_dirichlet_a01_normmatched_lambda075,0.11223861575170567,0.012597506865859032,0.10867837894648165,0.011810990050435066,0.003560233680635106,1.2675263860728592e-05,0.0007865168154239655,0.9682797513014596,0.9375656767804165,layer4_1_conv2,,0.0,0.9682797806996105,6,2,2,1,196,shrinkage
20260823-165812,full_s42_fixed_epochs5_pat2_dirichlet_a01_normmatched_lambda075,0.022952685702991034,0.000526825780980289,0.008778801199654612,7.706735050305724e-05,0.014173885382007954,0.00020089902682229877,0.00044975843047723174,0.3824738121391441,0.1462862169722493,fc,,0.0,0.38247380938098635,6,2,2,1,196,shrinkage
20260823-165812,full_s42_fixed_epochs5_pat2_dirichlet_a01_normmatched_lambda075,0.11040126896356547,0.012188440188765526,0.10689931694649792,0.011427463963627815,0.0035019526029689855,1.2263672033441253e-05,0.0007609762251377106,0.9682797847348723,0.9375657415262105,layer4_1_conv2,,0.0,0.9682797806996105,6,2,2,2,197,shrinkage
20260823-165812,full_s42_fixed_epochs5_pat2_dirichlet_a01_normmatched_lambda075,0.02279940107026478,0.0005198126891627908,0.008720173503293507,7.604142592754215e-05,0.014079227490803573,0.00019822464673779905,0.0004437712632352486,0.38247379729051084,0.14628620561382277,fc,,0.0,0.38247380938098635,6,2,2,2,197,shrinkage
20260823-165812,full_s42_fixed_epochs5_pat2_dirichlet_a01_normmatched_lambda075,0.1077008526206912,0.011599473655223846,0.10428455258559201,0.010875267907977104,0.0034162948865134085,1.1671070751617663e-05,0.0007242057472467422,0.968279730828771,0.9375656371338371,layer4_1_conv2,,0.0,0.9682797806996105,6,2,2,3,198,shrinkage
20260823-165812,full_s42_fixed_epochs5_pat2_dirichlet_a01_normmatched_lambda075,0.02244707903199032,0.0005038713570684195,0.008585419227069546,7.370942330453545e-05,0.01386165878064919,0.0001921455841511488,0.000430161933763884,0.38247378266161436,0.1462861944234838,fc,,0.0,0.38247380938098635,6,2,2,3,198,shrinkage
20260823-165812,full_s42_fixed_epochs5_pat2_dirichlet_a01_normmatched_lambda075,0.10344997159389163,0.010701896622776985,0.10016851010916557,0.010033730417490005,0.0032814558533064047,1.0767952517198864e-05,0.0006681662052869797,0.9682797256087422,0.9375656270249413,layer4_1_conv2,,0.0,0.9682797806996105,6,2,2,4,199,shrinkage
20260823-165812,full_s42_fixed_epochs5_pat2_dirichlet_a01_normmatched_lambda075,0.0220628753828913,0.00048677047016099095,0.0084384716363585,7.12078035576269e-05,0.01362440369969269,0.00018562437617219985,0.00041556266660336405,0.382473793189356,0.14628620247665425,fc,,0.0,0.38247380938098635,6,2,2,4,199,shrinkage
20260823-165812,full_s42_fixed_epochs5_pat2_dirichlet_a01_normmatched_lambda075,0.10040703854546541,0.010081573389470577,0.09722210703381269,0.009452138096094131,0.0031849335587521245,1.0143801773665473e-05,0.0006294352933764458,0.9682797983309651,0.9375657678558545,layer4_1_conv2,,0.0,0.9682797806996105,6,2,2,5,200,shrinkage
20260823-165812,full_s42_fixed_epochs5_pat2_dirichlet_a01_normmatched_lambda075,0.021694389611932714,0.0004706465406343341,0.008297535668508823,6.884909817017615e-05,0.013396854547803835,0.00017947571177501231,0.00040179744246415794,0.3824738016111259,0.14628620891886684,fc,,0.0,0.38247380938098635,6,2,2,5,200,shrinkage
20260823-165812,full_s42_fixed_epochs5_pat2_dirichlet_a01_normmatched_lambda075,0.09659874060859536,0.00933131668716669,0.09353460960523172,0.008748723194003105,0.0030641334656369536,9.388913895236328e-06,0.0005825934931635857,0.968279803814637,0.9375657784753118,layer4_1_conv2,,0.0,0.9682797806996105,6,2,3,1,201,shrinkage
20260823-165812,full_s42_fixed_epochs5_pat2_dirichlet_a01_normmatched_lambda075,0.02125321052163096,0.0004516989574767649,0.008128795858985079,6.607732211705297e-05,0.013124414246231004,0.00017225024930667132,0.00038562163535971195,0.382473784405975,0.14628619575782825,fc,,0.0,0.38247380938098635,6,2,3,1,201,shrinkage
20260823-165812,full_s42_fixed_epochs5_pat2_dirichlet_a01_normmatched_lambda075,0.09286188627503146,0.008623329922556877,0.08991628807635295,0.008084938861429691,0.0029455997058393545,8.676557627040893e-06,0.0005383910611271858,0.9682797936070946,0.9375657587077976,layer4_1_conv2,,0.0,0.9682797806996105,6,2,3,2,202,shrinkage
20260823-165812,full_s42_fixed_epochs5_pat2_dirichlet_a01_normmatched_lambda075,0.02078055346323717,0.0004318314022384584,0.007948017646168955,6.317098450381309e-05,0.012832536708298765,0.00016467399836983532,0.0003686604177346453,0.38247381910350825,0.1462862222996231,fc,,0.0,0.38247380938098635,6,2,3,2,202,shrinkage
20260823-165812,full_s42_fixed_epochs5_pat2_dirichlet_a01_normmatched_lambda075,0.08897932544008733,0.007917320355772972,0.08615688476321748,0.007423008792102337,0.002822444051484145,7.966190423758235e-06,0.0004943115636706352,0.9682798148568761,0.9375657998592662,layer4_1_conv2,,0.0,0.9682797806996105,6,2,3,3,203,shrinkage
20260823-165812,full_s42_fixed_epochs5_pat2_dirichlet_a01_normmatched_lambda075,0.020189772425681554,0.00040762691060081124,0.007722058706237218,5.963019066257402e-05,0.012467712864019388,0.0001554438640596345,0.0003479967199382372,0.38247378640160884,0.1462861972843835,fc,,0.0,0.38247380938098635,6,2,3,3,203,shrinkage
20260823-165812,full_s42_fixed_epochs5_pat2_dirichlet_a01_normmatched_lambda075,0.08497523593068794,0.007220790721476078,0.08227980514138654,0.006769966334104538,0.0026954332085804625,7.265360181918368e-06,0.00045082438737154007,0.9682798081137428,0.9375657868007865,layer4_1_conv2,,0.0,0.9682797806996105,6,2,3,4,204,shrinkage
20260823-165812,full_s42_fixed_epochs5_pat2_dirichlet_a01_normmatched_lambda075,0.019638635053462597,0.0003856759867630899,0.0075112631493519395,5.6419074098812416e-05,0.01212737138703151,0.00014707313675899059,0.0003292569126642775,0.3824737884737864,0.14628619886949065,fc,,0.0,0.38247380938098635,6,2,3,4,204,shrinkage
20260823-165812,full_s42_fixed_epochs5_pat2_dirichlet_a01_normmatched_lambda075,0.08261319775337922,0.00682494044303894,0.07999269068377417,0.006398830562829971,0.002620508917397602,6.867066986160353e-06,0.0004261098802089691,0.9682798010382323,0.9375657730986389,layer4_1_conv2,,0.0,0.9682797806996105,6,2,3,5,205,shrinkage
20260823-165812,full_s42_fixed_epochs5_pat2_dirichlet_a01_normmatched_lambda075,0.01912153219893192,0.0003656329936347902,0.007313485028981114,5.3487063269130886e-05,0.011808047091536118,0.00013942997611593455,0.0003121459303656593,0.38247379722999536,0.14628620556753158,fc,,0.0,0.38247380938098635,6,2,3,5,205,shrinkage
20260823-165812,full_s42_fixed_epochs5_pat2_dirichlet_a01_normmatched_lambda075,0.15355320875668357,0.023578587919473648,0.15355320875668357,0.023578587919473648,0.0,0.0,0.0,1.0,1.0,layer4_1_conv2,,0.0,1.0,0,3,1,1,1,shrinkage
20260823-165812,full_s42_fixed_epochs5_pat2_dirichlet_a01_normmatched_lambda075,0.022627351372103137,0.0005119970301166177,0.022627351372103137,0.0005119970301166177,0.0,0.0,0.0,1.0,1.0,fc,,0.0,1.0,0,3,1,1,1,shrinkage
20260823-165812,full_s42_fixed_epochs5_pat2_dirichlet_a01_normmatched_lambda075,0.12616626000680017,0.015917925164103508,0.12616626000680017,0.015917925164103508,0.0,0.0,0.0,1.0,1.0,layer4_1_conv2,,0.0,1.0,0,3,1,2,2,shrinkage
20260823-165812,full_s42_fixed_epochs5_pat2_dirichlet_a01_normmatched_lambda075,0.021941145183371084,0.0004814138519577682,0.021941145183371084,0.0004814138519577682,0.0,0.0,0.0,1.0,1.0,fc,,0.0,1.0,0,3,1,2,2,shrinkage
20260823-165812,full_s42_fixed_epochs5_pat2_dirichlet_a01_normmatched_lambda075,0.11522225542506688,0.013276168145239353,0.11522225542506688,0.013276168145239353,0.0,0.0,0.0,1.0,1.0,layer4_1_conv2,,0.0,1.0,0,3,1,3,3,shrinkage
20260823-165812,full_s42_fixed_epochs5_pat2_dirichlet_a01_normmatched_lambda075,0.02157411608178573,0.00046544248471036553,0.02157411608178573,0.00046544248471036553,0.0,0.0,0.0,1.0,1.0,fc,,0.0,1.0,0,3,1,3,3,shrinkage
20260823-165812,full_s42_fixed_epochs5_pat2_dirichlet_a01_normmatched_lambda075,0.10957598527037371,0.012006896547973156,0.10957598527037371,0.012006896547973156,0.0,0.0,0.0,1.0,1.0,layer4_1_conv2,,0.0,1.0,0,3,1,4,4,shrinkage
20260823-165812,full_s42_fixed_epochs5_pat2_dirichlet_a01_normmatched_lambda075,0.021236434410258673,0.0004509861464612186,0.021236434410258673,0.0004509861464612186,0.0,0.0,0.0,1.0,1.0,fc,,0.0,1.0,0,3,1,4,4,shrinkage
20260823-165812,full_s42_fixed_epochs5_pat2_dirichlet_a01_normmatched_lambda075,0.1055225835387028,0.01113501563668251,0.1055225835387028,0.01113501563668251,0.0,0.0,0.0,1.0,1.0,layer4_1_conv2,,0.0,1.0,0,3,1,5,5,shrinkage
20260823-165812,full_s42_fixed_epochs5_pat2_dirichlet_a01_normmatched_lambda075,0.021032146478280764,0.000442351185483858,0.021032146478280764,0.000442351185483858,0.0,0.0,0.0,1.0,1.0,fc,,0.0,1.0,0,3,1,5,5,shrinkage
20260823-165812,full_s42_fixed_epochs5_pat2_dirichlet_a01_normmatched_lambda075,0.10271690024221129,0.010550761595368385,0.10271690024221129,0.010550761595368385,0.0,0.0,0.0,1.0,1.0,layer4_1_conv2,,0.0,1.0,0,3,1,6,6,shrinkage
20260823-165812,full_s42_fixed_epochs5_pat2_dirichlet_a01_normmatched_lambda075,0.020814272625580717,0.00043323394493199885,0.020814272625580717,0.00043323394493199885,0.0,0.0,0.0,1.0,1.0,fc,,0.0,1.0,0,3,1,6,6,shrinkage
20260823-165812,full_s42_fixed_epochs5_pat2_dirichlet_a01_normmatched_lambda075,0.10041535829826749,0.010083244182169437,0.10041535829826749,0.010083244182169437,0.0,0.0,0.0,1.0,1.0,layer4_1_conv2,,0.0,1.0,0,3,1,7,7,shrinkage
20260823-165812,full_s42_fixed_epochs5_pat2_dirichlet_a01_normmatched_lambda075,0.020711248109908317,0.0004289557982701808,0.020711248109908317,0.0004289557982701808,0.0,0.0,0.0,1.0,1.0,fc,,0.0,1.0,0,3,1,7,7,shrinkage
20260823-165812,full_s42_fixed_epochs5_pat2_dirichlet_a01_normmatched_lambda075,0.0991183454386227,0.009824446402490139,0.0991183454386227,0.009824446402490139,0.0,0.0,0.0,1.0,1.0,layer4_1_conv2,,0.0,1.0,0,3,1,8,8,shrinkage
20260823-165812,full_s42_fixed_epochs5_pat2_dirichlet_a01_normmatched_lambda075,0.020593862858327,0.00042410718742758036,0.020593862858327,0.00042410718742758036,0.0,0.0,0.0,1.0,1.0,fc,,0.0,1.0,0,3,1,8,8,shrinkage
20260823-165812,full_s42_fixed_epochs5_pat2_dirichlet_a01_normmatched_lambda075,0.09796384529144327,0.009596914984285831,0.09796384529144327,0.009596914984285831,0.0,0.0,0.0,1.0,1.0,layer4_1_conv2,,0.0,1.0,0,3,1,9,9,shrinkage
20260823-165812,full_s42_fixed_epochs5_pat2_dirichlet_a01_normmatched_lambda075,0.020358981768030204,0.0004144881386309862,0.020358981768030204,0.0004144881386309862,0.0,0.0,0.0,1.0,1.0,fc,,0.0,1.0,0,3,1,9,9,shrinkage
20260823-165812,full_s42_fixed_epochs5_pat2_dirichlet_a01_normmatched_lambda075,0.09683970492883393,0.009377928450703621,0.09683970492883393,0.009377928450703621,0.0,0.0,0.0,1.0,1.0,layer4_1_conv2,,0.0,1.0,0,3,1,10,10,shrinkage
20260823-165812,full_s42_fixed_epochs5_pat2_dirichlet_a01_normmatched_lambda075,0.02015823919762251,0.00040635460754856467,0.02015823919762251,0.00040635460754856467,0.0,0.0,0.0,1.0,1.0,fc,,0.0,1.0,0,3,1,10,10,shrinkage
20260823-165812,full_s42_fixed_epochs5_pat2_dirichlet_a01_normmatched_lambda075,0.0965235875636825,0.009316802956163883,0.0965235875636825,0.009316802956163883,0.0,0.0,0.0,1.0,1.0,layer4_1_conv2,,0.0,1.0,0,3,1,11,11,shrinkage
20260823-165812,full_s42_fixed_epochs5_pat2_dirichlet_a01_normmatched_lambda075,0.019988154618535117,0.0003995263250544667,0.019988154618535117,0.0003995263250544667,0.0,0.0,0.0,1.0,1.0,fc,,0.0,1.0,0,3,1,11,11,shrinkage
20260823-165812,full_s42_fixed_epochs5_pat2_dirichlet_a01_normmatched_lambda075,0.09630970530505759,0.009275559335947037,0.09630970530505759,0.009275559335947037,0.0,0.0,0.0,1.0,1.0,layer4_1_conv2,,0.0,1.0,0,3,1,12,12,shrinkage
20260823-165812,full_s42_fixed_epochs5_pat2_dirichlet_a01_normmatched_lambda075,0.019817991494232152,0.0003927527868654579,0.019817991494232152,0.0003927527868654579,0.0,0.0,0.0,1.0,1.0,fc,,0.0,1.0,0,3,1,12,12,shrinkage
20260823-165812,full_s42_fixed_epochs5_pat2_dirichlet_a01_normmatched_lambda075,0.09583290214890768,0.009183945134282112,0.09583290214890768,0.009183945134282112,0.0,0.0,0.0,1.0,1.0,layer4_1_conv2,,0.0,1.0,0,3,1,13,13,shrinkage
20260823-165812,full_s42_fixed_epochs5_pat2_dirichlet_a01_normmatched_lambda075,0.019621521239016247,0.00038500409573316574,0.019621521239016247,0.00038500409573316574,0.0,0.0,0.0,1.0,1.0,fc,,0.0,1.0,0,3,1,13,13,shrinkage
20260823-165812,full_s42_fixed_epochs5_pat2_dirichlet_a01_normmatched_lambda075,0.09537700147297318,0.009096772409975529,0.09537700147297318,0.009096772409975529,0.0,0.0,0.0,1.0,1.0,layer4_1_conv2,,0.0,1.0,0,3,1,14,14,shrinkage
20260823-165812,full_s42_fixed_epochs5_pat2_dirichlet_a01_normmatched_lambda075,0.019404851682820624,0.00037654826883226633,0.019404851682820624,0.00037654826883226633,0.0,0.0,0.0,1.0,1.0,fc,,0.0,1.0,0,3,1,14,14,shrinkage
20260823-165812,full_s42_fixed_epochs5_pat2_dirichlet_a01_normmatched_lambda075,0.09478788259135477,0.008984742686152458,0.09478788259135477,0.008984742686152458,0.0,0.0,0.0,1.0,1.0,layer4_1_conv2,,0.0,1.0,0,3,1,15,15,shrinkage
20260823-165812,full_s42_fixed_epochs5_pat2_dirichlet_a01_normmatched_lambda075,0.01910298622028831,0.00036492408253252506,0.01910298622028831,0.00036492408253252506,0.0,0.0,0.0,1.0,1.0,fc,,0.0,1.0,0,3,1,15,15,shrinkage
20260823-165812,full_s42_fixed_epochs5_pat2_dirichlet_a01_normmatched_lambda075,0.09475857891672633,0.008979188278317451,0.09475857891672633,0.008979188278317451,0.0,0.0,0.0,1.0,1.0,layer4_1_conv2,,0.0,1.0,0,3,1,16,16,shrinkage
20260823-165812,full_s42_fixed_epochs5_pat2_dirichlet_a01_normmatched_lambda075,0.018758754313254692,0.0003518908633850515,0.018758754313254692,0.0003518908633850515,0.0,0.0,0.0,1.0,1.0,fc,,0.0,1.0,0,3,1,16,16,shrinkage
20260823-165812,full_s42_fixed_epochs5_pat2_dirichlet_a01_normmatched_lambda075,0.09437646765230881,0.00890691764652729,0.09437646765230881,0.00890691764652729,0.0,0.0,0.0,1.0,1.0,layer4_1_conv2,,0.0,1.0,0,3,1,17,17,shrinkage
20260823-165812,full_s42_fixed_epochs5_pat2_dirichlet_a01_normmatched_lambda075,0.018453597135322016,0.00034053524723276496,0.018453597135322016,0.00034053524723276496,0.0,0.0,0.0,1.0,1.0,fc,,0.0,1.0,0,3,1,17,17,shrinkage
20260823-165812,full_s42_fixed_epochs5_pat2_dirichlet_a01_normmatched_lambda075,0.09396496604859142,0.00882941484451294,0.09396496604859142,0.00882941484451294,0.0,0.0,0.0,1.0,1.0,layer4_1_conv2,,0.0,1.0,0,3,1,18,18,shrinkage
20260823-165812,full_s42_fixed_epochs5_pat2_dirichlet_a01_normmatched_lambda075,0.018106272407244394,0.00032783710048533976,0.018106272407244394,0.00032783710048533976,0.0,0.0,0.0,1.0,1.0,fc,,0.0,1.0,0,3,1,18,18,shrinkage
20260823-165812,full_s42_fixed_epochs5_pat2_dirichlet_a01_normmatched_lambda075,0.09336486325432512,0.008716997690498829,0.09336486325432512,0.008716997690498829,0.0,0.0,0.0,1.0,1.0,layer4_1_conv2,,0.0,1.0,0,3,1,19,19,shrinkage
20260823-165812,full_s42_fixed_epochs5_pat2_dirichlet_a01_normmatched_lambda075,0.017728037968887507,0.00031428333022631705,0.017728037968887507,0.00031428333022631705,0.0,0.0,0.0,1.0,1.0,fc,,0.0,1.0,0,3,1,19,19,shrinkage
20260823-165812,full_s42_fixed_epochs5_pat2_dirichlet_a01_normmatched_lambda075,0.09291223382942496,0.00863268319517374,0.09291223382942496,0.00863268319517374,0.0,0.0,0.0,1.0,1.0,layer4_1_conv2,,0.0,1.0,0,3,1,20,20,shrinkage
20260823-165812,full_s42_fixed_epochs5_pat2_dirichlet_a01_normmatched_lambda075,0.01737591380211595,0.00030192238045856357,0.01737591380211595,0.00030192238045856357,0.0,0.0,0.0,1.0,1.0,fc,,0.0,1.0,0,3,1,20,20,shrinkage
20260823-165812,full_s42_fixed_epochs5_pat2_dirichlet_a01_normmatched_lambda075,0.09249398153933251,0.008555136620998383,0.09249398153933251,0.008555136620998383,0.0,0.0,0.0,1.0,1.0,layer4_1_conv2,,0.0,1.0,0,3,1,21,21,shrinkage
20260823-165812,full_s42_fixed_epochs5_pat2_dirichlet_a01_normmatched_lambda075,0.016972664601507207,0.0002880713436752558,0.016972664601507207,0.0002880713436752558,0.0,0.0,0.0,1.0,1.0,fc,,0.0,1.0,0,3,1,21,21,shrinkage
20260823-165812,full_s42_fixed_epochs5_pat2_dirichlet_a01_normmatched_lambda075,0.0893063540529687,0.0079756248742342,0.0893063540529687,0.0079756248742342,0.0,0.0,0.0,1.0,1.0,layer4_1_conv2,,0.0,1.0,0,3,1,22,22,shrinkage
20260823-165812,full_s42_fixed_epochs5_pat2_dirichlet_a01_normmatched_lambda075,0.016353814951504647,0.0002674472634680569,0.016353814951504647,0.0002674472634680569,0.0,0.0,0.0,1.0,1.0,fc,,0.0,1.0,0,3,1,22,22,shrinkage
20260823-165812,full_s42_fixed_epochs5_pat2_dirichlet_a01_normmatched_lambda075,0.08775560816751608,0.0077010467648506165,0.08775560816751608,0.0077010467648506165,0.0,0.0,0.0,1.0,1.0,layer4_1_conv2,,0.0,1.0,0,3,2,1,23,shrinkage
20260823-165812,full_s42_fixed_epochs5_pat2_dirichlet_a01_normmatched_lambda075,0.015933115092408447,0.0002538641565479338,0.015933115092408447,0.0002538641565479338,0.0,0.0,0.0,1.0,1.0,fc,,0.0,1.0,0,3,2,1,23,shrinkage
20260823-165812,full_s42_fixed_epochs5_pat2_dirichlet_a01_normmatched_lambda075,0.08592694120130986,0.007383439224213362,0.08592694120130986,0.007383439224213362,0.0,0.0,0.0,1.0,1.0,layer4_1_conv2,,0.0,1.0,0,3,2,2,24,shrinkage
20260823-165812,full_s42_fixed_epochs5_pat2_dirichlet_a01_normmatched_lambda075,0.01560436596244325,0.00024349623708985746,0.01560436596244325,0.00024349623708985746,0.0,0.0,0.0,1.0,1.0,fc,,0.0,1.0,0,3,2,2,24,shrinkage
20260823-165812,full_s42_fixed_epochs5_pat2_dirichlet_a01_normmatched_lambda075,0.08471028305648075,0.00717583205550909,0.08471028305648075,0.00717583205550909,0.0,0.0,0.0,1.0,1.0,layer4_1_conv2,,0.0,1.0,0,3,2,3,25,shrinkage
20260823-165812,full_s42_fixed_epochs5_pat2_dirichlet_a01_normmatched_lambda075,0.015262716741508404,0.00023295052233152092,0.015262716741508404,0.00023295052233152092,0.0,0.0,0.0,1.0,1.0,fc,,0.0,1.0,0,3,2,3,25,shrinkage
20260823-165812,full_s42_fixed_epochs5_pat2_dirichlet_a01_normmatched_lambda075,0.08345967608420495,0.006965517532080412,0.08345967608420495,0.006965517532080412,0.0,0.0,0.0,1.0,1.0,layer4_1_conv2,,0.0,1.0,0,3,2,4,26,shrinkage
20260823-165812,full_s42_fixed_epochs5_pat2_dirichlet_a01_normmatched_lambda075,0.014941340879534167,0.0002232436672784388,0.014941340879534167,0.0002232436672784388,0.0,0.0,0.0,1.0,1.0,fc,,0.0,1.0,0,3,2,4,26,shrinkage
20260823-165812,full_s42_fixed_epochs5_pat2_dirichlet_a01_normmatched_lambda075,0.08204760842475874,0.006731810048222542,0.08204760842475874,0.006731810048222542,0.0,0.0,0.0,1.0,1.0,layer4_1_conv2,,0.0,1.0,0,3,2,5,27,shrinkage
20260823-165812,full_s42_fixed_epochs5_pat2_dirichlet_a01_normmatched_lambda075,0.014587619811795294,0.00021279865177348256,0.014587619811795294,0.00021279865177348256,0.0,0.0,0.0,1.0,1.0,fc,,0.0,1.0,0,3,2,5,27,shrinkage
20260823-165812,full_s42_fixed_epochs5_pat2_dirichlet_a01_normmatched_lambda075,0.0807604793098299,0.006522255018353462,0.0807604793098299,0.006522255018353462,0.0,0.0,0.0,1.0,1.0,layer4_1_conv2,,0.0,1.0,0,3,2,6,28,shrinkage
20260823-165812,full_s42_fixed_epochs5_pat2_dirichlet_a01_normmatched_lambda075,0.01420298165669593,0.00020172468794044107,0.01420298165669593,0.00020172468794044107,0.0,0.0,0.0,1.0,1.0,fc,,0.0,1.0,0,3,2,6,28,shrinkage
20260823-165812,full_s42_fixed_epochs5_pat2_dirichlet_a01_normmatched_lambda075,0.0793625153556571,0.006298408843576908,0.0793625153556571,0.006298408843576908,0.0,0.0,0.0,1.0,1.0,layer4_1_conv2,,0.0,1.0,0,3,2,7,29,shrinkage
20260823-165812,full_s42_fixed_epochs5_pat2_dirichlet_a01_normmatched_lambda075,0.013842180826396197,0.0001916059700306505,0.013842180826396197,0.0001916059700306505,0.0,0.0,0.0,1.0,1.0,fc,,0.0,1.0,0,3,2,7,29,shrinkage
20260823-165812,full_s42_fixed_epochs5_pat2_dirichlet_a01_normmatched_lambda075,0.07835692907720536,0.006139808334410191,0.07835692907720536,0.006139808334410191,0.0,0.0,0.0,1.0,1.0,layer4_1_conv2,,0.0,1.0,0,3,2,8,30,shrinkage
20260823-165812,full_s42_fixed_epochs5_pat2_dirichlet_a01_normmatched_lambda075,0.01355786019655439,0.00018381557310931385,0.01355786019655439,0.00018381557310931385,0.0,0.0,0.0,1.0,1.0,fc,,0.0,1.0,0,3,2,8,30,shrinkage
20260823-165812,full_s42_fixed_epochs5_pat2_dirichlet_a01_normmatched_lambda075,0.07714042742709487,0.0059506455436348915,0.07714042742709487,0.0059506455436348915,0.0,0.0,0.0,1.0,1.0,layer4_1_conv2,,0.0,1.0,0,3,2,9,31,shrinkage
20260823-165812,full_s42_fixed_epochs5_pat2_dirichlet_a01_normmatched_lambda075,0.01329800785782038,0.00017683701298665255,0.01329800785782038,0.00017683701298665255,0.0,0.0,0.0,1.0,1.0,fc,,0.0,1.0,0,3,2,9,31,shrinkage
20260823-165812,full_s42_fixed_epochs5_pat2_dirichlet_a01_normmatched_lambda075,0.07598156262887518,0.0057731978595256805,0.07598156262887518,0.0057731978595256805,0.0,0.0,0.0,1.0,1.0,layer4_1_conv2,,0.0,1.0,0,3,2,10,32,shrinkage
20260823-165812,full_s42_fixed_epochs5_pat2_dirichlet_a01_normmatched_lambda075,0.01299198750269146,0.00016879173927009106,0.01299198750269146,0.00016879173927009106,0.0,0.0,0.0,1.0,1.0,fc,,0.0,1.0,0,3,2,10,32,shrinkage
20260823-165812,full_s42_fixed_epochs5_pat2_dirichlet_a01_normmatched_lambda075,0.07488464298010904,0.005607709754258394,0.07488464298010904,0.005607709754258394,0.0,0.0,0.0,1.0,1.0,layer4_1_conv2,,0.0,1.0,0,3,2,11,33,shrinkage
20260823-165812,full_s42_fixed_epochs5_pat2_dirichlet_a01_normmatched_lambda075,0.01270725646649062,0.0001614743669051677,0.01270725646649062,0.0001614743669051677,0.0,0.0,0.0,1.0,1.0,fc,,0.0,1.0,0,3,2,11,33,shrinkage
20260823-165812,full_s42_fixed_epochs5_pat2_dirichlet_a01_normmatched_lambda075,0.07394116970937135,0.005467296577990055,0.07394116970937135,0.005467296577990055,0.0,0.0,0.0,1.0,1.0,layer4_1_conv2,,0.0,1.0,0,3,2,12,34,shrinkage
20260823-165812,full_s42_fixed_epochs5_pat2_dirichlet_a01_normmatched_lambda075,0.0124575572844052,0.00015519073349423707,0.0124575572844052,0.00015519073349423707,0.0,0.0,0.0,1.0,1.0,fc,,0.0,1.0,0,3,2,12,34,shrinkage
20260823-165812,full_s42_fixed_epochs5_pat2_dirichlet_a01_normmatched_lambda075,0.07336096351577412,0.005381830967962742,0.07336096351577412,0.005381830967962742,0.0,0.0,0.0,1.0,1.0,layer4_1_conv2,,0.0,1.0,0,3,2,13,35,shrinkage
20260823-165812,full_s42_fixed_epochs5_pat2_dirichlet_a01_normmatched_lambda075,0.012234410337738727,0.00014968079631216824,0.012234410337738727,0.00014968079631216824,0.0,0.0,0.0,1.0,1.0,fc,,0.0,1.0,0,3,2,13,35,shrinkage
20260823-165812,full_s42_fixed_epochs5_pat2_dirichlet_a01_normmatched_lambda075,0.07277518799601738,0.005296227987855673,0.07277518799601738,0.005296227987855673,0.0,0.0,0.0,1.0,1.0,layer4_1_conv2,,0.0,1.0,0,3,2,14,36,shrinkage
20260823-165812,full_s42_fixed_epochs5_pat2_dirichlet_a01_normmatched_lambda075,0.012047615411153463,0.00014514503709506243,0.012047615411153463,0.00014514503709506243,0.0,0.0,0.0,1.0,1.0,fc,,0.0,1.0,0,3,2,14,36,shrinkage
20260823-165812,full_s42_fixed_epochs5_pat2_dirichlet_a01_normmatched_lambda075,0.07219140326590393,0.005211598705500364,0.07219140326590393,0.005211598705500364,0.0,0.0,0.0,1.0,1.0,layer4_1_conv2,,0.0,1.0,0,3,2,15,37,shrinkage
20260823-165812,full_s42_fixed_epochs5_pat2_dirichlet_a01_normmatched_lambda075,0.011831055872212979,0.00013997388305142522,0.011831055872212979,0.00013997388305142522,0.0,0.0,0.0,1.0,1.0,fc,,0.0,1.0,0,3,2,15,37,shrinkage
20260823-165812,full_s42_fixed_epochs5_pat2_dirichlet_a01_normmatched_lambda075,0.07137199046400658,0.005093961022794247,0.07137199046400658,0.005093961022794247,0.0,0.0,0.0,1.0,1.0,layer4_1_conv2,,0.0,1.0,0,3,2,16,38,shrinkage
20260823-165812,full_s42_fixed_epochs5_pat2_dirichlet_a01_normmatched_lambda075,0.011518797859755719,0.00013268270413391292,0.011518797859755719,0.00013268270413391292,0.0,0.0,0.0,1.0,1.0,fc,,0.0,1.0,0,3,2,16,38,shrinkage
20260823-165812,full_s42_fixed_epochs5_pat2_dirichlet_a01_normmatched_lambda075,0.07073718536192045,0.005003749392926693,0.07073718536192045,0.005003749392926693,0.0,0.0,0.0,1.0,1.0,layer4_1_conv2,,0.0,1.0,0,3,2,17,39,shrinkage
20260823-165812,full_s42_fixed_epochs5_pat2_dirichlet_a01_normmatched_lambda075,0.011299157770453622,0.00012767096632160246,0.011299157770453622,0.00012767096632160246,0.0,0.0,0.0,1.0,1.0,fc,,0.0,1.0,0,3,2,17,39,shrinkage
20260823-165812,full_s42_fixed_epochs5_pat2_dirichlet_a01_normmatched_lambda075,0.07005917425795162,0.004908287897706032,0.07005917425795162,0.004908287897706032,0.0,0.0,0.0,1.0,1.0,layer4_1_conv2,,0.0,1.0,0,3,2,18,40,shrinkage
20260823-165812,full_s42_fixed_epochs5_pat2_dirichlet_a01_normmatched_lambda075,0.011109266928373144,0.00012341581168584526,0.011109266928373144,0.00012341581168584526,0.0,0.0,0.0,1.0,1.0,fc,,0.0,1.0,0,3,2,18,40,shrinkage
20260823-165812,full_s42_fixed_epochs5_pat2_dirichlet_a01_normmatched_lambda075,0.06918680243842597,0.004786813631653786,0.06918680243842597,0.004786813631653786,0.0,0.0,0.0,1.0,1.0,layer4_1_conv2,,0.0,1.0,0,3,2,19,41,shrinkage
20260823-165812,full_s42_fixed_epochs5_pat2_dirichlet_a01_normmatched_lambda075,0.010921480936309244,0.00011927874584216624,0.010921480936309244,0.00011927874584216624,0.0,0.0,0.0,1.0,1.0,fc,,0.0,1.0,0,3,2,19,41,shrinkage
20260823-165812,full_s42_fixed_epochs5_pat2_dirichlet_a01_normmatched_lambda075,0.0682092448566209,0.004652501083910465,0.0682092448566209,0.004652501083910465,0.0,0.0,0.0,1.0,1.0,layer4_1_conv2,,0.0,1.0,0,3,2,20,42,shrinkage
20260823-165812,full_s42_fixed_epochs5_pat2_dirichlet_a01_normmatched_lambda075,0.010743681576170713,0.00011542669381015003,0.010743681576170713,0.00011542669381015003,0.0,0.0,0.0,1.0,1.0,fc,,0.0,1.0,0,3,2,20,42,shrinkage
20260823-165812,full_s42_fixed_epochs5_pat2_dirichlet_a01_normmatched_lambda075,0.06736686075443878,0.004538293927907944,0.06736686075443878,0.004538293927907944,0.0,0.0,0.0,1.0,1.0,layer4_1_conv2,,0.0,1.0,0,3,2,21,43,shrinkage
20260823-165812,full_s42_fixed_epochs5_pat2_dirichlet_a01_normmatched_lambda075,0.010516902435668295,0.0001106052368413657,0.010516902435668295,0.0001106052368413657,0.0,0.0,0.0,1.0,1.0,fc,,0.0,1.0,0,3,2,21,43,shrinkage
20260823-165812,full_s42_fixed_epochs5_pat2_dirichlet_a01_normmatched_lambda075,0.07099207980891972,0.005039875395596027,0.07099207980891972,0.005039875395596027,0.0,0.0,0.0,1.0,1.0,layer4_1_conv2,,0.0,1.0,0,3,2,22,44,shrinkage
20260823-165812,full_s42_fixed_epochs5_pat2_dirichlet_a01_normmatched_lambda075,0.01039945736467773,0.00010814871347974986,0.01039945736467773,0.00010814871347974986,0.0,0.0,0.0,1.0,1.0,fc,,0.0,1.0,0,3,2,22,44,shrinkage
20260823-165812,full_s42_fixed_epochs5_pat2_dirichlet_a01_normmatched_lambda075,0.06854761975690091,0.004698776174336672,0.06854761975690091,0.004698776174336672,0.0,0.0,0.0,1.0,1.0,layer4_1_conv2,,0.0,1.0,0,3,3,1,45,shrinkage
20260823-165812,full_s42_fixed_epochs5_pat2_dirichlet_a01_normmatched_lambda075,0.010221428825640805,0.00010447760723764077,0.010221428825640805,0.00010447760723764077,0.0,0.0,0.0,1.0,1.0,fc,,0.0,1.0,0,3,3,1,45,shrinkage
20260823-165812,full_s42_fixed_epochs5_pat2_dirichlet_a01_normmatched_lambda075,0.06675984404649613,0.004456876777112484,0.06675984404649613,0.004456876777112484,0.0,0.0,0.0,1.0,1.0,layer4_1_conv2,,0.0,1.0,0,3,3,2,46,shrinkage
20260823-165812,full_s42_fixed_epochs5_pat2_dirichlet_a01_normmatched_lambda075,0.01002743334982336,0.00010054941958514974,0.01002743334982336,0.00010054941958514974,0.0,0.0,0.0,1.0,1.0,fc,,0.0,1.0,0,3,3,2,46,shrinkage
20260823-165812,full_s42_fixed_epochs5_pat2_dirichlet_a01_normmatched_lambda075,0.06483285479187158,0.004203299060463905,0.06483285479187158,0.004203299060463905,0.0,0.0,0.0,1.0,1.0,layer4_1_conv2,,0.0,1.0,0,3,3,3,47,shrinkage
20260823-165812,full_s42_fixed_epochs5_pat2_dirichlet_a01_normmatched_lambda075,0.00981164645694247,9.626840619603172e-05,0.00981164645694247,9.626840619603172e-05,0.0,0.0,0.0,1.0,1.0,fc,,0.0,1.0,0,3,3,3,47,shrinkage
20260823-165812,full_s42_fixed_epochs5_pat2_dirichlet_a01_normmatched_lambda075,0.06330340315565641,0.00400732085108757,0.06330340315565641,0.00400732085108757,0.0,0.0,0.0,1.0,1.0,layer4_1_conv2,,0.0,1.0,0,3,3,4,48,shrinkage
20260823-165812,full_s42_fixed_epochs5_pat2_dirichlet_a01_normmatched_lambda075,0.009638037793580386,9.289177251048386e-05,0.009638037793580386,9.289177251048386e-05,0.0,0.0,0.0,1.0,1.0,fc,,0.0,1.0,0,3,3,4,48,shrinkage
20260823-165812,full_s42_fixed_epochs5_pat2_dirichlet_a01_normmatched_lambda075,0.06195986073738813,0.003839024342596531,0.06195986073738813,0.003839024342596531,0.0,0.0,0.0,1.0,1.0,layer4_1_conv2,,0.0,1.0,0,3,3,5,49,shrinkage
20260823-165812,full_s42_fixed_epochs5_pat2_dirichlet_a01_normmatched_lambda075,0.009472061152666827,8.971994247986004e-05,0.009472061152666827,8.971994247986004e-05,0.0,0.0,0.0,1.0,1.0,fc,,0.0,1.0,0,3,3,5,49,shrinkage
20260823-165812,full_s42_fixed_epochs5_pat2_dirichlet_a01_normmatched_lambda075,0.06073981354051641,0.003689324948936701,0.06073981354051641,0.003689324948936701,0.0,0.0,0.0,1.0,1.0,layer4_1_conv2,,0.0,1.0,0,3,3,6,50,shrinkage
20260823-165812,full_s42_fixed_epochs5_pat2_dirichlet_a01_normmatched_lambda075,0.009312717546711806,8.672670810483396e-05,0.009312717546711806,8.672670810483396e-05,0.0,0.0,0.0,1.0,1.0,fc,,0.0,1.0,0,3,3,6,50,shrinkage
20260823-165812,full_s42_fixed_epochs5_pat2_dirichlet_a01_normmatched_lambda075,0.0595853387923351,0.0035504125989973545,0.0595853387923351,0.0035504125989973545,0.0,0.0,0.0,1.0,1.0,layer4_1_conv2,,0.0,1.0,0,3,3,7,51,shrinkage
20260823-165812,full_s42_fixed_epochs5_pat2_dirichlet_a01_normmatched_lambda075,0.009103252916212003,8.286921365652233e-05,0.009103252916212003,8.286921365652233e-05,0.0,0.0,0.0,1.0,1.0,fc,,0.0,1.0,0,3,3,7,51,shrinkage
20260823-165812,full_s42_fixed_epochs5_pat2_dirichlet_a01_normmatched_lambda075,0.0583952581535323,0.0034100061748176813,0.0583952581535323,0.0034100061748176813,0.0,0.0,0.0,1.0,1.0,layer4_1_conv2,,0.0,1.0,0,3,3,8,52,shrinkage
20260823-165812,full_s42_fixed_epochs5_pat2_dirichlet_a01_normmatched_lambda075,0.00894382518710924,7.999200897756964e-05,0.00894382518710924,7.999200897756964e-05,0.0,0.0,0.0,1.0,1.0,fc,,0.0,1.0,0,3,3,8,52,shrinkage
20260823-165812,full_s42_fixed_epochs5_pat2_dirichlet_a01_normmatched_lambda075,0.05740081845437893,0.0032948539592325687,0.05740081845437893,0.0032948539592325687,0.0,0.0,0.0,1.0,1.0,layer4_1_conv2,,0.0,1.0,0,3,3,9,53,shrinkage
20260823-165812,full_s42_fixed_epochs5_pat2_dirichlet_a01_normmatched_lambda075,0.008804466322393524,7.751862722216174e-05,0.008804466322393524,7.751862722216174e-05,0.0,0.0,0.0,1.0,1.0,fc,,0.0,1.0,0,3,3,9,53,shrinkage
20260823-165812,full_s42_fixed_epochs5_pat2_dirichlet_a01_normmatched_lambda075,0.05651699747861103,0.003194171003997326,0.05651699747861103,0.003194171003997326,0.0,0.0,0.0,1.0,1.0,layer4_1_conv2,,0.0,1.0,0,3,3,10,54,shrinkage
20260823-165812,full_s42_fixed_epochs5_pat2_dirichlet_a01_normmatched_lambda075,0.008666396540335061,7.510642899433151e-05,0.008666396540335061,7.510642899433151e-05,0.0,0.0,0.0,1.0,1.0,fc,,0.0,1.0,0,3,3,10,54,shrinkage
20260823-165812,full_s42_fixed_epochs5_pat2_dirichlet_a01_normmatched_lambda075,0.05573748882194778,0.003106667660176754,0.05573748882194778,0.003106667660176754,0.0,0.0,0.0,1.0,1.0,layer4_1_conv2,,0.0,1.0,0,3,3,11,55,shrinkage
20260823-165812,full_s42_fixed_epochs5_pat2_dirichlet_a01_normmatched_lambda075,0.008552584448145164,7.31467007426545e-05,0.008552584448145164,7.31467007426545e-05,0.0,0.0,0.0,1.0,1.0,fc,,0.0,1.0,0,3,3,11,55,shrinkage
20260823-165812,full_s42_fixed_epochs5_pat2_dirichlet_a01_normmatched_lambda075,0.054904006788971955,0.0030144499614834785,0.054904006788971955,0.0030144499614834785,0.0,0.0,0.0,1.0,1.0,layer4_1_conv2,,0.0,1.0,0,3,3,12,56,shrinkage
20260823-165812,full_s42_fixed_epochs5_pat2_dirichlet_a01_normmatched_lambda075,0.008422338428623196,7.093578460626304e-05,0.008422338428623196,7.093578460626304e-05,0.0,0.0,0.0,1.0,1.0,fc,,0.0,1.0,0,3,3,12,56,shrinkage
20260823-165812,full_s42_fixed_epochs5_pat2_dirichlet_a01_normmatched_lambda075,0.05449189601328014,0.002969366731122136,0.05449189601328014,0.002969366731122136,0.0,0.0,0.0,1.0,1.0,layer4_1_conv2,,0.0,1.0,0,3,3,13,57,shrinkage
20260823-165812,full_s42_fixed_epochs5_pat2_dirichlet_a01_normmatched_lambda075,0.008342485637561159,6.95970666129142e-05,0.008342485637561159,6.95970666129142e-05,0.0,0.0,0.0,1.0,1.0,fc,,0.0,1.0,0,3,3,13,57,shrinkage
20260823-165812,full_s42_fixed_epochs5_pat2_dirichlet_a01_normmatched_lambda075,0.05358504366431629,0.0028713569045066833,0.05358504366431629,0.0028713569045066833,0.0,0.0,0.0,1.0,1.0,layer4_1_conv2,,0.0,1.0,0,3,3,14,58,shrinkage
20260823-165812,full_s42_fixed_epochs5_pat2_dirichlet_a01_normmatched_lambda075,0.00820136225158722,6.72623427817598e-05,0.00820136225158722,6.72623427817598e-05,0.0,0.0,0.0,1.0,1.0,fc,,0.0,1.0,0,3,3,14,58,shrinkage
20260823-165812,full_s42_fixed_epochs5_pat2_dirichlet_a01_normmatched_lambda075,0.05290711113203023,0.002799162408336997,0.05290711113203023,0.002799162408336997,0.0,0.0,0.0,1.0,1.0,layer4_1_conv2,,0.0,1.0,0,3,3,15,59,shrinkage
20260823-165812,full_s42_fixed_epochs5_pat2_dirichlet_a01_normmatched_lambda075,0.008107875881622291,6.573765131179243e-05,0.008107875881622291,6.573765131179243e-05,0.0,0.0,0.0,1.0,1.0,fc,,0.0,1.0,0,3,3,15,59,shrinkage
20260823-165812,full_s42_fixed_epochs5_pat2_dirichlet_a01_normmatched_lambda075,0.05241574835400868,0.002747410675510764,0.05241574835400868,0.002747410675510764,0.0,0.0,0.0,1.0,1.0,layer4_1_conv2,,0.0,1.0,0,3,3,16,60,shrinkage
20260823-165812,full_s42_fixed_epochs5_pat2_dirichlet_a01_normmatched_lambda075,0.008020460194336389,6.43277817289345e-05,0.008020460194336389,6.43277817289345e-05,0.0,0.0,0.0,1.0,1.0,fc,,0.0,1.0,0,3,3,16,60,shrinkage
20260823-165812,full_s42_fixed_epochs5_pat2_dirichlet_a01_normmatched_lambda075,0.05186131986736427,0.0026895964983850718,0.05186131986736427,0.0026895964983850718,0.0,0.0,0.0,1.0,1.0,layer4_1_conv2,,0.0,1.0,0,3,3,17,61,shrinkage
20260823-165812,full_s42_fixed_epochs5_pat2_dirichlet_a01_normmatched_lambda075,0.007923162953379321,6.277651118580252e-05,0.007923162953379321,6.277651118580252e-05,0.0,0.0,0.0,1.0,1.0,fc,,0.0,1.0,0,3,3,17,61,shrinkage
20260823-165812,full_s42_fixed_epochs5_pat2_dirichlet_a01_normmatched_lambda075,0.051733092036651815,0.0026763128116726875,0.051733092036651815,0.0026763128116726875,0.0,0.0,0.0,1.0,1.0,layer4_1_conv2,,0.0,1.0,0,3,3,18,62,shrinkage
20260823-165812,full_s42_fixed_epochs5_pat2_dirichlet_a01_normmatched_lambda075,0.007859027234101418,6.176430906634778e-05,0.007859027234101418,6.176430906634778e-05,0.0,0.0,0.0,1.0,1.0,fc,,0.0,1.0,0,3,3,18,62,shrinkage
20260823-165812,full_s42_fixed_epochs5_pat2_dirichlet_a01_normmatched_lambda075,0.05122886134544421,0.0026243962347507477,0.05122886134544421,0.0026243962347507477,0.0,0.0,0.0,1.0,1.0,layer4_1_conv2,,0.0,1.0,0,3,3,19,63,shrinkage
20260823-165812,full_s42_fixed_epochs5_pat2_dirichlet_a01_normmatched_lambda075,0.007762573150570818,6.0257541917962953e-05,0.007762573150570818,6.0257541917962953e-05,0.0,0.0,0.0,1.0,1.0,fc,,0.0,1.0,0,3,3,19,63,shrinkage
20260823-165812,full_s42_fixed_epochs5_pat2_dirichlet_a01_normmatched_lambda075,0.050814145694102815,0.0025820774026215076,0.050814145694102815,0.0025820774026215076,0.0,0.0,0.0,1.0,1.0,layer4_1_conv2,,0.0,1.0,0,3,3,20,64,shrinkage
20260823-165812,full_s42_fixed_epochs5_pat2_dirichlet_a01_normmatched_lambda075,0.007747468190237625,6.002326335874386e-05,0.007747468190237625,6.002326335874386e-05,0.0,0.0,0.0,1.0,1.0,fc,,0.0,1.0,0,3,3,20,64,shrinkage
20260823-165812,full_s42_fixed_epochs5_pat2_dirichlet_a01_normmatched_lambda075,0.0503179525151547,0.0025318963453173637,0.0503179525151547,0.0025318963453173637,0.0,0.0,0.0,1.0,1.0,layer4_1_conv2,,0.0,1.0,0,3,3,21,65,shrinkage
20260823-165812,full_s42_fixed_epochs5_pat2_dirichlet_a01_normmatched_lambda075,0.0076409786019189605,5.8384553994983435e-05,0.0076409786019189605,5.8384553994983435e-05,0.0,0.0,0.0,1.0,1.0,fc,,0.0,1.0,0,3,3,21,65,shrinkage
20260823-165812,full_s42_fixed_epochs5_pat2_dirichlet_a01_normmatched_lambda075,0.059201737976086,0.003504845779389143,0.059201737976086,0.003504845779389143,0.0,0.0,0.0,1.0,1.0,layer4_1_conv2,,0.0,1.0,0,3,3,22,66,shrinkage
20260823-165812,full_s42_fixed_epochs5_pat2_dirichlet_a01_normmatched_lambda075,0.007619843226336529,5.8062010793946683e-05,0.007619843226336529,5.8062010793946683e-05,0.0,0.0,0.0,1.0,1.0,fc,,0.0,1.0,0,3,3,22,66,shrinkage
20260823-165812,full_s42_fixed_epochs5_pat2_dirichlet_a01_normmatched_lambda075,0.05663448333327838,0.0032074647024273872,0.05663448333327838,0.0032074647024273872,0.0,0.0,0.0,1.0,1.0,layer4_1_conv2,,0.0,1.0,0,3,4,1,67,shrinkage
20260823-165812,full_s42_fixed_epochs5_pat2_dirichlet_a01_normmatched_lambda075,0.007453626101801742,5.5556542065460235e-05,0.007453626101801742,5.5556542065460235e-05,0.0,0.0,0.0,1.0,1.0,fc,,0.0,1.0,0,3,4,1,67,shrinkage
20260823-165812,full_s42_fixed_epochs5_pat2_dirichlet_a01_normmatched_lambda075,0.05412404758524481,0.0029294125270098448,0.05412404758524481,0.0029294125270098448,0.0,0.0,0.0,1.0,1.0,layer4_1_conv2,,0.0,1.0,0,3,4,2,68,shrinkage
20260823-165812,full_s42_fixed_epochs5_pat2_dirichlet_a01_normmatched_lambda075,0.007339682496871128,5.3870939154876396e-05,0.007339682496871128,5.3870939154876396e-05,0.0,0.0,0.0,1.0,1.0,fc,,0.0,1.0,0,3,4,2,68,shrinkage
20260823-165812,full_s42_fixed_epochs5_pat2_dirichlet_a01_normmatched_lambda075,0.05215071055283907,0.0027196966111660004,0.05215071055283907,0.0027196966111660004,0.0,0.0,0.0,1.0,1.0,layer4_1_conv2,,0.0,1.0,0,3,4,3,69,shrinkage
20260823-165812,full_s42_fixed_epochs5_pat2_dirichlet_a01_normmatched_lambda075,0.007309809060042355,5.34333084942773e-05,0.007309809060042355,5.34333084942773e-05,0.0,0.0,0.0,1.0,1.0,fc,,0.0,1.0,0,3,4,3,69,shrinkage
20260823-165812,full_s42_fixed_epochs5_pat2_dirichlet_a01_normmatched_lambda075,0.04999995985998092,0.0024999959859997034,0.04999995985998092,0.0024999959859997034,0.0,0.0,0.0,1.0,1.0,layer4_1_conv2,,0.0,1.0,0,3,4,4,70,shrinkage
20260823-165812,full_s42_fixed_epochs5_pat2_dirichlet_a01_normmatched_lambda075,0.007125632662454992,5.077464084024541e-05,0.007125632662454992,5.077464084024541e-05,0.0,0.0,0.0,1.0,1.0,fc,,0.0,1.0,0,3,4,4,70,shrinkage
20260823-165812,full_s42_fixed_epochs5_pat2_dirichlet_a01_normmatched_lambda075,0.0487117572782742,0.002372835297137499,0.0487117572782742,0.002372835297137499,0.0,0.0,0.0,1.0,1.0,layer4_1_conv2,,0.0,1.0,0,3,4,5,71,shrinkage
20260823-165812,full_s42_fixed_epochs5_pat2_dirichlet_a01_normmatched_lambda075,0.0070857501124465955,5.020785465603694e-05,0.0070857501124465955,5.020785465603694e-05,0.0,0.0,0.0,1.0,1.0,fc,,0.0,1.0,0,3,4,5,71,shrinkage
20260823-165812,full_s42_fixed_epochs5_pat2_dirichlet_a01_normmatched_lambda075,0.04729075876849254,0.0022364158648997545,0.04729075876849254,0.0022364158648997545,0.0,0.0,0.0,1.0,1.0,layer4_1_conv2,,0.0,1.0,0,3,4,6,72,shrinkage
20260823-165812,full_s42_fixed_epochs5_pat2_dirichlet_a01_normmatched_lambda075,0.007031264497573132,4.943868043483235e-05,0.007031264497573132,4.943868043483235e-05,0.0,0.0,0.0,1.0,1.0,fc,,0.0,1.0,0,3,4,6,72,shrinkage
20260823-165812,full_s42_fixed_epochs5_pat2_dirichlet_a01_normmatched_lambda075,0.04630372503293097,0.0021440349519252777,0.04630372503293097,0.0021440349519252777,0.0,0.0,0.0,1.0,1.0,layer4_1_conv2,,0.0,1.0,0,3,4,7,73,shrinkage
20260823-165812,full_s42_fixed_epochs5_pat2_dirichlet_a01_normmatched_lambda075,0.0070515935204077404,4.972497117705643e-05,0.0070515935204077404,4.972497117705643e-05,0.0,0.0,0.0,1.0,1.0,fc,,0.0,1.0,0,3,4,7,73,shrinkage
20260823-165812,full_s42_fixed_epochs5_pat2_dirichlet_a01_normmatched_lambda075,0.045173948467661214,0.0020406856201589108,0.045173948467661214,0.0020406856201589108,0.0,0.0,0.0,1.0,1.0,layer4_1_conv2,,0.0,1.0,0,3,4,8,74,shrinkage
20260823-165812,full_s42_fixed_epochs5_pat2_dirichlet_a01_normmatched_lambda075,0.0069880370839863325,4.8832662287168205e-05,0.0069880370839863325,4.8832662287168205e-05,0.0,0.0,0.0,1.0,1.0,fc,,0.0,1.0,0,3,4,8,74,shrinkage
20260823-165812,full_s42_fixed_epochs5_pat2_dirichlet_a01_normmatched_lambda075,0.04475595578693724,0.002003095578402281,0.04475595578693724,0.002003095578402281,0.0,0.0,0.0,1.0,1.0,layer4_1_conv2,,0.0,1.0,0,3,4,9,75,shrinkage
20260823-165812,full_s42_fixed_epochs5_pat2_dirichlet_a01_normmatched_lambda075,0.006884101603576375,4.739085488836281e-05,0.006884101603576375,4.739085488836281e-05,0.0,0.0,0.0,1.0,1.0,fc,,0.0,1.0,0,3,4,9,75,shrinkage
20260823-165812,full_s42_fixed_epochs5_pat2_dirichlet_a01_normmatched_lambda075,0.04440177574744147,0.001971517689526081,0.04440177574744147,0.001971517689526081,0.0,0.0,0.0,1.0,1.0,layer4_1_conv2,,0.0,1.0,0,3,4,10,76,shrinkage
20260823-165812,full_s42_fixed_epochs5_pat2_dirichlet_a01_normmatched_lambda075,0.006882702889602084,4.7371599066536874e-05,0.006882702889602084,4.7371599066536874e-05,0.0,0.0,0.0,1.0,1.0,fc,,0.0,1.0,0,3,4,10,76,shrinkage
20260823-165812,full_s42_fixed_epochs5_pat2_dirichlet_a01_normmatched_lambda075,0.04383341795959012,0.0019213685300201178,0.04383341795959012,0.0019213685300201178,0.0,0.0,0.0,1.0,1.0,layer4_1_conv2,,0.0,1.0,0,3,4,11,77,shrinkage
20260823-165812,full_s42_fixed_epochs5_pat2_dirichlet_a01_normmatched_lambda075,0.006910292772500591,4.7752146201673895e-05,0.006910292772500591,4.7752146201673895e-05,0.0,0.0,0.0,1.0,1.0,fc,,0.0,1.0,0,3,4,11,77,shrinkage
20260823-165812,full_s42_fixed_epochs5_pat2_dirichlet_a01_normmatched_lambda075,0.043555353409761424,0.0018970688106492162,0.043555353409761424,0.0018970688106492162,0.0,0.0,0.0,1.0,1.0,layer4_1_conv2,,0.0,1.0,0,3,4,12,78,shrinkage
20260823-165812,full_s42_fixed_epochs5_pat2_dirichlet_a01_normmatched_lambda075,0.006852308376341995,4.695413008448668e-05,0.006852308376341995,4.695413008448668e-05,0.0,0.0,0.0,1.0,1.0,fc,,0.0,1.0,0,3,4,12,78,shrinkage
20260823-165812,full_s42_fixed_epochs5_pat2_dirichlet_a01_normmatched_lambda075,0.04315918478440825,0.0018627152312546968,0.04315918478440825,0.0018627152312546968,0.0,0.0,0.0,1.0,1.0,layer4_1_conv2,,0.0,1.0,0,3,4,13,79,shrinkage
20260823-165812,full_s42_fixed_epochs5_pat2_dirichlet_a01_normmatched_lambda075,0.006755543179882713,4.563736365525983e-05,0.006755543179882713,4.563736365525983e-05,0.0,0.0,0.0,1.0,1.0,fc,,0.0,1.0,0,3,4,13,79,shrinkage
20260823-165812,full_s42_fixed_epochs5_pat2_dirichlet_a01_normmatched_lambda075,0.04273600290151266,0.0018263659439980984,0.04273600290151266,0.0018263659439980984,0.0,0.0,0.0,1.0,1.0,layer4_1_conv2,,0.0,1.0,0,3,4,14,80,shrinkage
20260823-165812,full_s42_fixed_epochs5_pat2_dirichlet_a01_normmatched_lambda075,0.006725428120966161,4.523138341028243e-05,0.006725428120966161,4.523138341028243e-05,0.0,0.0,0.0,1.0,1.0,fc,,0.0,1.0,0,3,4,14,80,shrinkage
20260823-165812,full_s42_fixed_epochs5_pat2_dirichlet_a01_normmatched_lambda075,0.04242593180330561,0.0017999596893787384,0.04242593180330561,0.0017999596893787384,0.0,0.0,0.0,1.0,1.0,layer4_1_conv2,,0.0,1.0,0,3,4,15,81,shrinkage
20260823-165812,full_s42_fixed_epochs5_pat2_dirichlet_a01_normmatched_lambda075,0.0066307816892393475,4.396726581035182e-05,0.0066307816892393475,4.396726581035182e-05,0.0,0.0,0.0,1.0,1.0,fc,,0.0,1.0,0,3,4,15,81,shrinkage
20260823-165812,full_s42_fixed_epochs5_pat2_dirichlet_a01_normmatched_lambda075,0.04220551265189407,0.0017813052982091904,0.04220551265189407,0.0017813052982091904,0.0,0.0,0.0,1.0,1.0,layer4_1_conv2,,0.0,1.0,0,3,4,16,82,shrinkage
20260823-165812,full_s42_fixed_epochs5_pat2_dirichlet_a01_normmatched_lambda075,0.006609023287940016,4.3679188820533454e-05,0.006609023287940016,4.3679188820533454e-05,0.0,0.0,0.0,1.0,1.0,fc,,0.0,1.0,0,3,4,16,82,shrinkage
20260823-165812,full_s42_fixed_epochs5_pat2_dirichlet_a01_normmatched_lambda075,0.04180240717043641,0.0017474412452429533,0.04180240717043641,0.0017474412452429533,0.0,0.0,0.0,1.0,1.0,layer4_1_conv2,,0.0,1.0,0,3,4,17,83,shrinkage
20260823-165812,full_s42_fixed_epochs5_pat2_dirichlet_a01_normmatched_lambda075,0.006536881974855103,4.273082595318556e-05,0.006536881974855103,4.273082595318556e-05,0.0,0.0,0.0,1.0,1.0,fc,,0.0,1.0,0,3,4,17,83,shrinkage
20260823-165812,full_s42_fixed_epochs5_pat2_dirichlet_a01_normmatched_lambda075,0.041201998263143684,0.0016976046608760953,0.041201998263143684,0.0016976046608760953,0.0,0.0,0.0,1.0,1.0,layer4_1_conv2,,0.0,1.0,0,3,4,18,84,shrinkage
20260823-165812,full_s42_fixed_epochs5_pat2_dirichlet_a01_normmatched_lambda075,0.006456351737990074,4.1684477764647454e-05,0.006456351737990074,4.1684477764647454e-05,0.0,0.0,0.0,1.0,1.0,fc,,0.0,1.0,0,3,4,18,84,shrinkage
20260823-165812,full_s42_fixed_epochs5_pat2_dirichlet_a01_normmatched_lambda075,0.040486724732047445,0.001639174879528582,0.040486724732047445,0.001639174879528582,0.0,0.0,0.0,1.0,1.0,layer4_1_conv2,,0.0,1.0,0,3,4,19,85,shrinkage
20260823-165812,full_s42_fixed_epochs5_pat2_dirichlet_a01_normmatched_lambda075,0.006411487673208744,4.1107174183707684e-05,0.006411487673208744,4.1107174183707684e-05,0.0,0.0,0.0,1.0,1.0,fc,,0.0,1.0,0,3,4,19,85,shrinkage
20260823-165812,full_s42_fixed_epochs5_pat2_dirichlet_a01_normmatched_lambda075,0.04000696489020613,0.0016005572397261858,0.04000696489020613,0.0016005572397261858,0.0,0.0,0.0,1.0,1.0,layer4_1_conv2,,0.0,1.0,0,3,4,20,86,shrinkage
20260823-165812,full_s42_fixed_epochs5_pat2_dirichlet_a01_normmatched_lambda075,0.006302503896672958,3.972155536757782e-05,0.006302503896672958,3.972155536757782e-05,0.0,0.0,0.0,1.0,1.0,fc,,0.0,1.0,0,3,4,20,86,shrinkage
20260823-165812,full_s42_fixed_epochs5_pat2_dirichlet_a01_normmatched_lambda075,0.039379153685373716,0.0015507177449762821,0.039379153685373716,0.0015507177449762821,0.0,0.0,0.0,1.0,1.0,layer4_1_conv2,,0.0,1.0,0,3,4,21,87,shrinkage
20260823-165812,full_s42_fixed_epochs5_pat2_dirichlet_a01_normmatched_lambda075,0.0062512282821402245,3.907785503542982e-05,0.0062512282821402245,3.907785503542982e-05,0.0,0.0,0.0,1.0,1.0,fc,,0.0,1.0,0,3,4,21,87,shrinkage
20260823-165812,full_s42_fixed_epochs5_pat2_dirichlet_a01_normmatched_lambda075,0.05385700651062259,0.002900577150285244,0.05385700651062259,0.002900577150285244,0.0,0.0,0.0,1.0,1.0,layer4_1_conv2,,0.0,1.0,0,3,4,22,88,shrinkage
20260823-165812,full_s42_fixed_epochs5_pat2_dirichlet_a01_normmatched_lambda075,0.006500511376614183,4.225664815749042e-05,0.006500511376614183,4.225664815749042e-05,0.0,0.0,0.0,1.0,1.0,fc,,0.0,1.0,0,3,4,22,88,shrinkage
20260823-165812,full_s42_fixed_epochs5_pat2_dirichlet_a01_normmatched_lambda075,0.05084751921933686,0.002585470210760832,0.05084751921933686,0.002585470210760832,0.0,0.0,0.0,1.0,1.0,layer4_1_conv2,,0.0,1.0,0,3,5,1,89,shrinkage
20260823-165812,full_s42_fixed_epochs5_pat2_dirichlet_a01_normmatched_lambda075,0.00647660836352668,4.194645589450374e-05,0.00647660836352668,4.194645589450374e-05,0.0,0.0,0.0,1.0,1.0,fc,,0.0,1.0,0,3,5,1,89,shrinkage
20260823-165812,full_s42_fixed_epochs5_pat2_dirichlet_a01_normmatched_lambda075,0.0479713783996314,0.002301253145560622,0.0479713783996314,0.002301253145560622,0.0,0.0,0.0,1.0,1.0,layer4_1_conv2,,0.0,1.0,0,3,5,2,90,shrinkage
20260823-165812,full_s42_fixed_epochs5_pat2_dirichlet_a01_normmatched_lambda075,0.006378634678011508,4.068698035553098e-05,0.006378634678011508,4.068698035553098e-05,0.0,0.0,0.0,1.0,1.0,fc,,0.0,1.0,0,3,5,2,90,shrinkage
20260823-165812,full_s42_fixed_epochs5_pat2_dirichlet_a01_normmatched_lambda075,0.04570091641624215,0.0020885737612843513,0.04570091641624215,0.0020885737612843513,0.0,0.0,0.0,1.0,1.0,layer4_1_conv2,,0.0,1.0,0,3,5,3,91,shrinkage
20260823-165812,full_s42_fixed_epochs5_pat2_dirichlet_a01_normmatched_lambda075,0.00622202763359513,3.871362787322141e-05,0.00622202763359513,3.871362787322141e-05,0.0,0.0,0.0,1.0,1.0,fc,,0.0,1.0,0,3,5,3,91,shrinkage
20260823-165812,full_s42_fixed_epochs5_pat2_dirichlet_a01_normmatched_lambda075,0.043759466960682045,0.0019148909486830235,0.043759466960682045,0.0019148909486830235,0.0,0.0,0.0,1.0,1.0,layer4_1_conv2,,0.0,1.0,0,3,5,4,92,shrinkage
20260823-165812,full_s42_fixed_epochs5_pat2_dirichlet_a01_normmatched_lambda075,0.006105039227577477,3.72715039702598e-05,0.006105039227577477,3.72715039702598e-05,0.0,0.0,0.0,1.0,1.0,fc,,0.0,1.0,0,3,5,4,92,shrinkage
20260823-165812,full_s42_fixed_epochs5_pat2_dirichlet_a01_normmatched_lambda075,0.042198459098092285,0.0017807099502533674,0.042198459098092285,0.0017807099502533674,0.0,0.0,0.0,1.0,1.0,layer4_1_conv2,,0.0,1.0,0,3,5,5,93,shrinkage
20260823-165812,full_s42_fixed_epochs5_pat2_dirichlet_a01_normmatched_lambda075,0.006037965084446223,3.6457022360991687e-05,0.006037965084446223,3.6457022360991687e-05,0.0,0.0,0.0,1.0,1.0,fc,,0.0,1.0,0,3,5,5,93,shrinkage
20260823-165812,full_s42_fixed_epochs5_pat2_dirichlet_a01_normmatched_lambda075,0.04102603888005169,0.0016831358661875129,0.04102603888005169,0.0016831358661875129,0.0,0.0,0.0,1.0,1.0,layer4_1_conv2,,0.0,1.0,0,3,5,6,94,shrinkage
20260823-165812,full_s42_fixed_epochs5_pat2_dirichlet_a01_normmatched_lambda075,0.006043836171817727,3.652795567177236e-05,0.006043836171817727,3.652795567177236e-05,0.0,0.0,0.0,1.0,1.0,fc,,0.0,1.0,0,3,5,6,94,shrinkage
20260823-165812,full_s42_fixed_epochs5_pat2_dirichlet_a01_normmatched_lambda075,0.039893709327786686,0.0015915080439299345,0.039893709327786686,0.0015915080439299345,0.0,0.0,0.0,1.0,1.0,layer4_1_conv2,,0.0,1.0,0,3,5,7,95,shrinkage
20260823-165812,full_s42_fixed_epochs5_pat2_dirichlet_a01_normmatched_lambda075,0.005944880445124371,3.534160350682214e-05,0.005944880445124371,3.534160350682214e-05,0.0,0.0,0.0,1.0,1.0,fc,,0.0,1.0,0,3,5,7,95,shrinkage
20260823-165812,full_s42_fixed_epochs5_pat2_dirichlet_a01_normmatched_lambda075,0.038610334329736096,0.0014907579170539975,0.038610334329736096,0.0014907579170539975,0.0,0.0,0.0,1.0,1.0,layer4_1_conv2,,0.0,1.0,0,3,5,8,96,shrinkage
20260823-165812,full_s42_fixed_epochs5_pat2_dirichlet_a01_normmatched_lambda075,0.0058963859051131265,3.476736674201675e-05,0.0058963859051131265,3.476736674201675e-05,0.0,0.0,0.0,1.0,1.0,fc,,0.0,1.0,0,3,5,8,96,shrinkage
20260823-165812,full_s42_fixed_epochs5_pat2_dirichlet_a01_normmatched_lambda075,0.037751863116470295,0.0014252031687647104,0.037751863116470295,0.0014252031687647104,0.0,0.0,0.0,1.0,1.0,layer4_1_conv2,,0.0,1.0,0,3,5,9,97,shrinkage
20260823-165812,full_s42_fixed_epochs5_pat2_dirichlet_a01_normmatched_lambda075,0.005813604264744711,3.37979945470579e-05,0.005813604264744711,3.37979945470579e-05,0.0,0.0,0.0,1.0,1.0,fc,,0.0,1.0,0,3,5,9,97,shrinkage
20260823-165812,full_s42_fixed_epochs5_pat2_dirichlet_a01_normmatched_lambda075,0.0367965279044447,0.0013539844658225775,0.0367965279044447,0.0013539844658225775,0.0,0.0,0.0,1.0,1.0,layer4_1_conv2,,0.0,1.0,0,3,5,10,98,shrinkage
20260823-165812,full_s42_fixed_epochs5_pat2_dirichlet_a01_normmatched_lambda075,0.0057054979734842415,3.255270712543279e-05,0.0057054979734842415,3.255270712543279e-05,0.0,0.0,0.0,1.0,1.0,fc,,0.0,1.0,0,3,5,10,98,shrinkage
20260823-165812,full_s42_fixed_epochs5_pat2_dirichlet_a01_normmatched_lambda075,0.0364718272081341,0.0013301941798999906,0.0364718272081341,0.0013301941798999906,0.0,0.0,0.0,1.0,1.0,layer4_1_conv2,,0.0,1.0,0,3,5,11,99,shrinkage
20260823-165812,full_s42_fixed_epochs5_pat2_dirichlet_a01_normmatched_lambda075,0.005670060201957203,3.214958269381896e-05,0.005670060201957203,3.214958269381896e-05,0.0,0.0,0.0,1.0,1.0,fc,,0.0,1.0,0,3,5,11,99,shrinkage
20260823-165812,full_s42_fixed_epochs5_pat2_dirichlet_a01_normmatched_lambda075,0.036258114564755646,0.0013146508717909455,0.036258114564755646,0.0013146508717909455,0.0,0.0,0.0,1.0,1.0,layer4_1_conv2,,0.0,1.0,0,3,5,12,100,shrinkage
20260823-165812,full_s42_fixed_epochs5_pat2_dirichlet_a01_normmatched_lambda075,0.0056413314241299,3.182462023687549e-05,0.0056413314241299,3.182462023687549e-05,0.0,0.0,0.0,1.0,1.0,fc,,0.0,1.0,0,3,5,12,100,shrinkage
20260823-165812,full_s42_fixed_epochs5_pat2_dirichlet_a01_normmatched_lambda075,0.03563916806149306,0.001270150300115347,0.03563916806149306,0.001270150300115347,0.0,0.0,0.0,1.0,1.0,layer4_1_conv2,,0.0,1.0,0,3,5,13,101,shrinkage
20260823-165812,full_s42_fixed_epochs5_pat2_dirichlet_a01_normmatched_lambda075,0.005600586865607121,3.136657323921099e-05,0.005600586865607121,3.136657323921099e-05,0.0,0.0,0.0,1.0,1.0,fc,,0.0,1.0,0,3,5,13,101,shrinkage
20260823-165812,full_s42_fixed_epochs5_pat2_dirichlet_a01_normmatched_lambda075,0.035400994065501866,0.0012532303808256984,0.035400994065501866,0.0012532303808256984,0.0,0.0,0.0,1.0,1.0,layer4_1_conv2,,0.0,1.0,0,3,5,14,102,shrinkage
20260823-165812,full_s42_fixed_epochs5_pat2_dirichlet_a01_normmatched_lambda075,0.005611699095407404,3.149116673739627e-05,0.005611699095407404,3.149116673739627e-05,0.0,0.0,0.0,1.0,1.0,fc,,0.0,1.0,0,3,5,14,102,shrinkage
20260823-165812,full_s42_fixed_epochs5_pat2_dirichlet_a01_normmatched_lambda075,0.03471893774747086,0.001205404638312757,0.03471893774747086,0.001205404638312757,0.0,0.0,0.0,1.0,1.0,layer4_1_conv2,,0.0,1.0,0,3,5,15,103,shrinkage
20260823-165812,full_s42_fixed_epochs5_pat2_dirichlet_a01_normmatched_lambda075,0.005539562384835771,3.068675141548738e-05,0.005539562384835771,3.068675141548738e-05,0.0,0.0,0.0,1.0,1.0,fc,,0.0,1.0,0,3,5,15,103,shrinkage
20260823-165812,full_s42_fixed_epochs5_pat2_dirichlet_a01_normmatched_lambda075,0.03451284775347184,0.001191136660054326,0.03451284775347184,0.001191136660054326,0.0,0.0,0.0,1.0,1.0,layer4_1_conv2,,0.0,1.0,0,3,5,16,104,shrinkage
20260823-165812,full_s42_fixed_epochs5_pat2_dirichlet_a01_normmatched_lambda075,0.0055534164432549235,3.084043419221416e-05,0.0055534164432549235,3.084043419221416e-05,0.0,0.0,0.0,1.0,1.0,fc,,0.0,1.0,0,3,5,16,104,shrinkage
20260823-165812,full_s42_fixed_epochs5_pat2_dirichlet_a01_normmatched_lambda075,0.03412863119708092,0.001164763467386365,0.03412863119708092,0.001164763467386365,0.0,0.0,0.0,1.0,1.0,layer4_1_conv2,,0.0,1.0,0,3,5,17,105,shrinkage
20260823-165812,full_s42_fixed_epochs5_pat2_dirichlet_a01_normmatched_lambda075,0.005517428175082835,3.0442013667197898e-05,0.005517428175082835,3.0442013667197898e-05,0.0,0.0,0.0,1.0,1.0,fc,,0.0,1.0,0,3,5,17,105,shrinkage
20260823-165812,full_s42_fixed_epochs5_pat2_dirichlet_a01_normmatched_lambda075,0.0333419974033184,0.0011116887908428907,0.0333419974033184,0.0011116887908428907,0.0,0.0,0.0,1.0,1.0,layer4_1_conv2,,0.0,1.0,0,3,5,18,106,shrinkage
20260823-165812,full_s42_fixed_epochs5_pat2_dirichlet_a01_normmatched_lambda075,0.005472750616059856,2.9950999305583537e-05,0.005472750616059856,2.9950999305583537e-05,0.0,0.0,0.0,1.0,1.0,fc,,0.0,1.0,0,3,5,18,106,shrinkage
20260823-165812,full_s42_fixed_epochs5_pat2_dirichlet_a01_normmatched_lambda075,0.03333222486253543,0.0011110372142866254,0.03333222486253543,0.0011110372142866254,0.0,0.0,0.0,1.0,1.0,layer4_1_conv2,,0.0,1.0,0,3,5,19,107,shrinkage
20260823-165812,full_s42_fixed_epochs5_pat2_dirichlet_a01_normmatched_lambda075,0.005493143863111021,3.017462950083427e-05,0.005493143863111021,3.017462950083427e-05,0.0,0.0,0.0,1.0,1.0,fc,,0.0,1.0,0,3,5,19,107,shrinkage
20260823-165812,full_s42_fixed_epochs5_pat2_dirichlet_a01_normmatched_lambda075,0.03311652221245418,0.0010967040434479713,0.03311652221245418,0.0010967040434479713,0.0,0.0,0.0,1.0,1.0,layer4_1_conv2,,0.0,1.0,0,3,5,20,108,shrinkage
20260823-165812,full_s42_fixed_epochs5_pat2_dirichlet_a01_normmatched_lambda075,0.005445133438684819,2.9649478165083565e-05,0.005445133438684819,2.9649478165083565e-05,0.0,0.0,0.0,1.0,1.0,fc,,0.0,1.0,0,3,5,20,108,shrinkage
20260823-165812,full_s42_fixed_epochs5_pat2_dirichlet_a01_normmatched_lambda075,0.033224740425547926,0.0011038833763450384,0.033224740425547926,0.0011038833763450384,0.0,0.0,0.0,1.0,1.0,layer4_1_conv2,,0.0,1.0,0,3,5,21,109,shrinkage
20260823-165812,full_s42_fixed_epochs5_pat2_dirichlet_a01_normmatched_lambda075,0.005492323572708468,3.0165618227329105e-05,0.005492323572708468,3.0165618227329105e-05,0.0,0.0,0.0,1.0,1.0,fc,,0.0,1.0,0,3,5,21,109,shrinkage
20260823-165812,full_s42_fixed_epochs5_pat2_dirichlet_a01_normmatched_lambda075,0.050126271691921576,0.002512643113732338,0.050126271691921576,0.002512643113732338,0.0,0.0,0.0,1.0,1.0,layer4_1_conv2,,0.0,1.0,0,3,5,22,110,shrinkage
20260823-165812,full_s42_fixed_epochs5_pat2_dirichlet_a01_normmatched_lambda075,0.005958235361982339,3.550056862877682e-05,0.005958235361982339,3.550056862877682e-05,0.0,0.0,0.0,1.0,1.0,fc,,0.0,1.0,0,3,5,22,110,shrinkage
20260823-165812,full_s42_fixed_epochs5_pat2_dirichlet_a01_normmatched_lambda075,0.05417525560725151,0.0029349583201110363,0.051515757712851884,0.0026538732927292585,0.002659497085060208,7.072924745443743e-06,0.00028108502738177776,0.950909361394067,0.9042286135868725,layer4_1_conv2,,0.0,0.9509093824803425,1,3,1,1,111,shrinkage
20260823-165812,full_s42_fixed_epochs5_pat2_dirichlet_a01_normmatched_lambda075,0.008341388391842028,6.957876030355692e-05,0.0029616069915157244,8.77111597219482e-06,0.0053797815512511594,2.8942049539182335e-05,6.08076443313621e-05,0.355049645501726,0.12606025077090133,fc,,0.0,0.35504962870750795,1,3,1,1,111,shrinkage
20260823-165812,full_s42_fixed_epochs5_pat2_dirichlet_a01_normmatched_lambda075,0.06231397272596461,0.0038830311968922615,0.05925494105348149,0.003511148039251566,0.0030590317881176938,9.357675480714533e-06,0.00037188315764069557,0.9509093781271868,0.9042286454102332,layer4_1_conv2,,0.0,0.9509093824803425,1,3,1,2,112,shrinkage
20260823-165812,full_s42_fixed_epochs5_pat2_dirichlet_a01_normmatched_lambda075,0.01138516322220589,0.0001296219415962696,0.004042298186048279,1.6340174624929205e-05,0.007342865175982294,5.391766899265349e-05,0.0001132817669713404,0.3550496472605756,0.1260602520198591,fc,,0.0,0.35504962870750795,1,3,1,2,112,shrinkage
20260823-165812,full_s42_fixed_epochs5_pat2_dirichlet_a01_normmatched_lambda075,0.07316250599327173,0.005352752283215523,0.06957091220916374,0.004840111825615168,0.0035915929331172243,1.2899539797217585e-05,0.0005126404576003551,0.950909366275148,0.9042286228698033,layer4_1_conv2,,0.0,0.9509093824803425,1,3,1,3,113,shrinkage
20260823-165812,full_s42_fixed_epochs5_pat2_dirichlet_a01_normmatched_lambda075,0.014359989962650893,0.0002062093117274344,0.005098509152516948,2.599479557829909e-05,0.009261480449952716,8.577502012485638e-05,0.0001802145161491353,0.35504963205251083,0.12606024122062331,fc,,0.0,0.35504962870750795,1,3,1,3,113,shrinkage
20260823-165812,full_s42_fixed_epochs5_pat2_dirichlet_a01_normmatched_lambda075,0.08279581767870468,0.006855147425085306,0.0787313179343175,0.0061986204236745834,0.0040644981776986975,1.652014543651603e-05,0.0006565270014107227,0.9509093592123242,0.9042286094375931,layer4_1_conv2,,0.0,0.9509093824803425,1,3,1,4,114,shrinkage
20260823-165812,full_s42_fixed_epochs5_pat2_dirichlet_a01_normmatched_lambda075,0.016926650429960933,0.0002865114947780967,0.006009801001501984,3.611770807765424e-05,0.010916849155292651,0.00011917759547941387,0.00025039378670044243,0.35504963172538645,0.12606024098833252,fc,,0.0,0.35504962870750795,1,3,1,4,114,shrinkage
20260823-165812,full_s42_fixed_epochs5_pat2_dirichlet_a01_normmatched_lambda075,0.10389629133443022,0.010794439353048801,0.09879596360290134,0.009760642424225807,0.0051003338771973316,2.6013405658886768e-05,0.0010337969288229942,0.9509094341480244,0.904228751951716,layer4_1_conv2,,0.0,0.9509093824803425,1,3,1,5,115,shrinkage
20260823-165812,full_s42_fixed_epochs5_pat2_dirichlet_a01_normmatched_lambda075,0.019472237185978368,0.00037916802102699876,0.006913610767064755,4.779801383847371e-05,0.012558626503775617,0.00015771909966133535,0.00033137000718852505,0.3550496381608956,0.12606024555818288,fc,,0.0,0.35504962870750795,1,3,1,5,115,shrinkage
20260823-165812,full_s42_fixed_epochs5_pat2_dirichlet_a01_normmatched_lambda075,0.10541675751934107,0.011112692765891552,0.10024178525867615,0.010048415511846542,0.005174974289214356,2.6780358894029632e-05,0.0010642772540450096,0.9509093963574486,0.9042286800808873,layer4_1_conv2,,0.0,0.9509093824803425,1,3,2,1,116,shrinkage
20260823-165812,full_s42_fixed_epochs5_pat2_dirichlet_a01_normmatched_lambda075,0.02113120139665255,0.00044652767246589065,0.007502625369182257,5.628938743029721e-05,0.013628576038522671,0.0001857380848377943,0.00039023828503559344,0.35504963623936536,0.1260602441937057,fc,,0.0,0.35504962870750795,1,3,2,1,116,shrinkage
20260823-165812,full_s42_fixed_epochs5_pat2_dirichlet_a01_normmatched_lambda075,0.10681875149929587,0.011410245671868324,0.1015749520224482,0.010317470878362656,0.005243799193596095,2.749742998275906e-05,0.0010927747935056686,0.950909373089965,0.9042286358303505,layer4_1_conv2,,0.0,0.9509093824803425,1,3,2,2,117,shrinkage
20260823-165812,full_s42_fixed_epochs5_pat2_dirichlet_a01_normmatched_lambda075,0.022403671249012887,0.0005019244854338467,0.007954415391412006,6.327272421913221e-05,0.014449255496192609,0.0002087809843942523,0.0004386517612147145,0.35504963909709575,0.12606024622297793,fc,,0.0,0.35504962870750795,1,3,2,2,117,shrinkage
20260823-165812,full_s42_fixed_epochs5_pat2_dirichlet_a01_normmatched_lambda075,0.10833645672452627,0.011736787855625153,0.1030181501001833,0.010612739250063896,0.005318304009789424,2.828435754054226e-05,0.0011240486055612564,0.9509093541995179,0.9042285999041443,layer4_1_conv2,,0.0,0.9509093824803425,1,3,2,3,118,shrinkage
20260823-165812,full_s42_fixed_epochs5_pat2_dirichlet_a01_normmatched_lambda075,0.023528959964316976,0.0005536119570024312,0.008353948807477533,6.97884606779553e-05,0.015175011482133285,0.00023028097348287702,0.00048382349632447585,0.35504964180936077,0.1260602481489554,fc,,0.0,0.35504962870750795,1,3,2,3,118,shrinkage
20260823-165812,full_s42_fixed_epochs5_pat2_dirichlet_a01_normmatched_lambda075,0.10967149312716049,0.01202783640474081,0.10428765145425362,0.010875914245843887,0.005383842142612535,2.8985756216570735e-05,0.001151922158896923,0.9509093792799512,0.9042286476025821,layer4_1_conv2,,0.0,0.9509093824803425,1,3,2,4,119,shrinkage
20260823-165812,full_s42_fixed_epochs5_pat2_dirichlet_a01_normmatched_lambda075,0.024428530220981282,0.0005967530887573957,0.00867334111475193,7.522684609284624e-05,0.015755189236847416,0.0002482259878888726,0.0005215262426645495,0.35504965040027386,0.1260602542493567,fc,,0.0,0.35504962870750795,1,3,2,4,119,shrinkage
20260823-165812,full_s42_fixed_epochs5_pat2_dirichlet_a01_normmatched_lambda075,0.1168358852471809,0.013650624081492424,0.11110034025740602,0.012343285605311394,0.005735546715240227,3.2896496122702956e-05,0.0013073384761810303,0.9509093890319689,0.9042286661491524,layer4_1_conv2,,0.0,0.9509093824803425,1,3,2,5,120,shrinkage
20260823-165812,full_s42_fixed_epochs5_pat2_dirichlet_a01_normmatched_lambda075,0.025668071500110724,0.0006588498945347965,0.009113439508742814,8.305477967951447e-05,0.016554632893841754,0.00027405587024986744,0.000575795114855282,0.3550496385637504,0.12606024584424977,fc,,0.0,0.35504962870750795,1,3,2,5,120,shrinkage
20260823-165812,full_s42_fixed_epochs5_pat2_dirichlet_a01_normmatched_lambda075,0.11775717156407318,0.013866751454770565,0.11237772349641802,0.012628752738237381,0.005379447820557398,2.8938458854099736e-05,0.001237998716533184,0.9543174483880318,0.9107217922978438,layer4_1_conv2,,0.0,0.9543174488552101,2,3,1,1,121,shrinkage
20260823-165812,full_s42_fixed_epochs5_pat2_dirichlet_a01_normmatched_lambda075,0.026704877506267825,0.0007131504826247692,0.008584877671271997,7.370012463070452e-05,0.01811999913169213,0.0003283343685325235,0.0006394503579940647,0.3214722729680024,0.10334442228721387,fc,,0.0,0.3214722930999664,2,3,1,1,121,shrinkage
20260823-165812,full_s42_fixed_epochs5_pat2_dirichlet_a01_normmatched_lambda075,0.11951748856009124,0.01428443007171154,0.11405762635884252,0.013009142130613327,0.0054598636704886044,2.9810111300321296e-05,0.0012752879410982132,0.9543174620967407,0.9107218184627642,layer4_1_conv2,,0.0,0.9543174488552101,2,3,1,2,122,shrinkage
20260823-165812,full_s42_fixed_epochs5_pat2_dirichlet_a01_normmatched_lambda075,0.02758319570038791,0.000760832685045898,0.008867233228723103,7.862782513257116e-05,0.018715962233529043,0.00035028724232688546,0.0006822048599133268,0.32147229512635483,0.10334443653380619,fc,,0.0,0.3214722930999664,2,3,1,2,122,shrinkage
20260823-165812,full_s42_fixed_epochs5_pat2_dirichlet_a01_normmatched_lambda075,0.12104224832589817,0.014651225879788399,0.11551272992324939,0.013343190774321556,0.00552951849469216,3.0575574783142656e-05,0.0013080351054668427,0.954317451310381,0.9107217978755417,layer4_1_conv2,,0.0,0.9543174488552101,2,3,1,3,123,shrinkage
20260823-165812,full_s42_fixed_epochs5_pat2_dirichlet_a01_normmatched_lambda075,0.02819903277655396,0.0007951854495331645,0.009065207686932347,8.21779904072173e-05,0.019133825608882833,0.00036610328243114054,0.0007130074591259472,0.3214722915769508,0.10334443425173605,fc,,0.0,0.3214722930999664,2,3,1,3,123,shrinkage
20260823-165812,full_s42_fixed_epochs5_pat2_dirichlet_a01_normmatched_lambda075,0.12186904336360024,0.014852063730359077,0.11630175752191253,0.013526098802685738,0.0055672886294433205,3.0994702683528885e-05,0.0013259649276733398,0.9543174731824428,0.9107218396213222,layer4_1_conv2,,0.0,0.9543174488552101,2,3,1,4,124,shrinkage
20260823-165812,full_s42_fixed_epochs5_pat2_dirichlet_a01_normmatched_lambda075,0.028643602362007137,0.0008204559562727809,0.009208124123494218,8.478954987367615e-05,0.019435477884289183,0.00037773780059069395,0.0007356664063991047,0.32147227876993123,0.10334442601753234,fc,,0.0,0.3214722930999664,2,3,1,4,124,shrinkage
20260823-165812,full_s42_fixed_epochs5_pat2_dirichlet_a01_normmatched_lambda075,0.12403907827439808,0.015385692939162254,0.11837265424861387,0.014012085273861885,0.0056664210939663265,3.2108328014146537e-05,0.0013736076653003693,0.954317428792489,0.9107217548971076,layer4_1_conv2,,0.0,0.9543174488552101,2,3,1,5,125,shrinkage
20260823-165812,full_s42_fixed_epochs5_pat2_dirichlet_a01_normmatched_lambda075,0.029110604440036776,0.0008474272908642888,0.009358252465077871,8.757688920013607e-05,0.019752352151486838,0.0003901554155163467,0.0007598504016641527,0.3214722828704703,0.1033444286539517,fc,,0.0,0.3214722930999664,2,3,1,5,125,shrinkage
20260823-165812,full_s42_fixed_epochs5_pat2_dirichlet_a01_normmatched_lambda075,0.12208437266439014,0.014904594048857689,0.11650724861869576,0.013573938980698586,0.005577125236080231,3.110432589892298e-05,0.0013306550681591034,0.9543174615720401,0.9107218174613023,layer4_1_conv2,,0.0,0.9543174488552101,2,3,2,1,126,shrinkage
20260823-165812,full_s42_fixed_epochs5_pat2_dirichlet_a01_normmatched_lambda075,0.02921224828886029,0.0008533554500900209,0.009390928181346502,8.818953210720792e-05,0.01982132043111025,0.0003928847436327487,0.000765165917982813,0.3214722841078826,0.10334442944953919,fc,,0.0,0.3214722930999664,2,3,2,1,126,shrinkage
20260823-165812,full_s42_fixed_epochs5_pat2_dirichlet_a01_normmatched_lambda075,0.1199656748232211,0.014391763135790825,0.11448533480494268,0.013106891885399818,0.005480338063792483,3.003410529345274e-05,0.0012848712503910065,0.9543174326626834,0.9107217622838952,layer4_1_conv2,,0.0,0.9543174488552101,2,3,2,2,127,shrinkage
20260823-165812,full_s42_fixed_epochs5_pat2_dirichlet_a01_normmatched_lambda075,0.029229440167835036,0.0008543601725250483,0.009396455038913343,8.829336729831994e-05,0.019832984919325624,0.0003933472908101976,0.0007660668052267283,0.32147228906742753,0.10334443263825169,fc,,0.0,0.3214722930999664,2,3,2,2,127,shrinkage
20260823-165812,full_s42_fixed_epochs5_pat2_dirichlet_a01_normmatched_lambda075,0.11742215504869884,0.01378796249628067,0.11205801202570728,0.012556998059153557,0.00536414327977503,2.877403312595561e-05,0.0012309644371271133,0.9543174537993544,0.9107218026260828,layer4_1_conv2,,0.0,0.9543174488552101,2,3,2,3,128,shrinkage
20260823-165812,full_s42_fixed_epochs5_pat2_dirichlet_a01_normmatched_lambda075,0.029027779865287,0.0008426120039075613,0.009331626726089701,8.70792573550716e-05,0.01969615344007899,0.00038793846033513546,0.0007555327465524897,0.321472285148785,0.10334443011878172,fc,,0.0,0.3214722930999664,2,3,2,3,128,shrinkage
20260823-165812,full_s42_fixed_epochs5_pat2_dirichlet_a01_normmatched_lambda075,0.1146100394236854,0.013135461136698723,0.109374357119442,0.011962749995291233,0.00523567877180151,2.7412332201492973e-05,0.0011727111414074898,0.9543174199173917,0.9107217379577873,layer4_1_conv2,,0.0,0.9543174488552101,2,3,2,4,129,shrinkage
20260823-165812,full_s42_fixed_epochs5_pat2_dirichlet_a01_normmatched_lambda075,0.02885222363973389,0.0008324508089572191,0.009275190674501641,8.60291620483622e-05,0.019577033057029573,0.0003832602233160287,0.0007464216469088569,0.32147229933876903,0.1033444392421551,fc,,0.0,0.3214722930999664,2,3,2,4,129,shrinkage
20260823-165812,full_s42_fixed_epochs5_pat2_dirichlet_a01_normmatched_lambda075,0.11719248681584132,0.013734078966081142,0.11183883408750253,0.012507924810051918,0.005353651559451531,2.866158502001781e-05,0.0012261541560292244,0.9543174407011976,0.9107217776264838,layer4_1_conv2,,0.0,0.9543174488552101,2,3,2,5,130,shrinkage
20260823-165812,full_s42_fixed_epochs5_pat2_dirichlet_a01_normmatched_lambda075,0.029088667278337327,0.0008461505640298128,0.0093512002964732,8.744494698476046e-05,0.019737466310263373,0.0003895675763487816,0.0007587056170450523,0.3214722835871257,0.10334442911472133,fc,,0.0,0.3214722930999664,2,3,2,5,130,shrinkage
20260823-165812,full_s42_fixed_epochs5_pat2_dirichlet_a01_normmatched_lambda075,0.11292379809249414,0.012751784175634384,0.107765147791488,0.011613327078521252,0.005158646790866218,2.6611636712914333e-05,0.0011384570971131325,0.954317421233204,0.9107217404691924,layer4_1_conv2,,0.0,0.9543174488552101,2,3,3,1,131,shrinkage
20260823-165812,full_s42_fixed_epochs5_pat2_dirichlet_a01_normmatched_lambda075,0.028672426899592714,0.0008221080643124878,0.009217390887393687,8.49602947710082e-05,0.01945503608836747,0.0003784984291996807,0.0007371477695414796,0.3214722953055857,0.1033444366490417,fc,,0.0,0.3214722930999664,2,3,3,1,131,shrinkage
20260823-165812,full_s42_fixed_epochs5_pat2_dirichlet_a01_normmatched_lambda075,0.1084762671868079,0.011767100542783737,0.10352079810405942,0.010716555640101433,0.004955472715272817,2.455670983181335e-05,0.0010505449026823044,0.9543174814983758,0.9107218554934028,layer4_1_conv2,,0.0,0.9543174488552101,2,3,3,2,132,shrinkage
20260823-165812,full_s42_fixed_epochs5_pat2_dirichlet_a01_normmatched_lambda075,0.028242624331890898,0.0007976458291523159,0.009079220712486558,8.243224874604493e-05,0.01916340347162651,0.0003672360326163471,0.0007152135804062709,0.3214722755857542,0.10334442397028311,fc,,0.0,0.3214722930999664,2,3,3,2,132,shrinkage
20260823-165812,full_s42_fixed_epochs5_pat2_dirichlet_a01_normmatched_lambda075,0.10451419990629865,0.010923217982053757,0.09973972804438333,0.009948013350367546,0.004774475006220552,2.2795611585024744e-05,0.0009752046316862106,0.9543174815843605,0.9107218556575162,layer4_1_conv2,,0.0,0.9543174488552101,2,3,3,3,133,shrinkage
20260823-165812,full_s42_fixed_epochs5_pat2_dirichlet_a01_normmatched_lambda075,0.02777297882715367,0.000771338352933526,0.008928243330904707,7.971352897584438e-05,0.018844736538937906,0.0003551240952219814,0.0006916248239576817,0.3214722981812651,0.10334443849794424,fc,,0.0,0.3214722930999664,2,3,3,3,133,shrinkage
20260823-165812,full_s42_fixed_epochs5_pat2_dirichlet_a01_normmatched_lambda075,0.10036142069177682,0.010072414763271809,0.09577665618222773,0.009173167869448662,0.004584765843347902,2.10200778383296e-05,0.0008992468938231468,0.9543174610527934,0.9107218164702497,layer4_1_conv2,,0.0,0.9543174488552101,2,3,3,4,134,shrinkage
20260823-165812,full_s42_fixed_epochs5_pat2_dirichlet_a01_normmatched_lambda075,0.02724123261097526,0.000742084754165262,0.008757301235620794,7.669032493140548e-05,0.01848393049374749,0.0003416556864976883,0.0006653944292338565,0.3214722828691882,0.10334442865312737,fc,,0.0,0.3214722930999664,2,3,3,4,134,shrinkage
20260823-165812,full_s42_fixed_epochs5_pat2_dirichlet_a01_normmatched_lambda075,0.10291202473242847,0.01059088483452797,0.09821074420563088,0.009645350277423859,0.004701283580602299,2.210206730524078e-05,0.0009455345571041107,0.9543174809841616,0.9107218545119556,layer4_1_conv2,,0.0,0.9543174488552101,2,3,3,5,135,shrinkage
20260823-165812,full_s42_fixed_epochs5_pat2_dirichlet_a01_normmatched_lambda075,0.027316096491334537,0.0007461691275238991,0.008781367648864242,7.71124177845195e-05,0.018534728031216394,0.00034353614319115877,0.0006690567097393796,0.3214722737434299,0.10334442278577072,fc,,0.0,0.3214722930999664,2,3,3,5,135,shrinkage
20260823-165812,full_s42_fixed_epochs5_pat2_dirichlet_a01_normmatched_lambda075,0.10325987279377326,0.010662601329386234,0.09893763528580854,0.009788655675947666,0.004322235073242558,1.86817160283681e-05,0.0008739456534385681,0.9581421379765117,0.9180363565662006,layer4_1_conv2,,0.0,0.9581421672274101,3,3,1,1,136,shrinkage
20260823-165812,full_s42_fixed_epochs5_pat2_dirichlet_a01_normmatched_lambda075,0.02785725141056019,0.0007760264561511576,0.008950543944430775,8.01122369011864e-05,0.018906707979795052,0.00035746360663324594,0.0006959142192499712,0.3213003254527036,0.10323389913601325,fc,,0.0,0.32130032674300496,3,3,1,1,136,shrinkage
20260823-165812,full_s42_fixed_epochs5_pat2_dirichlet_a01_normmatched_lambda075,0.10406881644006462,0.010830318555235863,0.09971272025471961,0.00994262658059597,0.0043560957437287955,1.8975570128532127e-05,0.0008876919746398926,0.9581421569461802,0.9180363929174786,layer4_1_conv2,,0.0,0.9581421672274101,3,3,1,2,137,shrinkage
20260823-165812,full_s42_fixed_epochs5_pat2_dirichlet_a01_normmatched_lambda075,0.028271432532294246,0.0007992738974280655,0.009083620856491045,8.251216786447912e-05,0.01918781197060148,0.00036817212821915746,0.0007167617295635864,0.32130033899466864,0.10323390783808901,fc,,0.0,0.32130032674300496,3,3,1,2,137,shrinkage
20260823-165812,full_s42_fixed_epochs5_pat2_dirichlet_a01_normmatched_lambda075,0.1045046290896412,0.010921217501163483,0.10013028985240513,0.010026074945926666,0.004374338071611405,1.9134833564748988e-05,0.0008951425552368164,0.9581421485790463,0.9180363768836713,layer4_1_conv2,,0.0,0.9581421672274101,3,3,1,3,138,shrinkage
20260823-165812,full_s42_fixed_epochs5_pat2_dirichlet_a01_normmatched_lambda075,0.028479833872866785,0.0008111009374260902,0.009150579759333676,8.373310993192717e-05,0.019329253610486954,0.000373620045138523,0.0007273678274941631,0.32130032078774123,0.10323389613830543,fc,,0.0,0.32130032674300496,3,3,1,3,138,shrinkage
20260823-165812,full_s42_fixed_epochs5_pat2_dirichlet_a01_normmatched_lambda075,0.1051541067899776,0.011057386174798012,0.10075258135565066,0.010151082649827003,0.004401523438190379,1.9373408576939255e-05,0.0009063035249710083,0.9581421442424686,0.9180363685735554,layer4_1_conv2,,0.0,0.9581421672274101,3,3,1,4,139,shrinkage
20260823-165812,full_s42_fixed_epochs5_pat2_dirichlet_a01_normmatched_lambda075,0.02859336457683243,0.0008175804978236556,0.009187057477516244,8.440202509518713e-05,0.01940630795568836,0.0003766047884710133,0.0007331784727284685,0.32130033011085346,0.10323390212934341,fc,,0.0,0.32130032674300496,3,3,1,4,139,shrinkage
20260823-165812,full_s42_fixed_epochs5_pat2_dirichlet_a01_normmatched_lambda075,0.11121073607254679,0.01236782781779766,0.10655569337965393,0.011354115791618824,0.004655040936843861,2.166940612369217e-05,0.0010137120261788368,0.9581421465472882,0.9180363729902452,layer4_1_conv2,,0.0,0.9581421672274101,3,3,1,5,140,shrinkage
20260823-165812,full_s42_fixed_epochs5_pat2_dirichlet_a01_normmatched_lambda075,0.028862262697403884,0.0008330302080139518,0.009273454515980646,8.599695865996182e-05,0.01958880809578383,0.0003837214026134461,0.00074703324935399,0.32130032954120324,0.10323390176328578,fc,,0.0,0.32130032674300496,3,3,1,5,140,shrinkage
20260823-165812,full_s42_fixed_epochs5_pat2_dirichlet_a01_normmatched_lambda075,0.1092893443877394,0.011944160796701908,0.10471472706377162,0.010965174064040184,0.004574615753253421,2.092710928991437e-05,0.000978986732661724,0.958142146889107,0.9180363736452671,layer4_1_conv2,,0.0,0.9581421672274101,3,3,2,1,141,shrinkage
20260823-165812,full_s42_fixed_epochs5_pat2_dirichlet_a01_normmatched_lambda075,0.028739970718325444,0.000825985916890204,0.009234162430900522,8.526975580025464e-05,0.019505809069402746,0.0003804765874519944,0.0007407161610899493,0.3213003423490808,0.1032339099936365,fc,,0.0,0.32130032674300496,3,3,2,1,141,shrinkage
20260823-165812,full_s42_fixed_epochs5_pat2_dirichlet_a01_normmatched_lambda075,0.1076253481157612,0.011583215557038784,0.10312038667792547,0.01063381414860487,0.004504964470665933,2.029470488196239e-05,0.0009494014084339142,0.9581421893939872,0.9180364550967032,layer4_1_conv2,,0.0,0.9581421672274101,3,3,2,2,142,shrinkage
20260823-165812,full_s42_fixed_epochs5_pat2_dirichlet_a01_normmatched_lambda075,0.02852094834099645,0.0008134444942697883,0.009163790158799687,8.3975050074514e-05,0.019357158715102137,0.0003746995935216546,0.0007294694441952743,0.3213003315751431,0.1032339030702969,fc,,0.0,0.32130032674300496,3,3,2,2,142,shrinkage
20260823-165812,full_s42_fixed_epochs5_pat2_dirichlet_a01_normmatched_lambda075,0.10532891752541616,0.01109418086707592,0.10092007589973517,0.010184861719608307,0.004408840799958616,1.9437877199379727e-05,0.0009093191474676132,0.9581421538428218,0.9180363869705613,layer4_1_conv2,,0.0,0.9581421672274101,3,3,2,3,143,shrinkage
20260823-165812,full_s42_fixed_epochs5_pat2_dirichlet_a01_normmatched_lambda075,0.028230291788954046,0.0007969493744894862,0.00907040198836017,8.227219223044813e-05,0.019159889592396503,0.00036710136919282377,0.0007146771822590381,0.32130032718646,0.10323390025012624,fc,,0.0,0.32130032674300496,3,3,2,3,143,shrinkage
20260823-165812,full_s42_fixed_epochs5_pat2_dirichlet_a01_normmatched_lambda075,0.10243960052586108,0.010493871755897999,0.09815170015181841,0.00963375624269247,0.004287900233626666,1.8386088413535617e-05,0.0008601155132055283,0.9581421603361272,0.9180363994135808,layer4_1_conv2,,0.0,0.9581421672274101,3,3,2,4,144,shrinkage
20260823-165812,full_s42_fixed_epochs5_pat2_dirichlet_a01_normmatched_lambda075,0.02786147187607374,0.000776261615101248,0.008951900176596304,8.013651677174494e-05,0.01890957093332752,0.000357571872882545,0.0006961250983295031,0.3213003324596006,0.10323390363864984,fc,,0.0,0.32130032674300496,3,3,2,4,144,shrinkage
20260823-165812,full_s42_fixed_epochs5_pat2_dirichlet_a01_normmatched_lambda075,0.10691578163657535,0.011430984362959862,0.10244051421061638,0.010494058951735497,0.004475263436686343,2.0027982827741653e-05,0.0009369254112243652,0.9581421249748596,0.9180363316513396,layer4_1_conv2,,0.0,0.9581421672274101,3,3,2,5,145,shrinkage
20260823-165812,full_s42_fixed_epochs5_pat2_dirichlet_a01_normmatched_lambda075,0.02801933444120338,0.0007850831025280058,0.009002621294859146,8.104719017865136e-05,0.019016713143830733,0.0003616353787947446,0.0007040359123493545,0.32130032616408216,0.10323389959314556,fc,,0.0,0.32130032674300496,3,3,2,5,145,shrinkage
20260823-165812,full_s42_fixed_epochs5_pat2_dirichlet_a01_normmatched_lambda075,0.10203809066057315,0.010411771945655346,0.09776699938820864,0.009558386169373989,0.00427109406949702,1.8242244550492615e-05,0.0008533857762813568,0.9581421874447634,0.9180364513614361,layer4_1_conv2,,0.0,0.9581421672274101,3,3,3,1,146,shrinkage
20260823-165812,full_s42_fixed_epochs5_pat2_dirichlet_a01_normmatched_lambda075,0.027418895478734374,0.0007517958292737603,0.008809700385432587,7.761082088109106e-05,0.018609195878322275,0.00034630217123776674,0.0006741850083926693,0.32130033801927727,0.1032339072113018,fc,,0.0,0.32130032674300496,3,3,3,1,146,shrinkage
20260823-165812,full_s42_fixed_epochs5_pat2_dirichlet_a01_normmatched_lambda075,0.09785896242832251,0.009576376527547836,0.09376279425738233,0.00879146158695221,0.004096164523564646,1.677856380410958e-05,0.0007849149405956268,0.9581421254702098,0.9180363326005713,layer4_1_conv2,,0.0,0.9581421672274101,3,3,3,2,147,shrinkage
20260823-165812,full_s42_fixed_epochs5_pat2_dirichlet_a01_normmatched_lambda075,0.026903937773549394,0.0007238218677230179,0.008644243729111064,7.472294964827597e-05,0.01825969309970425,0.000333416392095387,0.000649098918074742,0.3213003167740617,0.1032338935591124,fc,,0.0,0.32130032674300496,3,3,3,2,147,shrinkage
20260823-165812,full_s42_fixed_epochs5_pat2_dirichlet_a01_normmatched_lambda075,0.09376740790714025,0.008792326785624027,0.08984250606836718,0.008071675896644592,0.003924900844052894,1.5404846635647118e-05,0.000720650888979435,0.9581421527332825,0.9180363848443689,layer4_1_conv2,,0.0,0.9581421672274101,3,3,3,3,148,shrinkage
20260823-165812,full_s42_fixed_epochs5_pat2_dirichlet_a01_normmatched_lambda075,0.02630187484411505,0.0006917886203154922,0.00845080080161562,7.141603418858722e-05,0.017851073028293956,0.0003186608082614839,0.0006203725861269049,0.321300319908809,0.10323389557350297,fc,,0.0,0.32130032674300496,3,3,3,3,148,shrinkage
20260823-165812,full_s42_fixed_epochs5_pat2_dirichlet_a01_normmatched_lambda075,0.09024580371200636,0.00814430508762598,0.08646830897155004,0.007476768456399441,0.0037774943366309568,1.4269463463278953e-05,0.0006675366312265396,0.9581421563653961,0.9180363918045311,layer4_1_conv2,,0.0,0.9581421672274101,3,3,3,4,149,shrinkage
20260823-165812,full_s42_fixed_epochs5_pat2_dirichlet_a01_normmatched_lambda075,0.025769130204277613,0.0006640480714850128,0.008279630153533763,6.855227547930554e-05,0.017489499617669803,0.00030588259687647223,0.0005954957960057072,0.32130033446605677,0.10323390492799997,fc,,0.0,0.32130032674300496,3,3,3,4,149,shrinkage
20260823-165812,full_s42_fixed_epochs5_pat2_dirichlet_a01_normmatched_lambda075,0.09521039316584096,0.009065018966794014,0.09122509121588414,0.008322017267346382,0.003985301247128162,1.588262603036128e-05,0.0007430016994476318,0.958142154260249,0.9180363877704708,layer4_1_conv2,,0.0,0.9581421672274101,3,3,3,5,150,shrinkage
20260823-165812,full_s42_fixed_epochs5_pat2_dirichlet_a01_normmatched_lambda075,0.025671524985281628,0.0006590271950699389,0.008248269123569425,6.803394353482872e-05,0.01742325549044717,0.00030356983188539743,0.0005909932515351102,0.32130031730870845,0.10323389390267675,fc,,0.0,0.32130032674300496,3,3,3,5,150,shrinkage
20260823-165812,full_s42_fixed_epochs5_pat2_dirichlet_a01_normmatched_lambda075,0.09463550674519568,0.008955879136919975,0.09078402460818576,0.008241739124059677,0.0038514864294707353,1.4833947716397233e-05,0.0007141400128602982,0.9593019336032091,0.9202601998148561,layer4_1_conv2,,0.0,0.9593018597433483,4,3,1,1,151,shrinkage
20260823-165812,full_s42_fixed_epochs5_pat2_dirichlet_a01_normmatched_lambda075,0.026108248476375762,0.0006816406385041773,0.008502047127344894,7.228480535559356e-05,0.01760620120096858,0.00030997832072898746,0.0006093558331485838,0.3256460170063891,0.10604532839212545,fc,,0.0,0.3256460242330436,4,3,1,1,151,shrinkage
20260823-165812,full_s42_fixed_epochs5_pat2_dirichlet_a01_normmatched_lambda075,0.09474044383481176,0.00897575169801712,0.09088468833711665,0.008260026574134827,0.0038557572730455684,1.4866864148643799e-05,0.0007157251238822937,0.9593019059060146,0.9202601466749121,layer4_1_conv2,,0.0,0.9593018597433483,4,3,1,2,152,shrinkage
20260823-165812,full_s42_fixed_epochs5_pat2_dirichlet_a01_normmatched_lambda075,0.026413869594336673,0.0006976925069466233,0.0086015713791927,7.3987030191347e-05,0.017812298247591823,0.00031727796886116266,0.0006237054767552763,0.3256460151918423,0.10604532721032556,fc,,0.0,0.3256460242330436,4,3,1,2,152,shrinkage
20260823-165812,full_s42_fixed_epochs5_pat2_dirichlet_a01_normmatched_lambda075,0.09472292470337469,0.00897243246436119,0.09086788121272603,0.008256971836090088,0.00385504426085766,1.4861366253171582e-05,0.0007154606282711029,0.9593018954733423,0.9202601266587476,layer4_1_conv2,,0.0,0.9593018597433483,4,3,1,3,153,shrinkage
20260823-165812,full_s42_fixed_epochs5_pat2_dirichlet_a01_normmatched_lambda075,0.026686084369310213,0.0007121470989659429,0.008690216955510505,7.551987073384225e-05,0.01799586821180432,0.00032385127269662917,0.0006366272282321006,0.32564601217796163,0.1060453252474091,fc,,0.0,0.3256460242330436,4,3,1,3,153,shrinkage
20260823-165812,full_s42_fixed_epochs5_pat2_dirichlet_a01_normmatched_lambda075,0.09423411562711087,0.0088800685480237,0.09039896469911952,0.008171972818672657,0.003835150484647461,1.4708379239891656e-05,0.0007080957293510437,0.9593018844346433,0.9202601054798576,layer4_1_conv2,,0.0,0.9593018597433483,4,3,1,4,154,shrinkage
20260823-165812,full_s42_fixed_epochs5_pat2_dirichlet_a01_normmatched_lambda075,0.02679120958957037,0.0007177689112722874,0.008724450332079265,7.611603359691799e-05,0.018066758236162588,0.00032640775316394866,0.0006416528776753694,0.3256460035113768,0.10604531960293162,fc,,0.0,0.3256460242330436,4,3,1,4,154,shrinkage
20260823-165812,full_s42_fixed_epochs5_pat2_dirichlet_a01_normmatched_lambda075,0.10211739351007967,0.010427962057292461,0.09796141152069844,0.009596438147127628,0.00415598508928753,1.7272212062380277e-05,0.0008315239101648331,0.9593019186396389,0.9202601711056924,layer4_1_conv2,,0.0,0.9593018597433483,4,3,1,5,155,shrinkage
20260823-165812,full_s42_fixed_epochs5_pat2_dirichlet_a01_normmatched_lambda075,0.027282377748732385,0.0007443281356245279,0.008884397992297392,7.893252768553793e-05,0.018397980793672462,0.00033848569728434086,0.00066539560793899,0.3256460296137563,0.10604533660320345,fc,,0.0,0.3256460242330436,4,3,1,5,155,shrinkage
20260823-165812,full_s42_fixed_epochs5_pat2_dirichlet_a01_normmatched_lambda075,0.09978720741456058,0.009957486763596535,0.09572605422798847,0.009163477458059788,0.004061150608999303,1.6492944268975407e-05,0.000794009305536747,0.9593018655216968,0.9202600691934076,layer4_1_conv2,,0.0,0.9593018597433483,4,3,2,1,156,shrinkage
20260823-165812,full_s42_fixed_epochs5_pat2_dirichlet_a01_normmatched_lambda075,0.027139798211687875,0.0007365686469711363,0.008837966991063017,7.810966053511947e-05,0.01830183139645988,0.00033495703246444464,0.0006584589864360169,0.32564600967655344,0.10604532361826192,fc,,0.0,0.3256460242330436,4,3,2,1,156,shrinkage
20260823-165812,full_s42_fixed_epochs5_pat2_dirichlet_a01_normmatched_lambda075,0.0973890798398108,0.00948463287204504,0.09342552698413949,0.008728329092264175,0.0039635514608115366,1.5709740182501264e-05,0.0007563037797808647,0.9593018759167793,0.9202600891374519,layer4_1_conv2,,0.0,0.9593018597433483,4,3,2,2,157,shrinkage
20260823-165812,full_s42_fixed_epochs5_pat2_dirichlet_a01_normmatched_lambda075,0.026958186773097574,0.0007267438340932131,0.008778826063917321,7.706778706051409e-05,0.01817936076796649,0.00033048915793187916,0.000649676047032699,0.3256460138735291,0.1060453263517187,fc,,0.0,0.3256460242330436,4,3,2,2,157,shrinkage
20260823-165812,full_s42_fixed_epochs5_pat2_dirichlet_a01_normmatched_lambda075,0.09497351262268938,0.00901996809989214,0.09110826558232671,0.008300716057419777,0.0038652425926465938,1.4940100300009362e-05,0.0007192520424723625,0.9593018418122691,0.9202600237044116,layer4_1_conv2,,0.0,0.9593018597433483,4,3,2,3,158,shrinkage
20260823-165812,full_s42_fixed_epochs5_pat2_dirichlet_a01_normmatched_lambda075,0.02664359568717975,0.0007098811911419034,0.00867638071050561,7.527958223363385e-05,0.017967214402117196,0.0003228207933716476,0.0006346016089082696,0.3256460131122795,0.10604532585592291,fc,,0.0,0.3256460242330436,4,3,2,3,158,shrinkage
20260823-165812,full_s42_fixed_epochs5_pat2_dirichlet_a01_normmatched_lambda075,0.09287964614013215,0.008626628667116165,0.08909962198367778,0.007938742637634277,0.0037800259924132993,1.428859650332015e-05,0.0006878860294818878,0.9593019104449294,0.9202601553832913,layer4_1_conv2,,0.0,0.9593018597433483,4,3,2,4,159,shrinkage
20260823-165812,full_s42_fixed_epochs5_pat2_dirichlet_a01_normmatched_lambda075,0.026387190516325463,0.0006962838233448565,0.00859288353846194,7.38376475055702e-05,0.01779430789754999,0.00031663739355280995,0.0006224461758392863,0.32564601878118166,0.10604532954803372,fc,,0.0,0.3256460242330436,4,3,2,4,159,shrinkage
20260823-165812,full_s42_fixed_epochs5_pat2_dirichlet_a01_normmatched_lambda075,0.09648793403146348,0.00930992141366005,0.09256105708273246,0.008567549288272858,0.003926876491217995,1.5420358977280557e-05,0.0007423721253871918,0.9593018858974582,0.92026010828642,layer4_1_conv2,,0.0,0.9593018597433483,4,3,2,5,160,shrinkage
20260823-165812,full_s42_fixed_epochs5_pat2_dirichlet_a01_normmatched_lambda075,0.026507215521684422,0.0007026324747130275,0.008631968755020663,7.451088458765298e-05,0.01787524644099927,0.000319524435326457,0.0006281215901253745,0.325646001857842,0.10604531852599763,fc,,0.0,0.3256460242330436,4,3,2,5,160,shrinkage
20260823-165812,full_s42_fixed_epochs5_pat2_dirichlet_a01_normmatched_lambda075,0.09267668447265398,0.008588967844843864,0.08890491774554733,0.007904084399342537,0.0037717660066869277,1.4226218809199054e-05,0.0006848834455013275,0.9593018810656786,0.9202600990161492,layer4_1_conv2,,0.0,0.9593018597433483,4,3,3,1,161,shrinkage
20260823-165812,full_s42_fixed_epochs5_pat2_dirichlet_a01_normmatched_lambda075,0.02607783076452883,0.0006800532573834062,0.008492141590919914,7.211646880023181e-05,0.01758568985072805,0.00030925648752599955,0.0006079367885831743,0.32564601203221855,0.10604532515248785,fc,,0.0,0.3256460242330436,4,3,3,1,161,shrinkage
20260823-165812,full_s42_fixed_epochs5_pat2_dirichlet_a01_normmatched_lambda075,0.08871919234925725,0.007871095091104507,0.08510849186568824,0.00724345538765192,0.003610703658069227,1.3037180906394497e-05,0.0006276397034525871,0.9593019234287559,0.9202601802941103,layer4_1_conv2,,0.0,0.9593018597433483,4,3,3,2,162,shrinkage
20260823-165812,full_s42_fixed_epochs5_pat2_dirichlet_a01_normmatched_lambda075,0.02552541388387202,0.0006515467539429665,0.008312248975729814,6.909348303452134e-05,0.01721316529183291,0.0002962930593639612,0.0005824532709084451,0.32564600180613823,0.10604531849232339,fc,,0.0,0.3256460242330436,4,3,3,2,162,shrinkage
20260823-165812,full_s42_fixed_epochs5_pat2_dirichlet_a01_normmatched_lambda075,0.08531809964858832,0.007279178127646446,0.08184581187179217,0.006698736920952797,0.0034722854917563187,1.205676653626142e-05,0.0005804412066936493,0.9593018621945643,0.9202600628099588,layer4_1_conv2,,0.0,0.9593018597433483,4,3,3,3,163,shrinkage
20260823-165812,full_s42_fixed_epochs5_pat2_dirichlet_a01_normmatched_lambda075,0.02500804505319029,0.0006254023173823953,0.00814377025323971,6.632099393755198e-05,0.016864275714551753,0.00028440379537642,0.0005590813234448433,0.32564601654861486,0.10604532809398073,fc,,0.0,0.3256460242330436,4,3,3,3,163,shrinkage
20260823-165812,full_s42_fixed_epochs5_pat2_dirichlet_a01_normmatched_lambda075,0.08148075917286977,0.006639114115387201,0.07816464491116759,0.006109711714088917,0.003316112926634554,1.099660494219279e-05,0.0005294024012982845,0.9593018732843823,0.9202600840869251,layer4_1_conv2,,0.0,0.9593018597433483,4,3,3,4,164,shrinkage
20260823-165812,full_s42_fixed_epochs5_pat2_dirichlet_a01_normmatched_lambda075,0.02445834435497769,0.000598210608586669,0.007964762227938892,6.34374373476021e-05,0.01649358200038592,0.0002720382472034544,0.0005347731712390669,0.32564600908147434,0.10604532323069168,fc,,0.0,0.3256460242330436,4,3,3,4,164,shrinkage
20260823-165812,full_s42_fixed_epochs5_pat2_dirichlet_a01_normmatched_lambda075,0.08666884730572849,0.00751148909330368,0.08314158935575462,0.006912523880600929,0.003527258284732492,1.2441551007214002e-05,0.0005989652127027512,0.9593018938219947,0.9202601234904655,layer4_1_conv2,,0.0,0.9593018597433483,4,3,3,5,165,shrinkage
20260823-165812,full_s42_fixed_epochs5_pat2_dirichlet_a01_normmatched_lambda075,0.02457373854459475,0.0006038686260581017,0.00800233977760868,6.403744191629812e-05,0.0165713979356795,0.00027461122954264283,0.0005398311841418035,0.3256460047007735,0.10604532037757615,fc,,0.0,0.3256460242330436,4,3,3,5,165,shrinkage
20260823-165812,full_s42_fixed_epochs5_pat2_dirichlet_a01_normmatched_lambda075,0.08671635740433378,0.007519726641476154,0.08334513732140264,0.006946411915123463,0.0033712210378224203,1.1365131285856478e-05,0.0005733147263526917,0.961123596702614,0.923758568138569,layer4_1_conv2,,0.0,0.9611235792018918,5,3,1,1,166,shrinkage
20260823-165812,full_s42_fixed_epochs5_pat2_dirichlet_a01_normmatched_lambda075,0.024983706743522287,0.0006241856026463211,0.008195635823336024,6.716844654874876e-05,0.016788071374030888,0.0002818393404595554,0.0005570171560975723,0.32803922602321484,0.10760973380990983,fc,,0.0,0.32803923969367127,5,3,1,1,166,shrinkage
20260823-165812,full_s42_fixed_epochs5_pat2_dirichlet_a01_normmatched_lambda075,0.08659129807619068,0.007498052902519703,0.08322493822415478,0.006926390342414379,0.003366359298214827,1.1332374924677424e-05,0.0005716625601053238,0.9611235779249564,0.9237585320432699,layer4_1_conv2,,0.0,0.9611235792018918,5,3,1,2,167,shrinkage
20260823-165812,full_s42_fixed_epochs5_pat2_dirichlet_a01_normmatched_lambda075,0.02524888959630439,0.0006375064258463681,0.008282626244750771,6.860189751023427e-05,0.016966263100072928,0.00028785408358089626,0.0005689045283361338,0.32803922775134936,0.10760973494370166,fc,,0.0,0.32803923969367127,5,3,1,2,167,shrinkage
20260823-165812,full_s42_fixed_epochs5_pat2_dirichlet_a01_normmatched_lambda075,0.08682648393220722,0.0075388383120298386,0.08345098001730042,0.006964066065847874,0.003375502322335164,1.1394015928090084e-05,0.0005747722461819649,0.961123567809767,0.9237585125993759,layer4_1_conv2,,0.0,0.9611235792018918,5,3,1,3,168,shrinkage
20260823-165812,full_s42_fixed_epochs5_pat2_dirichlet_a01_normmatched_lambda075,0.02545974680736014,0.0006481987074948847,0.008351795951738069,6.975249561946839e-05,0.01710795141447514,0.000292682001600042,0.0005784462118754163,0.3280392383683743,0.10760974190930309,fc,,0.0,0.32803923969367127,5,3,1,3,168,shrinkage
20260823-165812,full_s42_fixed_epochs5_pat2_dirichlet_a01_normmatched_lambda075,0.08680822325289557,0.00753566762432456,0.0834334316806638,0.006961137522011995,0.0033747924085055134,1.1389223800506443e-05,0.0005745301023125648,0.9611235958326195,0.9237585664662245,layer4_1_conv2,,0.0,0.9611235792018918,5,3,1,4,169,shrinkage
20260823-165812,full_s42_fixed_epochs5_pat2_dirichlet_a01_normmatched_lambda075,0.025454244322370055,0.0006479185540229082,0.008349990661738204,6.972234405111521e-05,0.017104254334898,0.000292555516352877,0.000578196209971793,0.32803922819268094,0.1076097352332498,fc,,0.0,0.32803923969367127,5,3,1,4,169,shrinkage
20260823-165812,full_s42_fixed_epochs5_pat2_dirichlet_a01_normmatched_lambda075,0.09462126552413595,0.008953183889389038,0.09094272587858687,0.008270579390227795,0.0036785353395128798,1.3531622244045138e-05,0.0006826044991612434,0.9611235421004726,0.923758463179759,layer4_1_conv2,,0.0,0.9611235792018918,5,3,1,5,170,shrinkage
20260823-165812,full_s42_fixed_epochs5_pat2_dirichlet_a01_normmatched_lambda075,0.02600445970299012,0.000676231924444437,0.008530482797013267,7.27691367501393e-05,0.017473976898408534,0.00030533986864611506,0.0006034627876942977,0.3280392245962484,0.10760973287370791,fc,,0.0,0.32803923969367127,5,3,1,5,170,shrinkage
20260823-165812,full_s42_fixed_epochs5_pat2_dirichlet_a01_normmatched_lambda075,0.09269621295226356,0.008592587895691395,0.08909251393317398,0.0079374760389328,0.0036036963735713292,1.298662755289115e-05,0.0006551118567585945,0.9611235572164593,0.9237584922364205,layer4_1_conv2,,0.0,0.9611235792018918,5,3,2,1,171,shrinkage
20260823-165812,full_s42_fixed_epochs5_pat2_dirichlet_a01_normmatched_lambda075,0.025800040470493998,0.0006656420882791281,0.008463425369946159,7.162956899264827e-05,0.01733661517475068,0.00030055822571739554,0.0005940125192864798,0.3280392284510284,0.10760973540274602,fc,,0.0,0.32803923969367127,5,3,2,1,171,shrinkage
20260823-165812,full_s42_fixed_epochs5_pat2_dirichlet_a01_normmatched_lambda075,0.09092365046365743,0.008267110213637352,0.08738886340306405,0.007636813446879387,0.003534785588058097,1.2494709153543226e-05,0.0006302967667579651,0.9611235685922417,0.9237585141034853,layer4_1_conv2,,0.0,0.9611235792018918,5,3,2,2,172,shrinkage
20260823-165812,full_s42_fixed_epochs5_pat2_dirichlet_a01_normmatched_lambda075,0.025638301923341707,0.0006573225255124271,0.008410368528668116,7.073429878801107e-05,0.017227933071179,0.0002968016779050231,0.000586588226724416,0.3280392185806627,0.10760972892701179,fc,,0.0,0.32803923969367127,5,3,2,2,172,shrinkage
20260823-165812,full_s42_fixed_epochs5_pat2_dirichlet_a01_normmatched_lambda075,0.08847172747068106,0.007827246561646461,0.08503226048869063,0.007230485323816538,0.0034394634093582233,1.1829908544314094e-05,0.0005967612378299236,0.9611235466931484,0.9237584720080168,layer4_1_conv2,,0.0,0.9611235792018918,5,3,2,3,173,shrinkage
20260823-165812,full_s42_fixed_epochs5_pat2_dirichlet_a01_normmatched_lambda075,0.025279409039907334,0.0006390485214069486,0.008292637715199003,6.876784027554095e-05,0.016986771109442005,0.0002885503927245736,0.0005702806811314076,0.3280392236269381,0.10760973223776434,fc,,0.0,0.32803923969367127,5,3,2,3,173,shrinkage
20260823-165812,full_s42_fixed_epochs5_pat2_dirichlet_a01_normmatched_lambda075,0.08568795233293393,0.007342425175011158,0.08235671554784715,0.00678262859582901,0.003331240493253874,1.1097163223894313e-05,0.000559796579182148,0.9611236271332111,0.9237586266336998,layer4_1_conv2,,0.0,0.9611235792018918,5,3,2,4,174,shrinkage
20260823-165812,full_s42_fixed_epochs5_pat2_dirichlet_a01_normmatched_lambda075,0.02483725221774412,0.0006168890977278352,0.008147593272539406,6.638327613472939e-05,0.016689659332778252,0.0002785447286441922,0.0005505058215931058,0.32803923723569706,0.10760974116617793,fc,,0.0,0.32803923969367127,5,3,2,4,174,shrinkage
20260823-165812,full_s42_fixed_epochs5_pat2_dirichlet_a01_normmatched_lambda075,0.09130175457804729,0.00833601038902998,0.08775226776152224,0.007700460497289896,0.0035494848441594198,1.259884265891742e-05,0.0006355498917400837,0.9611235640220819,0.9237585053185089,layer4_1_conv2,,0.0,0.9611235792018918,5,3,2,5,175,shrinkage
20260823-165812,full_s42_fixed_epochs5_pat2_dirichlet_a01_normmatched_lambda075,0.02502909477001964,0.0006264555850066245,0.008210525091230752,6.741272227372974e-05,0.016818569798194797,0.0002828642900567502,0.0005590428627328947,0.3280392346056992,0.10760973944069296,fc,,0.0,0.32803923969367127,5,3,2,5,175,shrinkage
20260823-165812,full_s42_fixed_epochs5_pat2_dirichlet_a01_normmatched_lambda075,0.087257267514198,0.007613830734044313,0.08386501990841039,0.0070333415642380714,0.003392249705920796,1.1507358067319728e-05,0.000580489169806242,0.9611236095006568,0.9237585927395712,layer4_1_conv2,,0.0,0.9611235792018918,5,3,3,1,176,shrinkage
20260823-165812,full_s42_fixed_epochs5_pat2_dirichlet_a01_normmatched_lambda075,0.024475823008759716,0.0005990659119561315,0.008029029776736129,6.44653191557154e-05,0.01644679286833628,0.00027049699565395713,0.000534600592800416,0.32803921542750974,0.10760972685829617,fc,,0.0,0.32803923969367127,5,3,3,1,176,shrinkage
20260823-165812,full_s42_fixed_epochs5_pat2_dirichlet_a01_normmatched_lambda075,0.08330848877322847,0.006940304301679134,0.08006975083643122,0.006411164999008179,0.003238735265865424,1.0489406122360379e-05,0.0005291393026709557,0.9611235543401427,0.9237584867074292,layer4_1_conv2,,0.0,0.9611235792018918,5,3,3,2,177,shrinkage
20260823-165812,full_s42_fixed_epochs5_pat2_dirichlet_a01_normmatched_lambda075,0.02390028363695114,0.0005712235579267144,0.007840230275791121,6.146921077743173e-05,0.016060053083656555,0.00025792530504986644,0.0005097543471492827,0.32803921471750647,0.10760972639247832,fc,,0.0,0.32803923969367127,5,3,3,2,177,shrinkage
20260823-165812,full_s42_fixed_epochs5_pat2_dirichlet_a01_normmatched_lambda075,0.07980267613677546,0.00636846711859107,0.07670023350424422,0.005882925819605589,0.0031024419493480985,9.625146049074829e-06,0.00048554129898548126,0.9611235765174856,0.9237585293377631,layer4_1_conv2,,0.0,0.9611235792018918,5,3,3,3,178,shrinkage
20260823-165812,full_s42_fixed_epochs5_pat2_dirichlet_a01_normmatched_lambda075,0.023391483502234793,0.0005471615004353225,0.007673324472828883,5.8879908465314656e-05,0.015718159084264056,0.0002470605249982327,0.0004882815919700079,0.32803924009761004,0.10760974304381743,fc,,0.0,0.32803923969367127,5,3,3,3,178,shrinkage
20260823-165812,full_s42_fixed_epochs5_pat2_dirichlet_a01_normmatched_lambda075,0.07640545135209365,0.005837792996317148,0.07343508432351648,0.0053927116096019745,0.002970370034503219,8.823098141874652e-06,0.0004450813867151737,0.9611236243486209,0.9237586212810287,layer4_1_conv2,,0.0,0.9611235792018918,5,3,3,4,179,shrinkage
20260823-165812,full_s42_fixed_epochs5_pat2_dirichlet_a01_normmatched_lambda075,0.02288620749526114,0.0005237784935161471,0.007507573536477867,5.6363660405622795e-05,0.015378633027693349,0.0002365023538004607,0.00046741483311052434,0.3280392147992366,0.10760972644609969,fc,,0.0,0.32803923969367127,5,3,3,4,179,shrinkage
20260823-165812,full_s42_fixed_epochs5_pat2_dirichlet_a01_normmatched_lambda075,0.07953213138035732,0.006325359921902418,0.0764402070920975,0.005843105260282755,0.0030919242076105336,9.559995305608027e-06,0.00048225466161966324,0.9611235832034617,0.9237585421898616,layer4_1_conv2,,0.0,0.9611235792018918,5,3,3,5,180,shrinkage
20260823-165812,full_s42_fixed_epochs5_pat2_dirichlet_a01_normmatched_lambda075,0.023011440276871638,0.0005295263836160302,0.007548655059040871,5.6982193200383335e-05,0.015462785845024848,0.00023909774608910084,0.0004725441904156469,0.3280392260639105,0.10760973383660939,fc,,0.0,0.32803923969367127,5,3,3,5,180,shrinkage
20260823-165812,full_s42_fixed_epochs5_pat2_dirichlet_a01_normmatched_lambda075,0.0794342954936193,0.006309807300567627,0.07656013134776182,0.005861453711986542,0.002874166181145289,8.260831236839294e-06,0.0004483535885810852,0.963817087720148,0.9289433785813472,layer4_1_conv2,,0.0,0.9638170559115941,6,3,1,1,181,shrinkage
20260823-165812,full_s42_fixed_epochs5_pat2_dirichlet_a01_normmatched_lambda075,0.023382942955463785,0.0005467620212584734,0.0076830522028092105,5.9029291151091456e-05,0.015699890711651322,0.0002464865683577955,0.00048773273010738194,0.3285750736099686,0.1079615789977963,fc,,0.0,0.32857508211740155,6,3,1,1,181,shrinkage
20260823-165812,full_s42_fixed_epochs5_pat2_dirichlet_a01_normmatched_lambda075,0.07980055211070855,0.00636812811717391,0.07691313072209777,0.005915629677474499,0.002887418578165839,8.337186045537237e-06,0.0004524984396994114,0.9638170249172585,0.9289432575203552,layer4_1_conv2,,0.0,0.9638170559115941,6,3,1,2,182,shrinkage
20260823-165812,full_s42_fixed_epochs5_pat2_dirichlet_a01_normmatched_lambda075,0.023711750709439507,0.000562247121706605,0.007791090291615313,6.070108793210238e-05,0.015920661774524593,0.00025346747133880854,0.0005015460337745026,0.3285750760070924,0.10796158057306654,fc,,0.0,0.32857508211740155,6,3,1,2,182,shrinkage
20260823-165812,full_s42_fixed_epochs5_pat2_dirichlet_a01_normmatched_lambda075,0.08035326999932657,0.006456647999584675,0.07744585123089291,0.005997859872877598,0.0029074175119719646,8.453076588921249e-06,0.000458788126707077,0.9638170448015616,0.9289432958500156,layer4_1_conv2,,0.0,0.9638170559115941,6,3,1,3,183,shrinkage
20260823-165812,full_s42_fixed_epochs5_pat2_dirichlet_a01_normmatched_lambda075,0.023970945703768964,0.0005746062379330397,0.00787625524568224,6.203539669513702e-05,0.016094690131648534,0.0002590390504337847,0.0005125708412379026,0.32857507346670317,0.10796157890364944,fc,,0.0,0.32857508211740155,6,3,1,3,183,shrinkage
20260823-165812,full_s42_fixed_epochs5_pat2_dirichlet_a01_normmatched_lambda075,0.08061874019270965,0.006499381270259619,0.07770171833337597,0.006037557031959295,0.002917023010880461,8.509023246006109e-06,0.0004618242383003235,0.9638170746359856,0.928943353359869,layer4_1_conv2,,0.0,0.9638170559115941,6,3,1,4,184,shrinkage
20260823-165812,full_s42_fixed_epochs5_pat2_dirichlet_a01_normmatched_lambda075,0.024130601399122212,0.0005822859238833189,0.00792871405823091,6.286450661718845e-05,0.016201888281841003,0.00026250118389725685,0.0005194214172661304,0.32857507059560187,0.10796157701690472,fc,,0.0,0.32857508211740155,6,3,1,4,184,shrinkage
20260823-165812,full_s42_fixed_epochs5_pat2_dirichlet_a01_normmatched_lambda075,0.08820670301378755,0.007780422456562519,0.08501512345153987,0.007227571215480566,0.0031915777861988826,1.0186168765358161e-05,0.000552851241081953,0.9638170405059941,0.9289432875697332,layer4_1_conv2,,0.0,0.9638170559115941,6,3,1,5,185,shrinkage
20260823-165812,full_s42_fixed_epochs5_pat2_dirichlet_a01_normmatched_lambda075,0.024722798408995245,0.0006112167611718178,0.008123295495167285,6.598792970180511e-05,0.016599503382440796,0.0002755435125436634,0.0005452288314700127,0.3285750812178152,0.10796158399729387,fc,,0.0,0.32857508211740155,6,3,1,5,185,shrinkage
20260823-165812,full_s42_fixed_epochs5_pat2_dirichlet_a01_normmatched_lambda075,0.08631620087413366,0.007450486533343792,0.08319302820004763,0.006921079941093922,0.0031231740393680004,9.754216080182232e-06,0.0005294065922498703,0.9638170744025186,0.9289433529098304,layer4_1_conv2,,0.0,0.9638170559115941,6,3,2,1,186,shrinkage
20260823-165812,full_s42_fixed_epochs5_pat2_dirichlet_a01_normmatched_lambda075,0.024531254829114692,0.000601782463490963,0.008060358735646374,6.49693829473108e-05,0.016470896280405285,0.0002712904242798686,0.0005368130805436522,0.32857506849099344,0.10796157563386101,fc,,0.0,0.32857508211740155,6,3,2,1,186,shrinkage
20260823-165812,full_s42_fixed_epochs5_pat2_dirichlet_a01_normmatched_lambda075,0.08439818721516257,0.007123054005205631,0.08134441415066436,0.006616913713514805,0.0030537746142965576,9.325539394922089e-06,0.0005061402916908264,0.9638170775313811,0.9289433589411323,layer4_1_conv2,,0.0,0.9638170559115941,6,3,2,2,187,shrinkage
20260823-165812,full_s42_fixed_epochs5_pat2_dirichlet_a01_normmatched_lambda075,0.02433354451704867,0.0005921213887631893,0.007995395712248691,6.392635259544477e-05,0.016338148434252863,0.0002669350942596793,0.0005281950361677445,0.3285750543512855,0.10796156634195023,fc,,0.0,0.32857508211740155,6,3,2,2,187,shrinkage
20260823-165812,full_s42_fixed_epochs5_pat2_dirichlet_a01_normmatched_lambda075,0.0825985355380007,0.006822518073022366,0.07960987716550118,0.006337732542306185,0.002988657980687183,8.93207652552519e-06,0.0004847855307161808,0.9638170537403228,0.9289433130806759,layer4_1_conv2,,0.0,0.9638170559115941,6,3,2,3,188,shrinkage
20260823-165812,full_s42_fixed_epochs5_pat2_dirichlet_a01_normmatched_lambda075,0.024153638903556027,0.0005833982722833753,0.007936283531830913,6.298459629761055e-05,0.016217354429387227,0.00026300258468836546,0.0005204136759857647,0.3285750674471867,0.10796157494792324,fc,,0.0,0.32857508211740155,6,3,2,3,188,shrinkage
20260823-165812,full_s42_fixed_epochs5_pat2_dirichlet_a01_normmatched_lambda075,0.07994738815745929,0.006391584873199463,0.07705466087833591,0.005937420763075352,0.00289273158859188,8.367896043637302e-06,0.0004541641101241112,0.9638171134068064,0.9289434280958287,layer4_1_conv2,,0.0,0.9638170559115941,6,3,2,4,189,shrinkage
20260823-165812,full_s42_fixed_epochs5_pat2_dirichlet_a01_normmatched_lambda075,0.023831458913798797,0.0005679384339600801,0.007830423232540176,6.131552800070494e-05,0.016001035860735778,0.00025603314861655235,0.0005066229059593752,0.32857506797480346,0.10796157529464673,fc,,0.0,0.32857508211740155,6,3,2,4,189,shrinkage
20260823-165812,full_s42_fixed_epochs5_pat2_dirichlet_a01_normmatched_lambda075,0.08456325633718016,0.007150944322347641,0.08150351020795382,0.006642822176218033,0.003059747191961154,9.362052878714167e-06,0.0005081221461296082,0.9638170730201522,0.9289433502451334,layer4_1_conv2,,0.0,0.9638170559115941,6,3,2,5,190,shrinkage
20260823-165812,full_s42_fixed_epochs5_pat2_dirichlet_a01_normmatched_lambda075,0.02422893429247984,0.0005870412569493055,0.007961023689604574,6.337789818644524e-05,0.016267910555478198,0.00026464491384103894,0.0005236633587628603,0.3285750662205358,0.10796157414182951,fc,,0.0,0.32857508211740155,6,3,2,5,190,shrinkage
20260823-165812,full_s42_fixed_epochs5_pat2_dirichlet_a01_normmatched_lambda075,0.08081915829693065,0.006531736347824335,0.07789488220728809,0.006067612674087286,0.0029242746198410437,8.551382052246481e-06,0.0004641236737370491,0.963817043492352,0.9289432933263382,layer4_1_conv2,,0.0,0.9638170559115941,6,3,3,1,191,shrinkage
20260823-165812,full_s42_fixed_epochs5_pat2_dirichlet_a01_normmatched_lambda075,0.02374944614875137,0.0005640361923724413,0.0078034758603412425,6.0894235502928495e-05,0.015945969349047573,0.00025427393848076463,0.0005031419568695128,0.32857506703378475,0.10796157467625614,fc,,0.0,0.32857508211740155,6,3,3,1,191,shrinkage
20260823-165812,full_s42_fixed_epochs5_pat2_dirichlet_a01_normmatched_lambda075,0.07721817811883853,0.005962647031992674,0.07442419578862873,0.0055389609187841415,0.0027939806066851836,7.806327630532905e-06,0.00042368611320853233,0.9638170389631587,0.928943284595711,layer4_1_conv2,,0.0,0.9638170559115941,6,3,3,2,192,shrinkage
20260823-165812,full_s42_fixed_epochs5_pat2_dirichlet_a01_normmatched_lambda075,0.023234625545871558,0.0005398478242568672,0.007634318908298286,5.828282519360073e-05,0.015600306959150188,0.00024336957721970975,0.00048156499906326644,0.32857507831258287,0.10796158208811997,fc,,0.0,0.32857508211740155,6,3,3,2,192,shrinkage
20260823-165812,full_s42_fixed_epochs5_pat2_dirichlet_a01_normmatched_lambda075,0.07405574994170712,0.005484254099428654,0.07137619859487386,0.005094561725854874,0.0026795548340346944,7.180014108598698e-06,0.00038969237357378006,0.9638171060458849,0.9289434139066646,layer4_1_conv2,,0.0,0.9638170559115941,6,3,3,3,193,shrinkage
20260823-165812,full_s42_fixed_epochs5_pat2_dirichlet_a01_normmatched_lambda075,0.022781471717243505,0.0005189954536035657,0.007485424155395273,5.603157478617504e-05,0.015296048450166654,0.00023396909818984568,0.00046296387881739065,0.3285750915613361,0.10796159079454042,fc,,0.0,0.32857508211740155,6,3,3,3,193,shrinkage
20260823-165812,full_s42_fixed_epochs5_pat2_dirichlet_a01_normmatched_lambda075,0.07117255697855317,0.0050655328668653965,0.0685973249472716,0.00470559298992157,0.0025752323456483058,6.631821634073276e-06,0.0003599398769438267,0.9638170646017736,0.9289433340175797,layer4_1_conv2,,0.0,0.9638170559115941,6,3,3,4,194,shrinkage
20260823-165812,full_s42_fixed_epochs5_pat2_dirichlet_a01_normmatched_lambda075,0.022291115497698615,0.0004968938301317394,0.007324304679525478,5.3645439038518816e-05,0.014966810494721249,0.00022400541638489813,0.00044324839109322056,0.328575063023726,0.10796157204104552,fc,,0.0,0.32857508211740155,6,3,3,4,194,shrinkage
20260823-165812,full_s42_fixed_epochs5_pat2_dirichlet_a01_normmatched_lambda075,0.07585453294962269,0.005753910169005394,0.07310989193754966,0.005345056299120188,0.002744640054543963,7.533049029007088e-06,0.0004088538698852062,0.963817046848132,0.9289432997950541,layer4_1_conv2,,0.0,0.9638170559115941,6,3,3,5,195,shrinkage
20260823-165812,full_s42_fixed_epochs5_pat2_dirichlet_a01_normmatched_lambda075,0.022496944828944456,0.0005061125266365707,0.007391934978653948,5.464070272864774e-05,0.015105009513630988,0.00022816131240688264,0.00045147182390792295,0.32857505918508195,0.1079615695184801,fc,,0.0,0.32857508211740155,6,3,3,5,195,shrinkage
