run_id,tag,raw_update_norm,raw_update_energy,projected_update_norm,projected_update_energy,removed_displacement_norm,removed_displacement_energy,removed_energy,retained_norm_fraction,retained_energy_fraction,layer,basis_rank,projection_lambda,shrinkage_factor,round,client,epoch,batch,local_optimizer_step,update_control
20260823-161257,full_s42_fixed_epochs5_pat2_dirichlet_a01_lambda075_energycal,0.0538039096378902,0.002894860692322254,0.05198954268462961,0.002702912548556924,0.010731681785413267,0.00011516899394337088,0.00019194814376533031,0.966278157749658,0.9336934781440728,layer4_1_conv2,32,0.75,,1,0,1,1,96,projection
20260823-161257,full_s42_fixed_epochs5_pat2_dirichlet_a01_lambda075_energycal,0.008280343251249513,6.856408435851336e-05,0.005058436370002263,2.558777850936167e-05,0.005077970340785307,2.578578278189525e-05,4.2976305849151686e-05,0.6108969418917433,0.37319507361268406,fc,32,0.75,,1,0,1,1,96,projection
20260823-161257,full_s42_fixed_epochs5_pat2_dirichlet_a01_lambda075_energycal,0.07035257270443533,0.00494948448613286,0.06718323702373426,0.004513587336987257,0.016172148901179385,0.00026153840008191764,0.0004358971491456032,0.9549506782926609,0.9119307979716128,layer4_1_conv2,32,0.75,,1,0,1,2,97,projection
20260823-161257,full_s42_fixed_epochs5_pat2_dirichlet_a01_lambda075_energycal,0.011311133822927387,0.00012794174836017191,0.005631298819073574,3.171152638969943e-05,0.007598560730739086,5.7738125178730115e-05,9.623022197047248e-05,0.49785449515760044,0.2478590983486293,fc,32,0.75,,1,0,1,2,97,projection
20260823-161257,full_s42_fixed_epochs5_pat2_dirichlet_a01_lambda075_energycal,0.08666633276156757,0.00751105323433876,0.08227073248742489,0.006768473424017429,0.021107999196491613,0.0004455476300790906,0.000742579810321331,0.9492813398919779,0.901135062267109,layer4_1_conv2,32,0.75,,1,0,1,3,98,projection
20260823-161257,full_s42_fixed_epochs5_pat2_dirichlet_a01_lambda075_energycal,0.014095000288224293,0.00019866903312504292,0.006244210534107869,3.899016519426368e-05,0.009788121448268983,9.58073214860633e-05,0.00015967886793077923,0.44300889722752346,0.19625688302274644,fc,32,0.75,,1,0,1,3,98,projection
20260823-161257,full_s42_fixed_epochs5_pat2_dirichlet_a01_lambda075_energycal,0.0987178417096402,0.009745212271809578,0.09357008956560299,0.008755361661314964,0.02437028297455057,0.0005939106922596693,0.0009898506104946136,0.9478538827947804,0.8984269831291413,layer4_1_conv2,32,0.75,,1,0,1,4,99,projection
20260823-161257,full_s42_fixed_epochs5_pat2_dirichlet_a01_lambda075_energycal,0.016381097143032035,0.00026834034360945225,0.006831812891488727,4.667366738431156e-05,0.011532562338593805,0.00013299999409355223,0.0002216666762251407,0.417054659516182,0.1739345890241585,fc,32,0.75,,1,0,1,4,99,projection
20260823-161257,full_s42_fixed_epochs5_pat2_dirichlet_a01_lambda075_energycal,0.10959583366040511,0.012011246755719185,0.10386439713843436,0.010787812992930412,0.027093534390098706,0.0007340596057474613,0.0012234337627887726,0.9477038831628377,0.8981426501619216,layer4_1_conv2,32,0.75,,1,0,2,1,100,projection
20260823-161257,full_s42_fixed_epochs5_pat2_dirichlet_a01_lambda075_energycal,0.018386554320069998,0.0003380653797648847,0.007361594836736505,5.419307854026556e-05,0.013050800226635054,0.00017032338655553758,0.00028387230122461915,0.40037925043415523,0.160303544178216,fc,32,0.75,,1,0,2,1,100,projection
20260823-161257,full_s42_fixed_epochs5_pat2_dirichlet_a01_lambda075_energycal,0.11842615836953825,0.014024754986166954,0.1123088172485,0.012613270431756973,0.02910139912681037,0.0008468914311379194,0.0014114845544099808,0.9483446798810308,0.8993576318586548,layer4_1_conv2,32,0.75,,1,0,2,2,101,projection
20260823-161257,full_s42_fixed_epochs5_pat2_dirichlet_a01_lambda075_energycal,0.02003453001040989,0.00040138239273801446,0.0077979760280975745,6.080843013478443e-05,0.014294907043265352,0.00020434436737559736,0.00034057396260323003,0.38922680113013713,0.15149750271799936,fc,32,0.75,,1,0,2,2,101,projection
20260823-161257,full_s42_fixed_epochs5_pat2_dirichlet_a01_lambda075_energycal,0.12473796410063806,0.015559559687972069,0.11839845361586776,0.014018193818628788,0.030410849862527827,0.0009248197893612087,0.0015413658693432808,0.9491773773086788,0.9009376935945819,layer4_1_conv2,32,0.75,,1,0,2,3,102,projection
20260823-161257,full_s42_fixed_epochs5_pat2_dirichlet_a01_lambda075_energycal,0.021371246918593247,0.0004567301948554814,0.008173549058695372,6.680690421489999e-05,0.015295554690884493,0.00023395399330183864,0.0003899232906405814,0.3824554126312716,0.14627214265095617,fc,32,0.75,,1,0,2,3,102,projection
20260823-161257,full_s42_fixed_epochs5_pat2_dirichlet_a01_lambda075_energycal,0.12941664021023597,0.016748666763305664,0.12290908273506627,0.015106642618775368,0.03138814136008618,0.0009852154180407524,0.0016420241445302963,0.9497162230096668,0.9019609042477473,layer4_1_conv2,32,0.75,,1,0,2,4,103,projection
20260823-161257,full_s42_fixed_epochs5_pat2_dirichlet_a01_lambda075_energycal,0.02236664977794698,0.0005002670222893357,0.008389088696786642,7.03768091625534e-05,0.016060326721666168,0.00025793409440666437,0.00042989021312678233,0.3750713128730659,0.1406784897403253,fc,32,0.75,,1,0,2,4,103,projection
20260823-161257,full_s42_fixed_epochs5_pat2_dirichlet_a01_lambda075_energycal,0.13218302777798582,0.01747235283255577,0.1256442306991723,0.01578647270798683,0.03180453281486787,0.0010115283075720072,0.0016858801245689392,0.9505322491946843,0.9035115567591055,layer4_1_conv2,32,0.75,,1,0,3,1,104,projection
20260823-161257,full_s42_fixed_epochs5_pat2_dirichlet_a01_lambda075_energycal,0.02313113901529251,0.0005350495921447873,0.008604368272860432,7.403515337500721e-05,0.0166315551115008,0.00027660862542688847,0.0004610144387697801,0.37198203975912697,0.13837063790336074,fc,32,0.75,,1,0,3,1,104,projection
20260823-161257,full_s42_fixed_epochs5_pat2_dirichlet_a01_lambda075_energycal,0.13276297683786425,0.01762600801885128,0.1263382030895126,0.015961341559886932,0.031603794163508524,0.0009987998055294156,0.0016646664589643478,0.9516071882284031,0.9055562406879674,layer4_1_conv2,32,0.75,,1,0,3,2,105,projection
20260823-161257,full_s42_fixed_epochs5_pat2_dirichlet_a01_lambda075_energycal,0.023650924927896895,0.0005593662499450147,0.008783539056344717,7.715055835433304e-05,0.017009685060299574,0.00028932938585057855,0.00048221569159068167,0.37138247587029033,0.1379249433835468,fc,32,0.75,,1,0,3,2,105,projection
20260823-161257,full_s42_fixed_epochs5_pat2_dirichlet_a01_lambda075_energycal,0.13265271953831823,0.017596744000911713,0.1264149188026889,0.015980731695890427,0.031138526758246913,0.0009696078486740589,0.001616012305021286,0.952976457947193,0.9081641294015781,layer4_1_conv2,32,0.75,,1,0,3,3,106,projection
20260823-161257,full_s42_fixed_epochs5_pat2_dirichlet_a01_lambda075_energycal,0.023986556753058757,0.0005753549048677087,0.00892042588314466,7.957399793667719e-05,0.01724727613196583,0.00029746853397227824,0.0004957809069310315,0.3718927220351096,0.13830419670268324,fc,32,0.75,,1,0,3,3,106,projection
20260823-161257,full_s42_fixed_epochs5_pat2_dirichlet_a01_lambda075_energycal,0.13083424967497556,0.01711760088801384,0.12487008376844792,0.015592537820339203,0.030249592981218418,0.0009150378755293787,0.0015250630676746368,0.9544143378255763,0.9109067282470336,layer4_1_conv2,32,0.75,,1,0,3,4,107,projection
20260823-161257,full_s42_fixed_epochs5_pat2_dirichlet_a01_lambda075_energycal,0.02415007441028688,0.0005832260940223932,0.008986645892923919,8.075980440480635e-05,0.0173631727920037,0.00030147976940497756,0.0005024662896175869,0.37211669580181495,0.1384708352944605,fc,32,0.75,,1,0,3,4,107,projection
20260823-161257,full_s42_fixed_epochs5_pat2_dirichlet_a01_lambda075_energycal,0.136062470628843,0.018512995913624763,0.12966214702009837,0.016812272369861603,0.03194421568200649,0.0010204329155385494,0.0017007235437631607,0.9529604042969079,0.908133532157726,layer4_1_conv2,32,0.75,,2,0,1,1,108,projection
20260823-161257,full_s42_fixed_epochs5_pat2_dirichlet_a01_lambda075_energycal,0.02518615440702359,0.0006343423738144338,0.009214668728028197,8.491011976730078e-05,0.018156523607725593,0.00032965934951789677,0.000549432254047133,0.3658624726551557,0.13385534889734452,fc,32,0.75,,2,0,1,1,108,projection
20260823-161257,full_s42_fixed_epochs5_pat2_dirichlet_a01_lambda075_energycal,0.14064842929637708,0.01978198066353798,0.13394070127598087,0.017940111458301544,0.0332433653061381,0.001105121336877346,0.001841869205236435,0.9523085465372559,0.9068915678079013,layer4_1_conv2,32,0.75,,2,0,1,2,109,projection
20260823-161257,full_s42_fixed_epochs5_pat2_dirichlet_a01_lambda075_energycal,0.02596398081148236,0.0006741282995790243,0.009381622655002118,8.8014843640849e-05,0.018752815859671198,0.00035166810266673565,0.0005861134559381753,0.36133221338898736,0.1305609684325847,fc,32,0.75,,2,0,1,2,109,projection
20260823-161257,full_s42_fixed_epochs5_pat2_dirichlet_a01_lambda075_energycal,0.14437143408099595,0.020843110978603363,0.13744585965395173,0.018891364336013794,0.034220567166729096,0.0011710472172126174,0.001951746642589569,0.9520294684947245,0.9063601088823474,layer4_1_conv2,32,0.75,,2,0,1,3,110,projection
20260823-161257,full_s42_fixed_epochs5_pat2_dirichlet_a01_lambda075_energycal,0.02646520177134497,0.000700406904798001,0.009524242982689026,9.071120439330116e-05,0.019126353429354065,0.00036581739550456405,0.0006096957004046999,0.35987796597875704,0.1295121503970074,fc,32,0.75,,2,0,1,3,110,projection
20260823-161257,full_s42_fixed_epochs5_pat2_dirichlet_a01_lambda075_energycal,0.1462576828674782,0.021391309797763824,0.13931637745660003,0.019409053027629852,0.034487001808496766,0.0011893532937392592,0.001982256770133972,0.9525405758194079,0.9073335485823691,layer4_1_conv2,32,0.75,,2,0,1,4,111,projection
20260823-161257,full_s42_fixed_epochs5_pat2_dirichlet_a01_lambda075_energycal,0.026833776903422854,0.0007200515829026699,0.009635507721057236,9.28430090425536e-05,0.01939910126176351,0.00037632512976415455,0.0006272085738601163,0.35908130844704733,0.1289393860760435,fc,32,0.75,,2,0,1,4,111,projection
20260823-161257,full_s42_fixed_epochs5_pat2_dirichlet_a01_lambda075_energycal,0.14653038573869503,0.02147115394473076,0.13968275222134388,0.01951127126812935,0.03429183782580523,0.0011759301414713264,0.00195988267660141,0.9532681669891839,0.9087201981949189,layer4_1_conv2,32,0.75,,2,0,2,1,112,projection
20260823-161257,full_s42_fixed_epochs5_pat2_dirichlet_a01_lambda075_energycal,0.026923017730042357,0.0007248488836921751,0.009692542227339705,9.39453748287633e-05,0.019456158769119773,0.00037854211404919624,0.0006309035088634118,0.36000950281751554,0.12960684211891468,fc,32,0.75,,2,0,2,1,112,projection
20260823-161257,full_s42_fixed_epochs5_pat2_dirichlet_a01_lambda075_energycal,0.1458637313723454,0.02127622812986374,0.1391143455727089,0.019352801144123077,0.033971414204719025,0.0011540569830685854,0.0019234269857406616,0.9537281424509333,0.9095973697029079,layer4_1_conv2,32,0.75,,2,0,2,2,113,projection
20260823-161257,full_s42_fixed_epochs5_pat2_dirichlet_a01_lambda075_energycal,0.02698859467243666,0.0007283842423930764,0.009711205578667174,9.430751379113644e-05,0.019505025722362297,0.00038044602843001485,0.00063407672860194,0.359826278342132,0.12947495058554945,fc,32,0.75,,2,0,2,2,113,projection
20260823-161257,full_s42_fixed_epochs5_pat2_dirichlet_a01_lambda075_energycal,0.14353950575912353,0.020603589713573456,0.13697876727719216,0.018763182684779167,0.03323018850376748,0.0011042454279959202,0.0018404070287942886,0.9542931512322393,0.9106754184887575,layer4_1_conv2,32,0.75,,2,0,2,3,114,projection
20260823-161257,full_s42_fixed_epochs5_pat2_dirichlet_a01_lambda075_energycal,0.026899395044402807,0.0007235774537548423,0.00969868306271924,9.406445315107703e-05,0.019434705180106607,0.0003777077654376626,0.0006295130006037652,0.360553947280585,0.12999914889961087,fc,32,0.75,,2,0,2,3,114,projection
20260823-161257,full_s42_fixed_epochs5_pat2_dirichlet_a01_lambda075_energycal,0.14197649810038918,0.020157326012849808,0.13559754988196085,0.01838669553399086,0.03259415391434448,0.0010623788693919778,0.0017706304788589478,0.9550703933131391,0.9121594561833145,layer4_1_conv2,32,0.75,,2,0,2,4,115,projection
20260823-161257,full_s42_fixed_epochs5_pat2_dirichlet_a01_lambda075_energycal,0.026769974478471924,0.0007166315335780382,0.009595905281904828,9.208139817928895e-05,0.019357945790608642,0.0003747300652321428,0.0006245501353987493,0.3584577672878147,0.12849197092896508,fc,32,0.75,,2,0,2,4,115,projection
20260823-161257,full_s42_fixed_epochs5_pat2_dirichlet_a01_lambda075_energycal,0.13835440144789174,0.019141940400004387,0.13227774447926843,0.01749740168452263,0.03141213615732748,0.0009867222979664803,0.0016445387154817581,0.9560790484073471,0.9140871468034985,layer4_1_conv2,32,0.75,,2,0,3,1,116,projection
20260823-161257,full_s42_fixed_epochs5_pat2_dirichlet_a01_lambda075_energycal,0.02641858945072535,0.0006979418685659766,0.009547618768268611,9.115702414419502e-05,0.019080641358163394,0.00036407087463885546,0.0006067848444217816,0.36139774934147634,0.13060833322908458,fc,32,0.75,,2,0,3,1,116,projection
20260823-161257,full_s42_fixed_epochs5_pat2_dirichlet_a01_lambda075_energycal,0.13412540509410736,0.0179896242916584,0.12835964720610663,0.01647619903087616,0.03013395084432001,0.0009080549934878945,0.0015134252607822418,0.9570121865879527,0.9158723252778547,layer4_1_conv2,32,0.75,,2,0,3,2,117,projection
20260823-161257,full_s42_fixed_epochs5_pat2_dirichlet_a01_lambda075_energycal,0.025993964095837947,0.0006756861694157124,0.009421169351895938,8.875843195710331e-05,0.018765837033417464,0.0003521566395647824,0.000586927737458609,0.36243680714340987,0.13136043917230922,fc,32,0.75,,2,0,3,2,117,projection
20260823-161257,full_s42_fixed_epochs5_pat2_dirichlet_a01_lambda075_energycal,0.1289463342130965,0.016627157106995583,0.1235017542859243,0.015252683311700821,0.02871731870478473,0.0008246843935921788,0.0013744737952947617,0.9577763884456421,0.9173356102639774,layer4_1_conv2,32,0.75,,2,0,3,3,118,projection
20260823-161257,full_s42_fixed_epochs5_pat2_dirichlet_a01_lambda075_energycal,0.025505453889014436,0.0006505281780846417,0.009346118848497191,8.734993753023446e-05,0.01838224519779557,0.00033790693851187825,0.0005631782405544072,0.3664360920282504,0.13427540954093636,fc,32,0.75,,2,0,3,3,118,projection
20260823-161257,full_s42_fixed_epochs5_pat2_dirichlet_a01_lambda075_energycal,0.12391545633722992,0.015355040319263935,0.11881660739174199,0.014117386192083359,0.027250552581676798,0.000742592616006732,0.0012376541271805763,0.9588521957130863,0.9193975332238069,layer4_1_conv2,32,0.75,,2,0,3,4,119,projection
20260823-161257,full_s42_fixed_epochs5_pat2_dirichlet_a01_lambda075_energycal,0.024967829766849484,0.0006233925232663751,0.009237675970836667,8.533465734217316e-05,0.017967601537283877,0.0003228347050026059,0.0005380578659242019,0.3699831365840935,0.13688752135660398,fc,32,0.75,,2,0,3,4,119,projection
20260823-161257,full_s42_fixed_epochs5_pat2_dirichlet_a01_lambda075_energycal,0.12912245161582847,0.016672607511281967,0.12369429474262968,0.015300278551876545,0.028694888173717095,0.0008233966073021293,0.0013723289594054222,0.9579611693762684,0.9176896020327475,layer4_1_conv2,32,0.75,,3,0,1,1,120,projection
20260823-161257,full_s42_fixed_epochs5_pat2_dirichlet_a01_lambda075_energycal,0.02566834135580431,0.0006588637479580939,0.009347398615597278,8.737386087886989e-05,0.01851739476720389,0.00034289390896447003,0.000571489887079224,0.3641606010309496,0.13261294334322243,fc,32,0.75,,3,0,1,1,120,projection
20260823-161257,full_s42_fixed_epochs5_pat2_dirichlet_a01_lambda075_energycal,0.13419503203362332,0.018008306622505188,0.1284563130617764,0.01650102436542511,0.030072723560100847,0.0009043687023222446,0.0015072822570800781,0.957235980461564,0.9163007222902119,layer4_1_conv2,32,0.75,,3,0,1,2,121,projection
20260823-161257,full_s42_fixed_epochs5_pat2_dirichlet_a01_lambda075_energycal,0.02620303750549567,0.0006865991745144129,0.00945078640881632,8.931736374506727e-05,0.018930638021540252,0.0003583690559025854,0.0005972818107693456,0.3606752235054492,0.13008661685070574,fc,32,0.75,,3,0,1,2,121,projection
20260823-161257,full_s42_fixed_epochs5_pat2_dirichlet_a01_lambda075_energycal,0.1378931828766801,0.019014529883861542,0.1319498700112537,0.017410768195986748,0.03102028503650212,0.0009622580837458372,0.001603761687874794,0.956899153812835,0.9156559905677196,layer4_1_conv2,32,0.75,,3,0,1,3,122,projection
20260823-161257,full_s42_fixed_epochs5_pat2_dirichlet_a01_lambda075_energycal,0.02661652907897122,0.0007084396202117205,0.009557222883416996,9.13405092433095e-05,0.01924212708978699,0.0003702594549395144,0.000617099110968411,0.35907096883521983,0.1289319606602634,fc,32,0.75,,3,0,1,3,122,projection
20260823-161257,full_s42_fixed_epochs5_pat2_dirichlet_a01_lambda075_energycal,0.13947528160881828,0.01945335417985916,0.13352006475166192,0.017827607691287994,0.031232160080492465,0.0009754478232935071,0.001625746488571167,0.9573027077739928,0.9164284743114188,layer4_1_conv2,32,0.75,,3,0,1,4,123,projection
20260823-161257,full_s42_fixed_epochs5_pat2_dirichlet_a01_lambda075_energycal,0.026843668772832126,0.0007205825531855226,0.009593749754931715,9.204003436025232e-05,0.019419718975868697,0.00037712548510171473,0.0006285425188252702,0.3573933889633347,0.12773003447469747,fc,32,0.75,,3,0,1,4,123,projection
20260823-161257,full_s42_fixed_epochs5_pat2_dirichlet_a01_lambda075_energycal,0.14106733240640018,0.019899992272257805,0.13506296085956893,0.01824200339615345,0.0315403433052562,0.0009947932558134198,0.0016579888761043549,0.957436130361257,0.9166839437211378,layer4_1_conv2,32,0.75,,3,0,2,1,124,projection
20260823-161257,full_s42_fixed_epochs5_pat2_dirichlet_a01_lambda075_energycal,0.026851707975450216,0.0007210142211988568,0.009619298288582987,9.253089956473559e-05,0.01941880401375757,0.00037708994932472706,0.0006284833216341212,0.35823785575865974,0.12833436129856227,fc,32,0.75,,3,0,2,1,124,projection
20260823-161257,full_s42_fixed_epochs5_pat2_dirichlet_a01_lambda075_energycal,0.13979809751111455,0.01954350806772709,0.13392591786026437,0.01793615147471428,0.031055028481680756,0.000964414793998003,0.0016073565930128098,0.957995282086129,0.9177549604992823,layer4_1_conv2,32,0.75,,3,0,2,2,125,projection
20260823-161257,full_s42_fixed_epochs5_pat2_dirichlet_a01_lambda075_energycal,0.026706215786448873,0.000713221961632371,0.009587580792961948,9.192170546157286e-05,0.019307515057494378,0.0003727801376953721,0.0006213002561707981,0.35900184697177606,0.12888232612914652,fc,32,0.75,,3,0,2,2,125,projection
20260823-161257,full_s42_fixed_epochs5_pat2_dirichlet_a01_lambda075_energycal,0.13750438439358215,0.018907455727458,0.13186651511037564,0.017388777807354927,0.030186219863522715,0.0009112078696489334,0.0015186779201030731,0.958998621694352,0.9196783564116666,layer4_1_conv2,32,0.75,,3,0,2,3,126,projection
20260823-161257,full_s42_fixed_epochs5_pat2_dirichlet_a01_lambda075_energycal,0.026458784233153475,0.000700067263096571,0.009502291439351574,9.029354259837419e-05,0.01912757756663841,0.00036586422356776893,0.0006097737204981968,0.35913560334510686,0.1289783815900539,fc,32,0.75,,3,0,2,3,126,projection
20260823-161257,full_s42_fixed_epochs5_pat2_dirichlet_a01_lambda075_energycal,0.13394258559224914,0.017940616235136986,0.12853198193750487,0.01652047038078308,0.02919053706947993,0.0008520874544046819,0.0014201458543539047,0.9596050529350288,0.9208418576184397,layer4_1_conv2,32,0.75,,3,0,2,4,127,projection
20260823-161257,full_s42_fixed_epochs5_pat2_dirichlet_a01_lambda075_energycal,0.026072577047992138,0.0006797792739234865,0.009405387336626308,8.846131095197052e-05,0.01883589045019535,0.00035479076905176044,0.000591317962971516,0.36073869181836865,0.13013240377482796,fc,32,0.75,,3,0,2,4,127,projection
20260823-161257,full_s42_fixed_epochs5_pat2_dirichlet_a01_lambda075_energycal,0.12956588483392284,0.016787318512797356,0.1244375569004789,0.015484705567359924,0.027956539780674295,0.0007815681165084243,0.0013026129454374313,0.9604191493770339,0.9224049424901053,layer4_1_conv2,32,0.75,,3,0,3,1,128,projection
20260823-161257,full_s42_fixed_epochs5_pat2_dirichlet_a01_lambda075_energycal,0.02561444203499846,0.0006560996407642961,0.009316324466945155,8.679390157340094e-05,0.018481976376743228,0.0003415834507904947,0.0005693057391908951,0.3637137382971581,0.13228768342609362,fc,32,0.75,,3,0,3,1,128,projection
20260823-161257,full_s42_fixed_epochs5_pat2_dirichlet_a01_lambda075_energycal,0.12524167182972779,0.01568547636270523,0.12041434306269995,0.014499614015221596,0.026674280381431065,0.0007115172338671982,0.001185862347483635,0.9614558900683566,0.9243974285471358,layer4_1_conv2,32,0.75,,3,0,3,2,129,projection
20260823-161257,full_s42_fixed_epochs5_pat2_dirichlet_a01_lambda075_energycal,0.025096774735165556,0.0006298481021076441,0.009178459292663803,8.42441149870865e-05,0.018093157789698555,0.0003273623588029295,0.0005456039871205576,0.3657226631517301,0.13375306634279382,fc,32,0.75,,3,0,3,2,129,projection
20260823-161257,full_s42_fixed_epochs5_pat2_dirichlet_a01_lambda075_energycal,0.11997455952477641,0.01439389493316412,0.11548645524520522,0.013337121345102787,0.025180630277959037,0.0006340641411952674,0.0010567735880613327,0.9625912001898674,0.9265818186829693,layer4_1_conv2,32,0.75,,3,0,3,3,130,projection
20260823-161257,full_s42_fixed_epochs5_pat2_dirichlet_a01_lambda075_energycal,0.02446107153306009,0.0005983440205454826,0.00906987093968635,8.226255886256695e-05,0.017596841655944592,0.0003096488362643868,0.0005160814616829157,0.37078796517266494,0.13748371511688537,fc,32,0.75,,3,0,3,3,130,projection
20260823-161257,full_s42_fixed_epochs5_pat2_dirichlet_a01_lambda075_energycal,0.11558076553659875,0.013358913362026215,0.11137196029182006,0.012403713539242744,0.023939926481394987,0.000573120079934597,0.0009551998227834702,0.9635855912076826,0.9284971915830592,layer4_1_conv2,32,0.75,,3,0,3,4,131,projection
20260823-161257,full_s42_fixed_epochs5_pat2_dirichlet_a01_lambda075_energycal,0.02389505783323687,0.0005709737888537347,0.008969596085458605,8.045365393627435e-05,0.01715552616622682,0.0002943120780400932,0.0004905201349174604,0.37537452924605735,0.1409060372066992,fc,32,0.75,,3,0,3,4,131,projection
20260823-161257,full_s42_fixed_epochs5_pat2_dirichlet_a01_lambda075_energycal,0.1206654387963946,0.014560148119926453,0.11612696779532247,0.013485472649335861,0.02539302168135165,0.0006448055501095951,0.0010746754705905914,0.9623879791401567,0.9261906223934747,layer4_1_conv2,32,0.75,,4,0,1,1,132,projection
20260823-161257,full_s42_fixed_epochs5_pat2_dirichlet_a01_lambda075_energycal,0.024515564443961434,0.000601012900006026,0.009075750049065152,8.23692389531061e-05,0.017640470172322585,0.0003111861879006028,0.0005186436610529199,0.3702035933054216,0.137050700496246,fc,32,0.75,,4,0,1,1,132,projection
20260823-161257,full_s42_fixed_epochs5_pat2_dirichlet_a01_lambda075_energycal,0.12567934564081676,0.015795297920703888,0.12087231817643307,0.014610117301344872,0.026666616610747658,0.000711108441464603,0.0011851806193590164,0.9617516510778004,0.9249662383508749,layer4_1_conv2,32,0.75,,4,0,1,2,133,projection
20260823-161257,full_s42_fixed_epochs5_pat2_dirichlet_a01_lambda075_energycal,0.025034741852387476,0.0006267382996156812,0.009207589559869845,8.477970550302416e-05,0.018032614254186095,0.0003251751768402755,0.000541958594112657,0.3677924707257067,0.1352713015225198,fc,32,0.75,,4,0,1,2,133,projection
20260823-161257,full_s42_fixed_epochs5_pat2_dirichlet_a01_lambda075_energycal,0.12866659717586762,0.016555093228816986,0.12367156567899346,0.015294656157493591,0.027500220055404114,0.0007562621030956507,0.0012604370713233948,0.9611784907154518,0.9238640910140339,layer4_1_conv2,32,0.75,,4,0,1,3,134,projection
20260823-161257,full_s42_fixed_epochs5_pat2_dirichlet_a01_lambda075_energycal,0.025328238577591,0.0006415196694433689,0.009281643699193393,8.614890975877643e-05,0.01825438070889815,0.00033322241506539285,0.0005553707596845925,0.36645436952750715,0.13428880494580275,fc,32,0.75,,4,0,1,3,134,projection
20260823-161257,full_s42_fixed_epochs5_pat2_dirichlet_a01_lambda075_energycal,0.13167918741272122,0.01733940839767456,0.1265279546145085,0.016009323298931122,0.02824980080479468,0.0007980512455105782,0.0013300850987434387,0.9608804329717858,0.9232912064680465,layer4_1_conv2,32,0.75,,4,0,1,4,135,projection
20260823-161257,full_s42_fixed_epochs5_pat2_dirichlet_a01_lambda075_energycal,0.025501985903123813,0.0006503512850031257,0.009316966028260544,8.680585597176105e-05,0.018388236851542776,0.0003381272545084357,0.0005635454290313646,0.36534276442836877,0.13347533552016252,fc,32,0.75,,4,0,1,4,135,projection
20260823-161257,full_s42_fixed_epochs5_pat2_dirichlet_a01_lambda075_energycal,0.13187924839245554,0.01739213615655899,0.12674024045725837,0.016063088551163673,0.028238781361538418,0.0007974287727847695,0.001329047605395317,0.9610324747991879,0.9235834176186517,layer4_1_conv2,32,0.75,,4,0,2,1,136,projection
20260823-161257,full_s42_fixed_epochs5_pat2_dirichlet_a01_lambda075_energycal,0.02551843496490676,0.000651190523058176,0.00933979450666153,8.723176142666489e-05,0.018394978095771876,0.0003383752191439271,0.0005639587616315112,0.3660018539344486,0.1339573570834534,fc,32,0.75,,4,0,2,1,136,projection
20260823-161257,full_s42_fixed_epochs5_pat2_dirichlet_a01_lambda075_energycal,0.13075592449817447,0.0170971117913723,0.12569217963780546,0.015798524022102356,0.02791330116924893,0.0007791523821651936,0.0012985877692699432,0.9612733045955428,0.9240463661280353,layer4_1_conv2,32,0.75,,4,0,2,2,137,projection
20260823-161257,full_s42_fixed_epochs5_pat2_dirichlet_a01_lambda075_energycal,0.025325798991922242,0.0006413960945792496,0.009281258008291984,8.614175021648407e-05,0.018252468188607457,0.00033315259497612715,0.0005552543443627656,0.36647444020432585,0.134303515323074,fc,32,0.75,,4,0,2,2,137,projection
20260823-161257,full_s42_fixed_epochs5_pat2_dirichlet_a01_lambda075_energycal,0.1279911155858373,0.016381725668907166,0.12310679051765275,0.015155281871557236,0.027126850578278523,0.0007358660222962499,0.0012264437973499298,0.961838561639,0.9251334186557804,layer4_1_conv2,32,0.75,,4,0,2,3,138,projection
20260823-161257,full_s42_fixed_epochs5_pat2_dirichlet_a01_lambda075_energycal,0.024993075542451934,0.000624653825070709,0.009199275925989103,8.462667756248266e-05,0.018000451725206465,0.0003240162623114884,0.0005400271475082263,0.3680729852700078,0.13547772248557538,fc,32,0.75,,4,0,2,3,138,projection
20260823-161257,full_s42_fixed_epochs5_pat2_dirichlet_a01_lambda075_energycal,0.12418721116545464,0.015422463417053223,0.1194941014176796,0.014278840273618698,0.026194921441832556,0.0006861739093437791,0.0011436231434345245,0.9622093957684387,0.9258469213050636,layer4_1_conv2,32,0.75,,4,0,2,4,139,projection
20260823-161257,full_s42_fixed_epochs5_pat2_dirichlet_a01_lambda075_energycal,0.024541305120182235,0.0006022756570018828,0.009117835907088498,8.313493162859231e-05,0.017648921067626003,0.00031148441485129297,0.0005191407253732905,0.3715301962319106,0.13803468671212196,fc,32,0.75,,4,0,2,4,139,projection
20260823-161257,full_s42_fixed_epochs5_pat2_dirichlet_a01_lambda075_energycal,0.12000976969765256,0.014402344822883606,0.1155580484663467,0.013353662565350533,0.02508406275609462,0.0006292102043516934,0.0010486822575330734,0.9629053431023046,0.927186699774967,layer4_1_conv2,32,0.75,,4,0,3,1,140,projection
20260823-161257,full_s42_fixed_epochs5_pat2_dirichlet_a01_lambda075_energycal,0.024036678390780254,0.0005777619080618024,0.009015686539984533,8.128260378725827e-05,0.01725941977365387,0.0002978875709231943,0.0004964793042745441,0.37508038312992026,0.14068529380888775,fc,32,0.75,,4,0,3,1,140,projection
20260823-161257,full_s42_fixed_epochs5_pat2_dirichlet_a01_lambda075_energycal,0.11560860176049535,0.013365348801016808,0.11140894883887444,0.012411953881382942,0.023917293989503062,0.0005720369517803192,0.0009533949196338654,0.9636735255191368,0.9286666637864824,layer4_1_conv2,32,0.75,,4,0,3,2,141,projection
20260823-161257,full_s42_fixed_epochs5_pat2_dirichlet_a01_lambda075_energycal,0.023490750893667426,0.000551815377548337,0.008879805721341415,7.885094964876771e-05,0.01684573076771113,0.0002837786450982094,0.0004729644278995693,0.37801285116582667,0.1428937156465174,fc,32,0.75,,4,0,3,2,141,projection
20260823-161257,full_s42_fixed_epochs5_pat2_dirichlet_a01_lambda075_energycal,0.11062786232618174,0.012238523922860622,0.10672515865257393,0.011390259489417076,0.02256010930845136,0.0005089585320092738,0.0008482644334435463,0.9647222355060893,0.9306889916798664,layer4_1_conv2,32,0.75,,4,0,3,3,142,projection
20260823-161257,full_s42_fixed_epochs5_pat2_dirichlet_a01_lambda075_energycal,0.022882422675872167,0.0005236052675172687,0.008714601804869526,7.594428461743519e-05,0.016388916185422188,0.00026859657373279333,0.00044766098289983347,0.38084262004557906,0.1450411012431813,fc,32,0.75,,4,0,3,3,142,projection
20260823-161257,full_s42_fixed_epochs5_pat2_dirichlet_a01_lambda075_energycal,0.10588107484905811,0.011210802011191845,0.10223494344136705,0.010451983660459518,0.02133755339916877,0.00045529118506237864,0.0007588183507323265,0.9655638988092168,0.9323136426836554,layer4_1_conv2,32,0.75,,4,0,3,4,143,projection
20260823-161257,full_s42_fixed_epochs5_pat2_dirichlet_a01_lambda075_energycal,0.022277994024654503,0.0004963090177625418,0.008569696393678137,7.343969627982005e-05,0.01592864105899674,0.00025372160598635674,0.0004228693214827217,0.3846709171478485,0.1479717144993669,fc,32,0.75,,4,0,3,4,143,projection
20260823-161257,full_s42_fixed_epochs5_pat2_dirichlet_a01_lambda075_energycal,0.11095362969119732,0.012310707941651344,0.1070299498277202,0.011455410160124302,0.02265343895277703,0.0005131782963871956,0.0008552977815270424,0.9646367597491188,0.930524078259279,layer4_1_conv2,32,0.75,,5,0,1,1,144,projection
20260823-161257,full_s42_fixed_epochs5_pat2_dirichlet_a01_lambda075_energycal,0.02298420410494674,0.0005282736383378506,0.008637779494468922,7.46112345950678e-05,0.016498406470087414,0.00027219741605222225,0.00045366240374278277,0.3758137308139319,0.14123596026828647,fc,32,0.75,,5,0,1,1,144,projection
20260823-161257,full_s42_fixed_epochs5_pat2_dirichlet_a01_lambda075_energycal,0.11575583292217262,0.013399412855505943,0.11156897258281168,0.012447635643184185,0.02389699922302444,0.0005710665718652308,0.0009517772123217583,0.963830243075734,0.9289687374674284,layer4_1_conv2,32,0.75,,5,0,1,2,145,projection
20260823-161257,full_s42_fixed_epochs5_pat2_dirichlet_a01_lambda075_energycal,0.023521476545097366,0.0005532598588615656,0.008735174473939337,7.630327309016138e-05,0.016916676640299638,0.0002861739485524595,0.0004769565857714042,0.37137015855239874,0.13791579466323378,fc,32,0.75,,5,0,1,2,145,projection
20260823-161257,full_s42_fixed_epochs5_pat2_dirichlet_a01_lambda075_energycal,0.11914873095593749,0.014196420088410378,0.1147965097256705,0.013178238645195961,0.024716563138907886,0.0006109084933996201,0.0010181814432144165,0.9634723660474698,0.9282790001371095,layer4_1_conv2,32,0.75,,5,0,1,3,146,projection
20260823-161257,full_s42_fixed_epochs5_pat2_dirichlet_a01_lambda075_energycal,0.023885388727191873,0.0005705117946490645,0.008833182546944372,7.802511390764266e-05,0.017189880058646124,0.0002954919764306396,0.0004924866807414219,0.3698153146190332,0.13676336692677454,fc,32,0.75,,5,0,1,3,146,projection
20260823-161257,full_s42_fixed_epochs5_pat2_dirichlet_a01_lambda075_energycal,0.12011377593367255,0.014427319169044495,0.115642391005279,0.013373162597417831,0.025149432028069057,0.0006324939313344657,0.0010541565716266632,0.9627737543538497,0.9269333020726068,layer4_1_conv2,32,0.75,,5,0,1,4,147,projection
20260823-161257,full_s42_fixed_epochs5_pat2_dirichlet_a01_lambda075_energycal,0.02393410742161623,0.0005728414980694652,0.008889031273081183,7.901487697381526e-05,0.017213248985684732,0.00029629594064317644,0.0004938266210956499,0.37139597965759114,0.13793497370582183,fc,32,0.75,,5,0,1,4,147,projection
20260823-161257,full_s42_fixed_epochs5_pat2_dirichlet_a01_lambda075_energycal,0.12109867978059528,0.014664890244603157,0.11660783773178479,0.013597387820482254,0.025308119625172893,0.0006405009189620614,0.001067502424120903,0.9629158463416205,0.9272069271357993,layer4_1_conv2,32,0.75,,5,0,2,1,148,projection
20260823-161257,full_s42_fixed_epochs5_pat2_dirichlet_a01_lambda075_energycal,0.024013072972471527,0.0005766276735812426,0.008877430013608707,7.880876364652067e-05,0.017282690462326136,0.0002986913896165788,0.0004978189099347219,0.3696915435931815,0.13667183740430922,fc,32,0.75,,5,0,2,1,148,projection
20260823-161257,full_s42_fixed_epochs5_pat2_dirichlet_a01_lambda075_energycal,0.11996782522200343,0.014392279088497162,0.1155468937897683,0.013351084664463997,0.024994342459960472,0.0006247171550057828,0.001041194424033165,0.9631490241316446,0.9276560426857393,layer4_1_conv2,32,0.75,,5,0,2,2,149,projection
20260823-161257,full_s42_fixed_epochs5_pat2_dirichlet_a01_lambda075_energycal,0.023875943652073423,0.0005700606852769852,0.008807377227047294,7.756989361951128e-05,0.017189952014366662,0.00029549445025622845,0.0004924907916574739,0.3688808013367232,0.13607304559482306,fc,32,0.75,,5,0,2,2,149,projection
20260823-161257,full_s42_fixed_epochs5_pat2_dirichlet_a01_lambda075_energycal,0.11729759766516253,0.013758726418018341,0.11307585116191939,0.012786148115992546,0.02415671132043235,0.0005835467018187046,0.000972578302025795,0.9640082440964006,0.9293118946858255,layer4_1_conv2,32,0.75,,5,0,2,3,150,projection
20260823-161257,full_s42_fixed_epochs5_pat2_dirichlet_a01_lambda075_energycal,0.023614632543782994,0.0005576508701778948,0.008759239381911723,7.672427454963326e-05,0.016986934731027574,0.00028855595155619085,0.00048092659562826157,0.3709242295289393,0.13758478405163727,fc,32,0.75,,5,0,2,3,150,projection
20260823-161257,full_s42_fixed_epochs5_pat2_dirichlet_a01_lambda075_energycal,0.11425986654929526,0.013055317103862762,0.11021048887911487,0.012146351858973503,0.023353354830904963,0.0005453791818581522,0.0009089652448892593,0.9645599299870233,0.9303758585365715,layer4_1_conv2,32,0.75,,5,0,2,4,151,projection
20260823-161257,full_s42_fixed_epochs5_pat2_dirichlet_a01_lambda075_energycal,0.023327574637513566,0.0005441757384687662,0.008707582764338999,7.58219975978136e-05,0.01676341879205954,0.000281012209597975,0.0004683537408709526,0.3732742430212248,0.1393336605030684,fc,32,0.75,,5,0,2,4,151,projection
20260823-161257,full_s42_fixed_epochs5_pat2_dirichlet_a01_lambda075_energycal,0.11079762196588282,0.012276113033294678,0.10696197377026745,0.011440863832831383,0.022386359712620058,0.0005011491011828184,0.000835249200463295,0.965381493505371,0.9319614280026607,layer4_1_conv2,32,0.75,,5,0,3,1,152,projection
20260823-161257,full_s42_fixed_epochs5_pat2_dirichlet_a01_lambda075_energycal,0.022956920406878183,0.00052702019456774,0.008598872576202564,7.394060958176851e-05,0.016487805600785225,0.0002718477335292846,0.00045307958498597145,0.3745655960729921,0.1402993857615159,fc,32,0.75,,5,0,3,1,152,projection
20260823-161257,full_s42_fixed_epochs5_pat2_dirichlet_a01_lambda075_energycal,0.10682494160973961,0.011411568149924278,0.1032261850553261,0.010655645281076431,0.021296806059092187,0.00045355394831858575,0.000755922868847847,0.9663116450130088,0.9337581952877473,layer4_1_conv2,32,0.75,,5,0,3,2,153,projection
20260823-161257,full_s42_fixed_epochs5_pat2_dirichlet_a01_lambda075_energycal,0.022477656858889392,0.0005052450578659773,0.008488526036355389,7.205507426988333e-05,0.016121847592164337,0.00025991396978497505,0.00043318998359609395,0.3776428339325935,0.14261411002064045,fc,32,0.75,,5,0,3,2,153,projection
20260823-161257,full_s42_fixed_epochs5_pat2_dirichlet_a01_lambda075_energycal,0.10249534310688575,0.010505295358598232,0.09912207090901505,0.009825184941291809,0.020200639954510345,0.0004080658545717597,0.0006801104173064232,0.9670885320677162,0.9352602288568902,layer4_1_conv2,32,0.75,,5,0,3,3,154,projection
20260823-161257,full_s42_fixed_epochs5_pat2_dirichlet_a01_lambda075_energycal,0.021962351501924358,0.0004823448834940791,0.008379337477813498,7.021329656708986e-05,0.01572510477364078,0.00024727892014198005,0.00041213158692698926,0.3815318900200324,0.14556658310225806,fc,32,0.75,,5,0,3,3,154,projection
20260823-161257,full_s42_fixed_epochs5_pat2_dirichlet_a01_lambda075_energycal,0.09803813652217154,0.009611476212739944,0.09489427055254299,0.009004922583699226,0.01907701307116428,0.0003639324277173728,0.0006065536290407181,0.9679322141244743,0.9368927711399072,layer4_1_conv2,32,0.75,,5,0,3,4,155,projection
20260823-161257,full_s42_fixed_epochs5_pat2_dirichlet_a01_lambda075_energycal,0.021395117218949322,0.0004577510408125818,0.008265636529152767,6.83207472320646e-05,0.015285880833803656,0.00023365815286524594,0.00038943029358051717,0.3863328461613672,0.14925306802314262,fc,32,0.75,,5,0,3,4,155,projection
20260823-161257,full_s42_fixed_epochs5_pat2_dirichlet_a01_lambda075_energycal,0.10440318158301275,0.010900024324655533,0.1008755302048922,0.010175872594118118,0.020844447643847176,0.0004344909975770861,0.0007241517305374146,0.9662112655511782,0.9335642096780091,layer4_1_conv2,32,0.75,,6,0,1,1,156,projection
20260823-161257,full_s42_fixed_epochs5_pat2_dirichlet_a01_lambda075_energycal,0.022076198544115327,0.0004873585421591997,0.00835633010897411,6.982825289014727e-05,0.0158277650781146,0.00025051814736798406,0.00041753028926905245,0.37852214874202555,0.14327901708828014,fc,32,0.75,,6,0,1,1,156,projection
20260823-161257,full_s42_fixed_epochs5_pat2_dirichlet_a01_lambda075_energycal,0.10889709320596036,0.011858576908707619,0.10513799514576812,0.01105399802327156,0.021971511811016437,0.0004827473312616348,0.000804578885436058,0.965480271791254,0.9321521552181135,layer4_1_conv2,32,0.75,,6,0,1,2,157,projection
20260823-161257,full_s42_fixed_epochs5_pat2_dirichlet_a01_lambda075_energycal,0.02251346292975424,0.0005068560130894184,0.008456491244962037,7.151224417611957e-05,0.016161876969236755,0.0002612062671687454,0.00043534376891329885,0.3756193026078529,0.14108986049160974,fc,32,0.75,,6,0,1,2,157,projection
20260823-161257,full_s42_fixed_epochs5_pat2_dirichlet_a01_lambda075_energycal,0.11364422393024047,0.012915009632706642,0.10963159503150677,0.012019086629152298,0.023185224110192665,0.0005375546170398593,0.0008959230035543442,0.9646913080140631,0.9306293197578838,layer4_1_conv2,32,0.75,,6,0,1,3,158,projection
20260823-161257,full_s42_fixed_epochs5_pat2_dirichlet_a01_lambda075_energycal,0.02284445718397626,0.0005218692240305245,0.008478702532395957,7.188839663285762e-05,0.016431326590638295,0.0002699884935282171,0.00044998082739766687,0.37114922294337355,0.13775174569147006,fc,32,0.75,,6,0,1,3,158,projection
20260823-161257,full_s42_fixed_epochs5_pat2_dirichlet_a01_lambda075_energycal,0.11662222904335677,0.013600744307041168,0.11248206353253436,0.012652214616537094,0.02385619076016766,0.0005691178375855088,0.0009485296905040741,0.9644993450666834,0.9302589866340613,layer4_1_conv2,32,0.75,,6,0,1,4,159,projection
20260823-161257,full_s42_fixed_epochs5_pat2_dirichlet_a01_lambda075_energycal,0.0229718358110324,0.0005277052405290306,0.008543263001862266,7.298734271898866e-05,0.01651758806251569,0.0002728307154029608,0.0004547178978100419,0.37190162214894895,0.1383108165570196,fc,32,0.75,,6,0,1,4,159,projection
20260823-161257,full_s42_fixed_epochs5_pat2_dirichlet_a01_lambda075_energycal,0.11815451748971847,0.013960490003228188,0.11393532930593528,0.012981259264051914,0.024239181977118784,0.0005875379429198802,0.0009792307391762733,0.9642909279016747,0.9298569936334729,layer4_1_conv2,32,0.75,,6,0,2,1,160,projection
20260823-161257,full_s42_fixed_epochs5_pat2_dirichlet_a01_lambda075_energycal,0.022983776107255785,0.0005282539641484618,0.008530449532436458,7.276856922544539e-05,0.016531522171665793,0.0002732912253122777,0.00045548539492301643,0.37115091500319075,0.13775300170770574,fc,32,0.75,,6,0,2,1,160,projection
20260823-161257,full_s42_fixed_epochs5_pat2_dirichlet_a01_lambda075_energycal,0.11795741130955731,0.013913950882852077,0.11379525299073852,0.012949359603226185,0.024057325926980875,0.0005787549307569861,0.0009645912796258926,0.964714736678173,0.9306745231640368,layer4_1_conv2,32,0.75,,6,0,2,2,161,projection
20260823-161257,full_s42_fixed_epochs5_pat2_dirichlet_a01_lambda075_energycal,0.022828349423561906,0.0005211335374042392,0.00845810519969384,7.153954356908798e-05,0.01642426136471574,0.00026975636137649417,0.0004495939938351512,0.3705088371813665,0.13727679842948837,fc,32,0.75,,6,0,2,2,161,projection
20260823-161257,full_s42_fixed_epochs5_pat2_dirichlet_a01_lambda075_energycal,0.11571008477152095,0.013388823717832565,0.11169997237528748,0.012476883828639984,0.023391545712465607,0.0005471644108183682,0.0009119398891925812,0.9653434495000867,0.9318879754927262,layer4_1_conv2,32,0.75,,6,0,2,3,162,projection
20260823-161257,full_s42_fixed_epochs5_pat2_dirichlet_a01_lambda075_energycal,0.02256682821565698,0.000509261735714972,0.00840811026861952,7.069631828926504e-05,0.016221565832820497,0.00026313919806852937,0.000438565417425707,0.37258715262368736,0.13882118630022688,fc,32,0.75,,6,0,2,3,162,projection
20260823-161257,full_s42_fixed_epochs5_pat2_dirichlet_a01_lambda075_energycal,0.11271277793137373,0.012704170309007168,0.10888403303315296,0.011855732649564743,0.022562414522814843,0.0005090625490993261,0.0008484376594424248,0.9660309596791951,0.9332158150587064,layer4_1_conv2,32,0.75,,6,0,2,4,163,projection
20260823-161257,full_s42_fixed_epochs5_pat2_dirichlet_a01_lambda075_energycal,0.022220581120155,0.0004937542253173888,0.008308964089980442,6.903888424858451e-05,0.015963369987512604,0.0002548291813582182,0.00042471534106880426,0.3739309987011934,0.1398243917896719,fc,32,0.75,,6,0,2,4,163,projection
20260823-161257,full_s42_fixed_epochs5_pat2_dirichlet_a01_lambda075_energycal,0.10953434763594579,0.011997773312032223,0.10588361244459597,0.011211339384317398,0.021722335284730436,0.00047185985022224486,0.0007864339277148247,0.9666704073184095,0.9344516763851395,layer4_1_conv2,32,0.75,,6,0,3,1,164,projection
20260823-161257,full_s42_fixed_epochs5_pat2_dirichlet_a01_lambda075_energycal,0.02180617163363514,0.0004755091213155538,0.008186757165085797,6.702299288008362e-05,0.015655404177844313,0.00024509167997166514,0.00040848612843547016,0.37543303348388096,0.14094996263090886,fc,32,0.75,,6,0,3,1,164,projection
20260823-161257,full_s42_fixed_epochs5_pat2_dirichlet_a01_lambda075_energycal,0.10565204058387975,0.011162353679537773,0.10220666779246293,0.01044620294123888,0.020728972276488223,0.0004296902916394174,0.000716150738298893,0.9673894344834594,0.9358423179502274,layer4_1_conv2,32,0.75,,6,0,3,2,165,projection
20260823-161257,full_s42_fixed_epochs5_pat2_dirichlet_a01_lambda075_energycal,0.02130437899304269,0.00045387656427919865,0.008079394176395263,6.52766102575697e-05,0.015269576551018132,0.0002331599680474028,0.00038859995402162895,0.37923631470477165,0.14382018239085662,fc,32,0.75,,6,0,3,2,165,projection
20260823-161257,full_s42_fixed_epochs5_pat2_dirichlet_a01_lambda075_energycal,0.10182923814007977,0.010369193740189075,0.0985965189869889,0.009721273556351662,0.019716811100991015,0.0003887526399921626,0.0006479201838374138,0.9682535270602356,0.9375148926645863,layer4_1_conv2,32,0.75,,6,0,3,3,166,projection
20260823-161257,full_s42_fixed_epochs5_pat2_dirichlet_a01_lambda075_energycal,0.020807373150805997,0.00043294677743688226,0.007967034281132011,6.347363523673266e-05,0.01488905223944562,0.00022168387658894062,0.0003694731422001496,0.3828947663594623,0.14660840210546724,fc,32,0.75,,6,0,3,3,166,projection
20260823-161257,full_s42_fixed_epochs5_pat2_dirichlet_a01_lambda075_energycal,0.09751259728504967,0.009508706629276276,0.09448275701576744,0.008926991373300552,0.01868233098919584,0.00034902949118986726,0.0005817152559757233,0.9689287296858131,0.9388228832105635,layer4_1_conv2,32,0.75,,6,0,3,4,167,projection
20260823-161257,full_s42_fixed_epochs5_pat2_dirichlet_a01_lambda075_energycal,0.02036331136224885,0.0004146644496358931,0.007901133178512546,6.242790550459176e-05,0.014537603576505713,0.00021134191774763167,0.00035223654413130134,0.3880082682996393,0.1505504162688849,fc,32,0.75,,6,0,3,4,167,projection
20260823-161257,full_s42_fixed_epochs5_pat2_dirichlet_a01_lambda075_energycal,0.05128890988282902,0.002630552276968956,0.04967455599384358,0.002467561513185501,0.00988910695878046,9.77944364422001e-05,0.0001629907637834549,0.9685243088091855,0.9380393367543106,layer4_1_conv2,32,0.75,,1,1,1,1,106,projection
20260823-161257,full_s42_fixed_epochs5_pat2_dirichlet_a01_lambda075_energycal,0.008478283747211235,7.188129529822618e-05,0.0051860698841534264,2.6895320843323134e-05,0.00519534213922138,2.6991579943569377e-05,4.4985974454903044e-05,0.6116886434544352,0.3741629965311272,fc,32,0.75,,1,1,1,1,106,projection
20260823-161257,full_s42_fixed_epochs5_pat2_dirichlet_a01_lambda075_energycal,0.06652482399808796,0.00442555220797658,0.06384589878696342,0.004076298791915178,0.014475916659810514,0.0002095521631417796,0.00034925341606140137,0.9597304427111069,0.9210825226664573,layer4_1_conv2,32,0.75,,1,1,1,2,107,projection
20260823-161257,full_s42_fixed_epochs5_pat2_dirichlet_a01_lambda075_energycal,0.011665064182749447,0.00013607372238766402,0.005805941354832507,3.370895501575433e-05,0.00783701863917278,6.141886115074158e-05,0.00010236476737190969,0.4977204809055797,0.24772567711288146,fc,32,0.75,,1,1,1,2,107,projection
20260823-161257,full_s42_fixed_epochs5_pat2_dirichlet_a01_lambda075_energycal,0.08148021910503125,0.0066390261054039,0.07776003766217694,0.006046623457223177,0.018853153961219622,0.0003554414142854512,0.0005924026481807232,0.9543425203845015,0.9107696462138428,layer4_1_conv2,32,0.75,,1,1,1,3,108,projection
20260823-161257,full_s42_fixed_epochs5_pat2_dirichlet_a01_lambda075_energycal,0.014478266743550053,0.00020962020789738744,0.006482414409168239,4.202169657219201e-05,0.010027916228446178,0.00010055910388473421,0.00016759851132519543,0.44773414691065144,0.20046586630980887,fc,32,0.75,,1,1,1,3,108,projection
20260823-161257,full_s42_fixed_epochs5_pat2_dirichlet_a01_lambda075_energycal,0.09449479172434724,0.008929265663027763,0.0899122640343864,0.008084215223789215,0.02251732527588985,0.0005070299375802279,0.0008450504392385483,0.9515049707360737,0.9053617093354566,layer4_1_conv2,32,0.75,,1,1,1,4,109,projection
20260823-161257,full_s42_fixed_epochs5_pat2_dirichlet_a01_lambda075_energycal,0.016914930321364978,0.0002861148677766323,0.007114869581034063,5.062136915512383e-05,0.011886804184675557,0.00014129611372482032,0.00023549349862150848,0.4206265970866806,0.17692673417672075,fc,32,0.75,,1,1,1,4,109,projection
20260823-161257,full_s42_fixed_epochs5_pat2_dirichlet_a01_lambda075_energycal,0.10597092673603647,0.01122983731329441,0.10075180026337938,0.010150925256311893,0.025443017301721913,0.0006473471294157207,0.0010789120569825172,0.9507494495574484,0.9039245158337913,layer4_1_conv2,32,0.75,,1,1,2,1,110,projection
20260823-161257,full_s42_fixed_epochs5_pat2_dirichlet_a01_lambda075_energycal,0.019017283987264464,0.00036165709025226533,0.0076625330779972,5.871441317140125e-05,0.013482047904797822,0.00018176561570726335,0.0003029426770808641,0.4029246806814612,0.16234829830225753,fc,32,0.75,,1,1,2,1,110,projection
20260823-161257,full_s42_fixed_epochs5_pat2_dirichlet_a01_lambda075_energycal,0.11489745363589912,0.013201424852013588,0.10918413692272518,0.011921175755560398,0.02771551227838599,0.0007681496208533645,0.0012802490964531898,0.9502746446298193,0.9030219002263293,layer4_1_conv2,32,0.75,,1,1,2,2,111,projection
20260823-161257,full_s42_fixed_epochs5_pat2_dirichlet_a01_lambda075_energycal,0.02071622971324535,0.0004291621735319495,0.008117185932810736,6.58887074678205e-05,0.014763606346774483,0.0002179640723625198,0.000363273466064129,0.39182737617650787,0.15352869272136663,fc,32,0.75,,1,1,2,2,111,projection
20260823-161257,full_s42_fixed_epochs5_pat2_dirichlet_a01_lambda075_energycal,0.12170787411336165,0.014812806621193886,0.11580955687013769,0.013411853462457657,0.02899262376616112,0.0008405722328461707,0.001400953158736229,0.9515370941593301,0.9054228415611818,layer4_1_conv2,32,0.75,,1,1,2,3,112,projection
20260823-161257,full_s42_fixed_epochs5_pat2_dirichlet_a01_lambda075_energycal,0.022133834749616877,0.0004899066407233477,0.008500889594051155,7.22651238902472e-05,0.01582987402208406,0.0002505849115550518,0.00041764151683310047,0.3840676362779071,0.14750794923609867,fc,32,0.75,,1,1,2,3,112,projection
20260823-161257,full_s42_fixed_epochs5_pat2_dirichlet_a01_lambda075_energycal,0.12656083753459396,0.016017645597457886,0.12048473183494089,0.01451657060533762,0.030010750711263624,0.0009006451582536101,0.001501074992120266,0.9519906329792402,0.9062861652802147,layer4_1_conv2,32,0.75,,1,1,2,4,113,projection
20260823-161257,full_s42_fixed_epochs5_pat2_dirichlet_a01_lambda075_energycal,0.023213819213191114,0.0005388814024627209,0.008848063876512442,7.828823436284438e-05,0.016623955238245867,0.0002763558877632022,0.0004605931680998765,0.3811550264630554,0.14527915419805243,fc,32,0.75,,1,1,2,4,113,projection
20260823-161257,full_s42_fixed_epochs5_pat2_dirichlet_a01_lambda075_energycal,0.1296050608252078,0.016797471791505814,0.12355670816347272,0.015266260132193565,0.03031051580089621,0.0009187273681163788,0.0015312116593122482,0.9533324345266716,0.9088427307205508,layer4_1_conv2,32,0.75,,1,1,3,1,114,projection
20260823-161257,full_s42_fixed_epochs5_pat2_dirichlet_a01_lambda075_energycal,0.023970838860141695,0.0005746011156588793,0.009096381395755663,8.274415449704975e-05,0.017178887612633153,0.00029511417960748076,0.0004918569611618295,0.37947697403618913,0.14400277382366253,fc,32,0.75,,1,1,3,1,114,projection
20260823-161257,full_s42_fixed_epochs5_pat2_dirichlet_a01_lambda075_energycal,0.13057811601809255,0.017050644382834435,0.12467353627883367,0.015543490648269653,0.030071469288907398,0.0009042932651937008,0.0015071537345647812,0.954781245745338,0.9116072272270195,layer4_1_conv2,32,0.75,,1,1,3,2,115,projection
20260823-161257,full_s42_fixed_epochs5_pat2_dirichlet_a01_lambda075_energycal,0.024509631501196453,0.0006007220363244414,0.00930535251388345,8.658958540763706e-05,0.017563583730562098,0.00030847947346046567,0.0005141324509168044,0.3796610533874899,0.1441425154592985,fc,32,0.75,,1,1,3,2,115,projection
20260823-161257,full_s42_fixed_epochs5_pat2_dirichlet_a01_lambda075_energycal,0.13184827111090408,0.017383966594934464,0.1260705789266668,0.015893790870904922,0.029901588648114232,0.0008941050036810338,0.001490175724029541,0.956179234391497,0.9142787282815094,layer4_1_conv2,32,0.75,,1,1,3,3,116,projection
20260823-161257,full_s42_fixed_epochs5_pat2_dirichlet_a01_lambda075_energycal,0.024917352585201714,0.0006208744598552585,0.009453003014120293,8.935926598496735e-05,0.01785802682669451,0.00031890912214294076,0.0005315151938702911,0.379374292746268,0.14392485399673108,fc,32,0.75,,1,1,3,3,116,projection
20260823-161257,full_s42_fixed_epochs5_pat2_dirichlet_a01_lambda075_energycal,0.13187033593033978,0.01738978549838066,0.1262321466980414,0.015934554859995842,0.02954891784841438,0.000873138546012342,0.001455230638384819,0.9572444462773133,0.9163169299287601,layer4_1_conv2,32,0.75,,1,1,3,4,117,projection
20260823-161257,full_s42_fixed_epochs5_pat2_dirichlet_a01_lambda075_energycal,0.02522502249941718,0.000636301760096103,0.009548352232851609,9.117103036260232e-05,0.01808530875404573,0.00032707839272916317,0.0005451307297335006,0.3785270055982,0.1432826939671398,fc,32,0.75,,1,1,3,4,117,projection
20260823-161257,full_s42_fixed_epochs5_pat2_dirichlet_a01_lambda075_energycal,0.13144332918255108,0.017277348786592484,0.12599439273005902,0.01587458699941635,0.029011328226021243,0.0008416571654379368,0.0014027617871761322,0.9585453557333102,0.9188091989978984,layer4_1_conv2,32,0.75,,1,1,4,1,118,projection
20260823-161257,full_s42_fixed_epochs5_pat2_dirichlet_a01_lambda075_energycal,0.025375214815404973,0.000643901526927948,0.009617752856147013,9.250117000192404e-05,0.01818901339641181,0.0003308402083348483,0.000551400356926024,0.37902153444266395,0.14365732357127153,fc,32,0.75,,1,1,4,1,118,projection
20260823-161257,full_s42_fixed_epochs5_pat2_dirichlet_a01_lambda075_energycal,0.12868797722626546,0.016560595482587814,0.12354036553900119,0.015262221917510033,0.027911014542019254,0.0007790247327648103,0.0012983735650777817,0.9599992804439417,0.9215986184528859,layer4_1_conv2,32,0.75,,1,1,4,2,119,projection
20260823-161257,full_s42_fixed_epochs5_pat2_dirichlet_a01_lambda075_energycal,0.02528341519785109,0.0006392510840669274,0.009675992961553252,9.362483979202807e-05,0.018093527753452052,0.0003273757465649396,0.0005456262442748994,0.3827011851775326,0.1464601971362881,fc,32,0.75,,1,1,4,2,119,projection
20260823-161257,full_s42_fixed_epochs5_pat2_dirichlet_a01_lambda075_energycal,0.12619834421483989,0.015926022082567215,0.12130908509011999,0.014715894125401974,0.026945822614567808,0.0007260773563757539,0.0012101279571652412,0.9612573433103335,0.9240156800680404,layer4_1_conv2,32,0.75,,1,1,4,3,120,projection
20260823-161257,full_s42_fixed_epochs5_pat2_dirichlet_a01_lambda075_energycal,0.025080884624918066,0.0006290507735684514,0.009659125336588708,9.329870226792991e-05,0.01792906091567583,0.0003214512253180146,0.0005357520713005215,0.3851190052121322,0.14831664817558232,fc,32,0.75,,1,1,4,3,120,projection
20260823-161257,full_s42_fixed_epochs5_pat2_dirichlet_a01_lambda075_energycal,0.12275797746897661,0.01506952103227377,0.11811535990197024,0.013951238244771957,0.025903085443293002,0.0006709698354825377,0.001118282787501812,0.962180726151344,0.9257917497771275,layer4_1_conv2,32,0.75,,1,1,4,4,121,projection
20260823-161257,full_s42_fixed_epochs5_pat2_dirichlet_a01_lambda075_energycal,0.024777774027035685,0.0006139380857348442,0.009640762673381098,9.294430492445827e-05,0.017680392203970805,0.00031259626848623157,0.0005209937808103859,0.3890891354026317,0.15139035528836745,fc,32,0.75,,1,1,4,4,121,projection
20260823-161257,full_s42_fixed_epochs5_pat2_dirichlet_a01_lambda075_energycal,0.12724654694576756,0.01619168370962143,0.12230567748364478,0.014958678744733334,0.027199338289518912,0.0007398040033876896,0.0012330049648880959,0.9611708955510708,0.9238494904544473,layer4_1_conv2,32,0.75,,2,1,1,1,122,projection
20260823-161257,full_s42_fixed_epochs5_pat2_dirichlet_a01_lambda075_energycal,0.02565180688913156,0.0006580151966772974,0.009754593399987292,9.515209239907563e-05,0.018377101265580512,0.00033771785092540085,0.0005628631042782217,0.3802692512908409,0.14460470347729665,fc,32,0.75,,2,1,1,1,122,projection
20260823-161257,full_s42_fixed_epochs5_pat2_dirichlet_a01_lambda075_energycal,0.13328311789166358,0.017764389514923096,0.1279997742835305,0.01638394221663475,0.02877964974204205,0.000828268239274621,0.0013804472982883453,0.9603599938858907,0.9222913178565078,layer4_1_conv2,32,0.75,,2,1,1,2,123,projection
20260823-161257,full_s42_fixed_epochs5_pat2_dirichlet_a01_lambda075_energycal,0.026509389390961764,0.0007027477258816361,0.009881331756685697,9.764071728568524e-05,0.01905424291708692,0.00036306417314335704,0.0006051070085959509,0.3727483726975124,0.1389413493486436,fc,32,0.75,,2,1,1,2,123,projection
20260823-161257,full_s42_fixed_epochs5_pat2_dirichlet_a01_lambda075_energycal,0.13730266401338226,0.018852021545171738,0.13179327663083898,0.01736946776509285,0.029825024617330158,0.00088953209342435,0.001482553780078888,0.9598741406648431,0.9213583659170711,layer4_1_conv2,32,0.75,,2,1,1,3,124,projection
20260823-161257,full_s42_fixed_epochs5_pat2_dirichlet_a01_lambda075_energycal,0.027065272529499508,0.0007325289770960808,0.009996567943127808,9.993137064157054e-05,0.01948226209206896,0.0003795585362240672,0.0006325976064545102,0.36935035227271973,0.13641968272398217,fc,32,0.75,,2,1,1,3,124,projection
20260823-161257,full_s42_fixed_epochs5_pat2_dirichlet_a01_lambda075_energycal,0.14063029146835412,0.019776878878474236,0.13495898542082735,0.018213927745819092,0.030623051529081156,0.0009377712849527597,0.0015629511326551437,0.959672230013098,0.9209707890583125,layer4_1_conv2,32,0.75,,2,1,1,4,125,projection
20260823-161257,full_s42_fixed_epochs5_pat2_dirichlet_a01_lambda075_energycal,0.027443620398986863,0.0007531523006036878,0.01008270636435816,0.00010166096762986854,0.01977105961573886,0.0003908947983291,0.0006514913329738192,0.36739709330516696,0.13498062416908557,fc,32,0.75,,2,1,1,4,125,projection
20260823-161257,full_s42_fixed_epochs5_pat2_dirichlet_a01_lambda075_energycal,0.14263303561563273,0.02034418284893036,0.13686789143623698,0.018732819706201553,0.03109370013872778,0.0009668181883171201,0.0016113631427288055,0.959580582755515,0.9207948948014136,layer4_1_conv2,32,0.75,,2,1,2,1,126,projection
20260823-161257,full_s42_fixed_epochs5_pat2_dirichlet_a01_lambda075_energycal,0.027655296560127142,0.0007648154278285801,0.01013965549104106,0.0001028126134769991,0.019929919360111962,0.0003972016857005656,0.000662002814351581,0.3666442509121458,0.13442800672692853,fc,32,0.75,,2,1,2,1,126,projection
20260823-161257,full_s42_fixed_epochs5_pat2_dirichlet_a01_lambda075_energycal,0.14288569940886342,0.020416323095560074,0.13716297188899038,0.018813680857419968,0.031009441078747632,0.0009615854360163212,0.0016026422381401062,0.9599489134073689,0.9215019163519884,layer4_1_conv2,32,0.75,,2,1,2,2,127,projection
20260823-161257,full_s42_fixed_epochs5_pat2_dirichlet_a01_lambda075_energycal,0.027657221292826776,0.0007649218896403909,0.010137916659077484,0.00010277735418640077,0.01993205129647973,0.00039728666888549924,0.0006621445354539901,0.36655586444278376,0.13436320175739644,fc,32,0.75,,2,1,2,2,127,projection
20260823-161257,full_s42_fixed_epochs5_pat2_dirichlet_a01_lambda075_energycal,0.14128867472288764,0.01996248960494995,0.1357148575199332,0.01841852255165577,0.030436492007325584,0.0009263800457119942,0.0015439670532941818,0.9605501487370698,0.9226565882388068,layer4_1_conv2,32,0.75,,2,1,2,3,128,projection
20260823-161257,full_s42_fixed_epochs5_pat2_dirichlet_a01_lambda075_energycal,0.027478342380692012,0.0007550592999905348,0.01009210046391745,0.00010185049177380279,0.019797102759092845,0.0003919252776540816,0.000653208808216732,0.36727471854374977,0.1348907188813906,fc,32,0.75,,2,1,2,3,128,projection
20260823-161257,full_s42_fixed_epochs5_pat2_dirichlet_a01_lambda075_energycal,0.13936582391836194,0.019422832876443863,0.13394063174350812,0.017940092831850052,0.029826890325208504,0.0008896433864720166,0.001482740044593811,0.9610722914533781,0.9236599493994468,layer4_1_conv2,32,0.75,,2,1,2,4,129,projection
20260823-161257,full_s42_fixed_epochs5_pat2_dirichlet_a01_lambda075_energycal,0.027222292298749447,0.0007410531979985535,0.010019558166747534,0.00010039154585683718,0.019606044726814185,0.0003843969898298383,0.0006406616521417163,0.36806445455762804,0.1354714427088042,fc,32,0.75,,2,1,2,4,129,projection
20260823-161257,full_s42_fixed_epochs5_pat2_dirichlet_a01_lambda075_energycal,0.1362312754398649,0.018558960407972336,0.13101272707186903,0.017164334654808044,0.028927069452759732,0.0008367753471247852,0.0013946257531642914,0.9616934631849685,0.9248543171326986,layer4_1_conv2,32,0.75,,2,1,3,1,130,projection
20260823-161257,full_s42_fixed_epochs5_pat2_dirichlet_a01_lambda075_energycal,0.02684366226764815,0.0007205822039395571,0.009942685891662284,9.885700274026021e-05,0.0193141170223752,0.00037303511635400355,0.0006217252011992969,0.37039230312643145,0.13719045821530226,fc,32,0.75,,2,1,3,1,130,projection
20260823-161257,full_s42_fixed_epochs5_pat2_dirichlet_a01_lambda075_energycal,0.13222617567673509,0.01748376153409481,0.12729355577585258,0.01620364934206009,0.027714026358744266,0.0007680672570131719,0.0012801121920347214,0.9626955867426604,0.926782792733795,layer4_1_conv2,32,0.75,,2,1,3,2,131,projection
20260823-161257,full_s42_fixed_epochs5_pat2_dirichlet_a01_lambda075_energycal,0.02636767757808036,0.0006952544208616018,0.009837594301956552,9.677826164988801e-05,0.01894955618266353,0.00035908567951992154,0.0005984761592117138,0.3730929382318682,0.1391983405584886,fc,32,0.75,,2,1,3,2,131,projection
20260823-161257,full_s42_fixed_epochs5_pat2_dirichlet_a01_lambda075_energycal,0.12778079854578064,0.016327932476997375,0.12313426789509822,0.015162047930061817,0.026448661486141528,0.0006995316944085062,0.0011658845469355583,0.963636706738707,0.928595702574221,layer4_1_conv2,32,0.75,,2,1,3,3,132,projection
20260823-161257,full_s42_fixed_epochs5_pat2_dirichlet_a01_lambda075_energycal,0.02584652629389808,0.000668042921461165,0.009711957779666556,9.432212391402572e-05,0.018553502427704482,0.0003442324523348361,0.0005737207975471392,0.3757548565417621,0.14119171221472018,fc,32,0.75,,2,1,3,3,132,projection
20260823-161257,full_s42_fixed_epochs5_pat2_dirichlet_a01_lambda075_energycal,0.12341685529889668,0.015231720171868801,0.11902144990969755,0.014166105538606644,0.025285750679205094,0.0006393691874109209,0.0010656146332621574,0.9643856961145694,0.9300397708703826,layer4_1_conv2,32,0.75,,2,1,3,4,133,projection
20260823-161257,full_s42_fixed_epochs5_pat2_dirichlet_a01_lambda075_energycal,0.025359376375791214,0.0006430979701690376,0.009581245729496354,9.180026972899213e-05,0.0181873212357794,0.0003307786537334323,0.0005512977004400454,0.3778186650773828,0.14274694368085555,fc,32,0.75,,2,1,3,4,133,projection
20260823-161257,full_s42_fixed_epochs5_pat2_dirichlet_a01_lambda075_energycal,0.12941344500808022,0.016747839748859406,0.12466077297623415,0.015540308319032192,0.02691689532075388,0.0007245192537084222,0.0012075314298272133,0.9632752838659899,0.9278992725071035,layer4_1_conv2,32,0.75,,3,1,1,1,134,projection
20260823-161257,full_s42_fixed_epochs5_pat2_dirichlet_a01_lambda075_energycal,0.026078049506911845,0.0006800646660849452,0.009661766327058329,9.334972855867818e-05,0.01876243483827642,0.0003520289610605687,0.000586714937526267,0.37049420910476955,0.13726595898016866,fc,32,0.75,,3,1,1,1,134,projection
20260823-161257,full_s42_fixed_epochs5_pat2_dirichlet_a01_lambda075_energycal,0.134435893001289,0.018073009327054024,0.12940145510016796,0.016744736582040787,0.028230549523605,0.0007969639264047146,0.001328272745013237,0.9625513857294586,0.9265051701697012,layer4_1_conv2,32,0.75,,3,1,1,2,135,projection
20260823-161257,full_s42_fixed_epochs5_pat2_dirichlet_a01_lambda075_energycal,0.026606171003269317,0.000707888335455209,0.009767274419250266,9.53996495809406e-05,0.019170111999210197,0.0003674931940622628,0.0006124886858742684,0.36710560185642954,0.13476652291437133,fc,32,0.75,,3,1,1,2,135,projection
20260823-161257,full_s42_fixed_epochs5_pat2_dirichlet_a01_lambda075_energycal,0.13809982024984932,0.019071560353040695,0.1328622780807613,0.01765238493680954,0.02918056806195743,0.00085150555241853,0.0014191754162311554,0.9620742289192534,0.9255868219505758,layer4_1_conv2,32,0.75,,3,1,1,3,136,projection
20260823-161257,full_s42_fixed_epochs5_pat2_dirichlet_a01_lambda075_energycal,0.026968924411329056,0.0007273228839039803,0.009872777010250876,9.747172589413822e-05,0.019439924828651138,0.00037791067734360695,0.000629851158009842,0.3660797464397037,0.13401438075335773,fc,32,0.75,,3,1,1,3,136,projection
20260823-161257,full_s42_fixed_epochs5_pat2_dirichlet_a01_lambda075_energycal,0.14025295235463922,0.019670890644192696,0.13490669496421784,0.018199816346168518,0.029709338403304874,0.0008826447883620858,0.0014710742980241776,0.9618813201386093,0.9252156740315939,layer4_1_conv2,32,0.75,,3,1,1,4,137,projection
20260823-161257,full_s42_fixed_epochs5_pat2_dirichlet_a01_lambda075_energycal,0.02714281032411055,0.0007367321522906423,0.009899194529826415,9.799405233934522e-05,0.019576589292551603,0.00038324284832924604,0.000638738099951297,0.364707795973253,0.1330117764436679,fc,32,0.75,,3,1,1,4,137,projection
20260823-161257,full_s42_fixed_epochs5_pat2_dirichlet_a01_lambda075_energycal,0.14185776388398616,0.020123625174164772,0.1364714019889834,0.0186244435608387,0.02999180977657525,0.0008995086536742747,0.0014991816133260727,0.9620298406831801,0.9255014143649047,layer4_1_conv2,32,0.75,,3,1,2,1,138,projection
20260823-161257,full_s42_fixed_epochs5_pat2_dirichlet_a01_lambda075_energycal,0.027123221858530017,0.0007356691639870405,0.009876450131071975,9.754426719155163e-05,0.01956718982645725,0.000382874917704612,0.0006381248967954889,0.36413263079828095,0.1325925728120772,fc,32,0.75,,3,1,2,1,138,projection
20260823-161257,full_s42_fixed_epochs5_pat2_dirichlet_a01_lambda075_energycal,0.14098334352415495,0.019876303151249886,0.1356581558185057,0.018403135240077972,0.029730479874256095,0.0008839014335535467,0.0014731679111719131,0.9622282492914713,0.9258832037345297,layer4_1_conv2,32,0.75,,3,1,2,2,139,projection
20260823-161257,full_s42_fixed_epochs5_pat2_dirichlet_a01_lambda075_energycal,0.026917907349551472,0.0007245737360790372,0.009834530740862511,9.671799489296973e-05,0.01940910771194644,0.00037671346217393875,0.0006278557411860675,0.3653527227489466,0.13348261202006864,fc,32,0.75,,3,1,2,2,139,projection
20260823-161257,full_s42_fixed_epochs5_pat2_dirichlet_a01_lambda075_energycal,0.13768543722033488,0.01895727962255478,0.1325647062075783,0.01757340133190155,0.02881537777824948,0.0008303259965032339,0.0013838782906532288,0.9628084776710117,0.9270001646751713,layer4_1_conv2,32,0.75,,3,1,2,3,140,projection
20260823-161257,full_s42_fixed_epochs5_pat2_dirichlet_a01_lambda075_energycal,0.026557161823835777,0.0007052828441374004,0.009765140327704919,9.535796561976895e-05,0.019129947255537367,0.00036595488199964166,0.0006099248785176314,0.36770270831201696,0.13520528169999224,fc,32,0.75,,3,1,2,3,140,projection
20260823-161257,full_s42_fixed_epochs5_pat2_dirichlet_a01_lambda075_energycal,0.1341748765641013,0.01800289750099182,0.129256711294003,0.016707297414541245,0.027881173200561386,0.0007773598190397024,0.0012956000864505768,0.9633451105300727,0.9280338019821976,layer4_1_conv2,32,0.75,,3,1,2,4,141,projection
20260823-161257,full_s42_fixed_epochs5_pat2_dirichlet_a01_lambda075_energycal,0.02612278617300983,0.0006823999574407935,0.009662439922030561,9.336274524684995e-05,0.018799530208159863,0.0003534223360475153,0.0005890372121939436,0.36988550371452467,0.13681528585814764,fc,32,0.75,,3,1,2,4,141,projection
20260823-161257,full_s42_fixed_epochs5_pat2_dirichlet_a01_lambda075_energycal,0.13022467431208762,0.016958465799689293,0.1255568157621184,0.015764513984322548,0.026765112159646057,0.0007163712289184332,0.001193951815366745,0.9641553447944701,0.9295955288957436,layer4_1_conv2,32,0.75,,3,1,3,1,142,projection
20260823-161257,full_s42_fixed_epochs5_pat2_dirichlet_a01_lambda075_energycal,0.025649370846656572,0.0006578902248293161,0.009536336127177905,9.094170673051849e-05,0.01844367270469627,0.00034016906283795834,0.0005669485180987976,0.3717961030775528,0.13823234226365427,fc,32,0.75,,3,1,3,1,142,projection
20260823-161257,full_s42_fixed_epochs5_pat2_dirichlet_a01_lambda075_energycal,0.12536962071789656,0.01571754179894924,0.12094773441450234,0.014628354460000992,0.025563880006578166,0.000653511960990727,0.0010891873389482498,0.9647292041080332,0.9307024372589189,layer4_1_conv2,32,0.75,,3,1,3,2,143,projection
20260823-161257,full_s42_fixed_epochs5_pat2_dirichlet_a01_lambda075_energycal,0.025073743674027836,0.0006286926218308508,0.009420957739653159,8.875444473233074e-05,0.017998969831361494,0.0003239629149902612,0.0005399381770985201,0.3757300011570143,0.14117303376944995,fc,32,0.75,,3,1,3,2,143,projection
20260823-161257,full_s42_fixed_epochs5_pat2_dirichlet_a01_lambda075_energycal,0.11987305464424061,0.014369549229741096,0.11570992379623098,0.01338878646492958,0.0242581491170554,0.0005884577985852957,0.0009807627648115158,0.9652705033640381,0.9317471446646635,layer4_1_conv2,32,0.75,,3,1,3,3,144,projection
20260823-161257,full_s42_fixed_epochs5_pat2_dirichlet_a01_lambda075_energycal,0.024394311067825986,0.0005950824124738574,0.009254840801928984,8.565207826904953e-05,0.017483081768841266,0.0003056581481359899,0.0005094303342048079,0.3793852089610896,0.14393313677844968,fc,32,0.75,,3,1,3,3,144,projection
20260823-161257,full_s42_fixed_epochs5_pat2_dirichlet_a01_lambda075_energycal,0.11369218366311584,0.012925912626087666,0.10978996373556352,0.01205383613705635,0.022874569976864042,0.0005232459516264498,0.0008720764890313148,0.9656773244929916,0.9325326950399424,layer4_1_conv2,32,0.75,,3,1,3,4,145,projection
20260823-161257,full_s42_fixed_epochs5_pat2_dirichlet_a01_lambda075_energycal,0.02360915490509551,0.0005573921953327954,0.00909613863080252,8.273973799077794e-05,0.016875765416658993,0.0002847914583981037,0.00047465245734201744,0.3852801452388845,0.14844079031529592,fc,32,0.75,,3,1,3,4,145,projection
20260823-161257,full_s42_fixed_epochs5_pat2_dirichlet_a01_lambda075_energycal,0.11939561634640847,0.014255313202738762,0.1152066100341166,0.013272562995553017,0.024282722046194378,0.0005896505899727345,0.0009827502071857452,0.9649149069247392,0.9310607776055781,layer4_1_conv2,32,0.75,,4,1,1,1,146,projection
20260823-161257,full_s42_fixed_epochs5_pat2_dirichlet_a01_lambda075_energycal,0.024387840255519218,0.0005947667523287237,0.009227192448943926,8.514108048984781e-05,0.01748643412377348,0.00030577537836506963,0.0005096256718388759,0.37835217683352335,0.14315036971466572,fc,32,0.75,,4,1,1,1,146,projection
20260823-161257,full_s42_fixed_epochs5_pat2_dirichlet_a01_lambda075_energycal,0.12480864182776022,0.015577197074890137,0.1203880009683934,0.01449327077716589,0.025502063507176587,0.0006503552431240678,0.001083926297724247,0.9645806508697736,0.9304158320323561,layer4_1_conv2,32,0.75,,4,1,1,2,147,projection
20260823-161257,full_s42_fixed_epochs5_pat2_dirichlet_a01_lambda075_energycal,0.024912480320144526,0.0006206316757015884,0.009344167333407217,8.731346315471455e-05,0.017888289787484368,0.00031999091152101755,0.0005333182125468738,0.3750797677841581,0.14068483220101796,fc,32,0.75,,4,1,1,2,147,projection
20260823-161257,full_s42_fixed_epochs5_pat2_dirichlet_a01_lambda075_energycal,0.1290139557521516,0.01664460077881813,0.12435635241815671,0.01546450238674879,0.026609366020871997,0.0007080583600327373,0.0011800983920693398,0.9638984534127253,0.9291002284914439,layer4_1_conv2,32,0.75,,4,1,1,3,148,projection
20260823-161257,full_s42_fixed_epochs5_pat2_dirichlet_a01_lambda075_energycal,0.02524051169795315,0.0006370834307745099,0.00941749326479884,8.868917939253151e-05,0.018139364835901867,0.0003290365566499531,0.0005483942513819784,0.3731102355410069,0.13921124786546563,fc,32,0.75,,4,1,1,3,148,projection
20260823-161257,full_s42_fixed_epochs5_pat2_dirichlet_a01_lambda075_energycal,0.13119355986376338,0.017211750149726868,0.12639605739226362,0.015975963324308395,0.027229984581826093,0.0007414720603264868,0.0012357868254184723,0.9634318751889828,0.9282009781301593,layer4_1_conv2,32,0.75,,4,1,1,4,149,projection
20260823-161257,full_s42_fixed_epochs5_pat2_dirichlet_a01_lambda075_energycal,0.02541930614492171,0.0006461411248892546,0.00942285667363551,8.87902278918773e-05,0.01828689478113023,0.0003344105207361281,0.0005573508969973773,0.37069684828977983,0.13741615333197604,fc,32,0.75,,4,1,1,4,149,projection
20260823-161257,full_s42_fixed_epochs5_pat2_dirichlet_a01_lambda075_energycal,0.13220533259705614,0.017478249967098236,0.1273926828134676,0.016228895634412766,0.027379074865331667,0.0007496137404814363,0.0012493543326854706,0.9635971583819782,0.9285194836418231,layer4_1_conv2,32,0.75,,4,1,2,1,150,projection
20260823-161257,full_s42_fixed_epochs5_pat2_dirichlet_a01_lambda075_energycal,0.025410078464216,0.0006456720875576138,0.009453715727610432,8.937274105846882e-05,0.01826963622789154,0.000333779607899487,0.000556299346499145,0.37204590851318,0.13841815804139748,fc,32,0.75,,4,1,2,1,150,projection
20260823-161257,full_s42_fixed_epochs5_pat2_dirichlet_a01_lambda075_energycal,0.13128385447801905,0.017235450446605682,0.12652509866668044,0.01600860059261322,0.027131330551379607,0.0007361090974882245,0.0012268498539924622,0.9637521625925801,0.928818230901875,layer4_1_conv2,32,0.75,,4,1,2,2,151,projection
20260823-161257,full_s42_fixed_epochs5_pat2_dirichlet_a01_lambda075_energycal,0.025176553433208956,0.0006338588427752256,0.009398996433665515,8.834113396005705e-05,0.018091728532570014,0.0003273106412962079,0.0005455177088151686,0.37332339625438304,0.13937035819090707,fc,32,0.75,,4,1,2,2,151,projection
20260823-161257,full_s42_fixed_epochs5_pat2_dirichlet_a01_lambda075_energycal,0.12866504817841964,0.01655469462275505,0.12407319129739655,0.01539415679872036,0.026387928381553707,0.0006963227642700076,0.0011605378240346909,0.9643115442302903,0.9298967543358071,layer4_1_conv2,32,0.75,,4,1,2,3,152,projection
20260823-161257,full_s42_fixed_epochs5_pat2_dirichlet_a01_lambda075_energycal,0.024792129283091265,0.0006146496743895113,0.009311893246502992,8.671135583426803e-05,0.017797836289314237,0.00031676297658123076,0.0005279383185552433,0.3755987692777115,0.1410744354829316,fc,32,0.75,,4,1,2,3,152,projection
20260823-161257,full_s42_fixed_epochs5_pat2_dirichlet_a01_lambda075_energycal,0.12569785522548374,0.015799950808286667,0.12128163190554,0.014709234237670898,0.025581832003083282,0.000654430128633976,0.0010907165706157684,0.9648663590001463,0.9309670907301992,layer4_1_conv2,32,0.75,,4,1,2,4,153,projection
20260823-161257,full_s42_fixed_epochs5_pat2_dirichlet_a01_lambda075_energycal,0.024401803515151393,0.0005954480147920549,0.009176714744265863,8.421209349762648e-05,0.017514037487710004,0.00030674150912091136,0.0005112359212944284,0.37606706973801846,0.14142644094133963,fc,32,0.75,,4,1,2,4,153,projection
20260823-161257,full_s42_fixed_epochs5_pat2_dirichlet_a01_lambda075_energycal,0.12140829626467556,0.014739974401891232,0.11720048514585528,0.013735953718423843,0.024544087112263635,0.0006024122121743858,0.0010040206834673882,0.965341650873289,0.9318845029107672,layer4_1_conv2,32,0.75,,4,1,3,1,154,projection
20260823-161257,full_s42_fixed_epochs5_pat2_dirichlet_a01_lambda075_energycal,0.023828284710598998,0.000567787152249366,0.009081206329116239,8.246830839198083e-05,0.017064328390067045,0.0002911913034040481,0.0004853188438573852,0.38111036691939687,0.1452451117734373,fc,32,0.75,,4,1,3,1,154,projection
20260823-161257,full_s42_fixed_epochs5_pat2_dirichlet_a01_lambda075_energycal,0.11704392777672497,0.01369928102940321,0.11307872558155944,0.012786798179149628,0.023398505992502577,0.000547490082681179,0.000912482850253582,0.9661221024406357,0.9333919168243143,layer4_1_conv2,32,0.75,,4,1,3,2,155,projection
20260823-161257,full_s42_fixed_epochs5_pat2_dirichlet_a01_lambda075_energycal,0.023304152632511354,0.0005430835299193859,0.008924585550951769,7.964822725625709e-05,0.016675166221095175,0.0002780611685011536,0.0004634353026631288,0.3829611696973347,0.14665925749595074,fc,32,0.75,,4,1,3,2,155,projection
20260823-161257,full_s42_fixed_epochs5_pat2_dirichlet_a01_lambda075_energycal,0.11188098758253108,0.012517355382442474,0.10817231831121572,0.011701250448822975,0.022128337775366894,0.0004896633327007294,0.0008161049336194992,0.9668516577172722,0.9348021280306371,layer4_1_conv2,32,0.75,,4,1,3,3,156,projection
20260823-161257,full_s42_fixed_epochs5_pat2_dirichlet_a01_lambda075_energycal,0.022659070562859374,0.0005134334787726402,0.008753100307886692,7.661676499992609e-05,0.01618919497950391,0.0002620900340843946,0.00043681671377271414,0.38629564631101654,0.149224326358846,fc,32,0.75,,4,1,3,3,156,projection
20260823-161257,full_s42_fixed_epochs5_pat2_dirichlet_a01_lambda075_energycal,0.10657373608225157,0.011357961222529411,0.10310941744608554,0.010631551966071129,0.02087689890213423,0.00043584490776993334,0.0007264092564582825,0.9674936925032606,0.9360440450335935,layer4_1_conv2,32,0.75,,4,1,3,4,157,projection
20260823-161257,full_s42_fixed_epochs5_pat2_dirichlet_a01_lambda075_energycal,0.022068690666597293,0.00048702710773795843,0.008661112839564685,7.501487561967224e-05,0.015722827214442892,0.00024720729561522603,0.0004120122321182862,0.3924615633257284,0.15402607868807475,fc,32,0.75,,4,1,3,4,157,projection
20260823-161257,full_s42_fixed_epochs5_pat2_dirichlet_a01_lambda075_energycal,0.11342212943960181,0.012864579446613789,0.10959351373869461,0.012010738253593445,0.022634158329079362,0.0005123051232658327,0.0008538411930203438,0.966244543989575,0.9336285187896218,layer4_1_conv2,32,0.75,,5,1,1,1,158,projection
20260823-161257,full_s42_fixed_epochs5_pat2_dirichlet_a01_lambda075_energycal,0.022904026905913994,0.0005245944485068321,0.008839901443789187,7.814385753590614e-05,0.01636674512086647,0.00026787034585140646,0.000446450590970926,0.3859540280886876,0.14896051179788347,fc,32,0.75,,5,1,1,1,158,projection
20260823-161257,full_s42_fixed_epochs5_pat2_dirichlet_a01_lambda075_energycal,0.11912279699170854,0.014190240763127804,0.11507873207393135,0.013243114575743675,0.023838537366424047,0.0005682758637703955,0.0009471261873841286,0.9660512931201685,0.9332551009391497,layer4_1_conv2,32,0.75,,5,1,1,2,159,projection
20260823-161257,full_s42_fixed_epochs5_pat2_dirichlet_a01_lambda075_energycal,0.023457792805340282,0.0005502680432982743,0.008970395062246382,8.046798757277429e-05,0.016789283117945624,0.0002818800276145339,0.0004698000557255,0.3824057590023656,0.14623416451817536,fc,32,0.75,,5,1,1,2,159,projection
20260823-161257,full_s42_fixed_epochs5_pat2_dirichlet_a01_lambda075_energycal,0.1226420821067963,0.015041080303490162,0.11844900155900627,0.01403016597032547,0.02462819842214595,0.0006065481575205922,0.001010914333164692,0.9658104259503789,0.9327897788744525,layer4_1_conv2,32,0.75,,5,1,1,3,160,projection
20260823-161257,full_s42_fixed_epochs5_pat2_dirichlet_a01_lambda075_energycal,0.023905581345354247,0.0005714768194593489,0.009028576136266075,8.151518704835325e-05,0.017145756808499717,0.00029397697653621435,0.0004899616324109957,0.377676493444518,0.14263953370054708,fc,32,0.75,,5,1,1,3,160,projection
20260823-161257,full_s42_fixed_epochs5_pat2_dirichlet_a01_lambda075_energycal,0.12589503022973597,0.015849558636546135,0.12156387561225702,0.0147777758538723,0.02535882205207522,0.0006430698558688164,0.0010717827826738358,0.965597096171506,0.9323777521348446,layer4_1_conv2,32,0.75,,5,1,1,4,161,projection
20260823-161257,full_s42_fixed_epochs5_pat2_dirichlet_a01_lambda075_energycal,0.024191490337041512,0.0005852282047271729,0.009037302028040347,8.167282794602215e-05,0.017381979421412053,0.00030213320860639215,0.0005035553767811507,0.3735735955962422,0.1395572313267047,fc,32,0.75,,5,1,1,4,161,projection
20260823-161257,full_s42_fixed_epochs5_pat2_dirichlet_a01_lambda075_energycal,0.12725614916402753,0.01619412750005722,0.12290174766158092,0.015104839578270912,0.025565081069165236,0.0006535733700729907,0.0010892879217863083,0.9657823882692381,0.9327356214910337,layer4_1_conv2,32,0.75,,5,1,2,1,162,projection
20260823-161257,full_s42_fixed_epochs5_pat2_dirichlet_a01_lambda075_energycal,0.02418534311907867,0.000584930821787566,0.009026348809492112,8.147497283061966e-05,0.017380261434923668,0.00030207348754629493,0.0005034558489569463,0.37321566061933,0.13928992933152287,fc,32,0.75,,5,1,2,1,162,projection
20260823-161257,full_s42_fixed_epochs5_pat2_dirichlet_a01_lambda075_energycal,0.12590413636066464,0.015851851552724838,0.12163313592091916,0.014794619753956795,0.02518610125172278,0.0006343396962620318,0.0010572317987680435,0.9660773620057186,0.933305469379928,layer4_1_conv2,32,0.75,,5,1,2,2,163,projection
20260823-161257,full_s42_fixed_epochs5_pat2_dirichlet_a01_lambda075_energycal,0.024065563050296723,0.0005791513249278069,0.008981075050121117,8.065970905590802e-05,0.017294363288000887,0.0002990950015373528,0.0004984916158718988,0.3731919769070345,0.13927225162778056,fc,32,0.75,,5,1,2,2,163,projection
20260823-161257,full_s42_fixed_epochs5_pat2_dirichlet_a01_lambda075_energycal,0.12355704735556479,0.01526634395122528,0.11940945329090782,0.014258617535233498,0.02458935511772422,0.0006046363851055503,0.0010077264159917831,0.9664317483022941,0.9339903241266287,layer4_1_conv2,32,0.75,,5,1,2,3,164,projection
20260823-161257,full_s42_fixed_epochs5_pat2_dirichlet_a01_lambda075_energycal,0.023813675970916874,0.0005670911632478237,0.008901242751226345,7.923212251625955e-05,0.017108928718690623,0.00029271544190123677,0.00048785904073156416,0.3737870105437413,0.139716729251227,fc,32,0.75,,5,1,2,3,164,projection
20260823-161257,full_s42_fixed_epochs5_pat2_dirichlet_a01_lambda075_energycal,0.12015367744529332,0.014436906203627586,0.11616699606136341,0.013494770973920822,0.023775631898285507,0.0005652806721627712,0.0009421352297067642,0.966820146759594,0.9347411961802431,layer4_1_conv2,32,0.75,,5,1,2,4,165,projection
20260823-161257,full_s42_fixed_epochs5_pat2_dirichlet_a01_lambda075_energycal,0.02341292006321484,0.000548164825886488,0.008793899906947773,7.733267557341605e-05,0.016807715458056524,0.0002824992989189923,0.0004708321503130719,0.37560030458414667,0.14107558880370377,fc,32,0.75,,5,1,2,4,165,projection
20260823-161257,full_s42_fixed_epochs5_pat2_dirichlet_a01_lambda075_energycal,0.1165335009286653,0.013580056838691235,0.11272762106519307,0.012707516551017761,0.0228806623180922,0.0005235247081145644,0.0008725402876734734,0.9673408948230093,0.9357484067969805,layer4_1_conv2,32,0.75,,5,1,3,1,166,projection
20260823-161257,full_s42_fixed_epochs5_pat2_dirichlet_a01_lambda075_energycal,0.023023196964088277,0.0005300675984472036,0.008714798007843546,7.594770431751385e-05,0.016506723581046913,0.00027247192338109016,0.0004541198941296898,0.37852249717695335,0.1432792808690767,fc,32,0.75,,5,1,3,1,166,projection
20260823-161257,full_s42_fixed_epochs5_pat2_dirichlet_a01_lambda075_energycal,0.112491634508214,0.012654367834329605,0.10886903371159114,0.011852466501295567,0.02193492988514868,0.0004811411490663886,0.0008019013330340385,0.9677967093956809,0.9366304707171078,layer4_1_conv2,32,0.75,,5,1,3,2,167,projection
20260823-161257,full_s42_fixed_epochs5_pat2_dirichlet_a01_lambda075_energycal,0.02251150565135072,0.0005067678866907954,0.00863470903621066,7.455820014001802e-05,0.016103595293332617,0.00025932578137144446,0.0004322096865507774,0.3835687034861911,0.14712495029407757,fc,32,0.75,,5,1,3,2,167,projection
20260823-161257,full_s42_fixed_epochs5_pat2_dirichlet_a01_lambda075_energycal,0.10803199380106016,0.011670911684632301,0.1046138438480337,0.010944056324660778,0.020883326660238684,0.0004361133323982358,0.0007268553599715233,0.9683598364451095,0.9377207728399991,layer4_1_conv2,32,0.75,,5,1,3,3,168,projection
20260823-161257,full_s42_fixed_epochs5_pat2_dirichlet_a01_lambda075_energycal,0.02195377068062171,0.0004819680470973253,0.008534228923209028,7.283306331373751e-05,0.015667833350903528,0.00024548100191168487,0.0004091349837835878,0.38873636093603153,0.1511159583137886,fc,32,0.75,,5,1,3,3,168,projection
20260823-161257,full_s42_fixed_epochs5_pat2_dirichlet_a01_lambda075_energycal,0.10357030288167936,0.0107268076390028,0.10034646536183436,0.010069413110613823,0.019860448229679636,0.000394437403883785,0.000657394528388977,0.9688729546004324,0.9387148021561715,layer4_1_conv2,32,0.75,,5,1,3,4,169,projection
20260823-161257,full_s42_fixed_epochs5_pat2_dirichlet_a01_lambda075_energycal,0.021426809198449945,0.00045910815242677927,0.008410843897340448,7.074229506542906e-05,0.015264976200757844,0.00023301949840970337,0.0003883658573613502,0.392538329876429,0.15408634042217617,fc,32,0.75,,5,1,3,4,169,projection
20260823-161257,full_s42_fixed_epochs5_pat2_dirichlet_a01_lambda075_energycal,0.10908917990186896,0.01190044917166233,0.10561229509486592,0.01115395687520504,0.021163521688948958,0.00044789465027861297,0.0007464922964572906,0.9681280507367397,0.9372719226233193,layer4_1_conv2,32,0.75,,6,1,1,1,170,projection
20260823-161257,full_s42_fixed_epochs5_pat2_dirichlet_a01_lambda075_energycal,0.02210432313138585,0.0004886011010967195,0.008567733628432299,7.340605952776968e-05,0.015783441664039437,0.000249117030762136,0.0004151950415689498,0.3876044327395397,0.1502371962793404,fc,32,0.75,,6,1,1,1,170,projection
20260823-161257,full_s42_fixed_epochs5_pat2_dirichlet_a01_lambda075_energycal,0.11449592590736195,0.013109317049384117,0.11076790411798965,0.012269528582692146,0.02244712700440467,0.0005038735107518733,0.0008397884666919708,0.9674396991873001,0.9359395715636136,layer4_1_conv2,32,0.75,,6,1,1,2,171,projection
20260823-161257,full_s42_fixed_epochs5_pat2_dirichlet_a01_lambda075_energycal,0.022630404660624746,0.0005121352151036263,0.008633522937905133,7.453771831933409e-05,0.016203655767622185,0.0002625584602355957,0.00043759749678429216,0.38150104107182997,0.1455430443388901,fc,32,0.75,,6,1,1,2,171,projection
20260823-161257,full_s42_fixed_epochs5_pat2_dirichlet_a01_lambda075_energycal,0.11821272927627362,0.013974249362945557,0.11429705312771062,0.013063816353678703,0.0233722189889485,0.0005462606204673648,0.0009104330092668533,0.9668760194224792,0.9348492369342586,layer4_1_conv2,32,0.75,,6,1,1,3,172,projection
20260823-161257,full_s42_fixed_epochs5_pat2_dirichlet_a01_lambda075_energycal,0.022987253041312487,0.0005284138023853302,0.008668814554836597,7.514834578614682e-05,0.01649118644318123,0.00027195923030376434,0.0004532654565991834,0.3771139830956348,0.14221495624625471,fc,32,0.75,,6,1,1,3,172,projection
20260823-161257,full_s42_fixed_epochs5_pat2_dirichlet_a01_lambda075_energycal,0.12059696646308282,0.014543628320097923,0.11657488356382391,0.013589703477919102,0.023923952898894,0.0005723555223084986,0.0009539248421788216,0.9666485566161388,0.9344094320080645,layer4_1_conv2,32,0.75,,6,1,1,4,173,projection
20260823-161257,full_s42_fixed_epochs5_pat2_dirichlet_a01_lambda075_energycal,0.02321562701952627,0.0005389653379097581,0.008675266986681768,7.526025729021057e-05,0.016680019304729655,0.00027822304400615394,0.0004637050806195475,0.37368221755911,0.13963839971989406,fc,32,0.75,,6,1,1,4,173,projection
20260823-161257,full_s42_fixed_epochs5_pat2_dirichlet_a01_lambda075_energycal,0.12147618477740729,0.014756463468074799,0.11742275783387142,0.013788104057312012,0.024104267595321482,0.0005810157163068652,0.0009683594107627869,0.9666319208908037,0.934377270485045,layer4_1_conv2,32,0.75,,6,1,2,1,174,projection
20260823-161257,full_s42_fixed_epochs5_pat2_dirichlet_a01_lambda075_energycal,0.023156256864266145,0.0005362122319638729,0.008650757803566922,7.483561057597399e-05,0.016638087141522876,0.0002768259437289089,0.0004613766213878989,0.37358187267806836,0.13956341559365248,fc,32,0.75,,6,1,2,1,174,projection
20260823-161257,full_s42_fixed_epochs5_pat2_dirichlet_a01_lambda075_energycal,0.12008760444636174,0.01442103274166584,0.116107806757661,0.013481022790074348,0.023748799100743578,0.000564005458727479,0.0009400099515914917,0.9668592132631111,0.9348167382717621,layer4_1_conv2,32,0.75,,6,1,2,2,175,projection
20260823-161257,full_s42_fixed_epochs5_pat2_dirichlet_a01_lambda075_energycal,0.02296123418368073,0.0005272182752378285,0.008580651260675585,7.36275760573335e-05,0.016497102793848598,0.0002721544005908072,0.000453590699180495,0.3737016569768764,0.13965292842726298,fc,32,0.75,,6,1,2,2,175,projection
20260823-161257,full_s42_fixed_epochs5_pat2_dirichlet_a01_lambda075_energycal,0.11844407157733519,0.014028998091816902,0.11453136887745849,0.013117434456944466,0.023386704017662557,0.0005469379248097539,0.0009115636348724365,0.9669658206799991,0.9350228983633443,layer4_1_conv2,32,0.75,,6,1,2,3,176,projection
20260823-161257,full_s42_fixed_epochs5_pat2_dirichlet_a01_lambda075_energycal,0.02273096511075656,0.000516696774866432,0.008454043055088782,7.147084397729486e-05,0.016344282224798532,0.0002671355614438653,0.0004452259308891371,0.37191747089912297,0.13832260515999997,fc,32,0.75,,6,1,2,3,176,projection
20260823-161257,full_s42_fixed_epochs5_pat2_dirichlet_a01_lambda075_energycal,0.11562079763508269,0.013368168845772743,0.11183061467813556,0.012506086379289627,0.022743118884770517,0.0005172494566068053,0.0008620824664831161,0.9672188478675822,0.9355122996702931,layer4_1_conv2,32,0.75,,6,1,2,4,177,projection
20260823-161257,full_s42_fixed_epochs5_pat2_dirichlet_a01_lambda075_energycal,0.02234555233008511,0.0004993237089365721,0.008315641936126262,6.914990080986172e-05,0.016065624594368416,0.00025810429360717535,0.00043017380812671036,0.37213857206520834,0.13848711681873224,fc,32,0.75,,6,1,2,4,177,projection
20260823-161257,full_s42_fixed_epochs5_pat2_dirichlet_a01_lambda075_energycal,0.11188849994387115,0.012519036419689655,0.10824150031541735,0.011716222390532494,0.02194740181885153,0.0004816884465981275,0.0008028140291571617,0.9674050538680622,0.9358725382494683,layer4_1_conv2,32,0.75,,6,1,3,1,178,projection
20260823-161257,full_s42_fixed_epochs5_pat2_dirichlet_a01_lambda075_energycal,0.02189200753428034,0.00047925999388098717,0.008196260799722611,6.717869109706953e-05,0.015724146036387058,0.0002472487685736269,0.00041208130278391764,0.37439512054288393,0.14017170628632059,fc,32,0.75,,6,1,3,1,178,projection
20260823-161257,full_s42_fixed_epochs5_pat2_dirichlet_a01_lambda075_energycal,0.10752593548902592,0.011561826802790165,0.10405734753239256,0.010827931575477123,0.020984215203999013,0.0004403372877277434,0.0007338952273130417,0.9677418481331198,0.9365242846281062,layer4_1_conv2,32,0.75,,6,1,3,2,179,projection
20260823-161257,full_s42_fixed_epochs5_pat2_dirichlet_a01_lambda075_energycal,0.02137197003374809,0.00045676110312342644,0.008080718337432199,6.529800884891301e-05,0.015325724654711331,0.00023487783619202673,0.0003914630942745134,0.3780988989162947,0.14295877736171445,fc,32,0.75,,6,1,3,2,179,projection
20260823-161257,full_s42_fixed_epochs5_pat2_dirichlet_a01_lambda075_energycal,0.10290704727906584,0.010589860379695892,0.099640336554153,0.009928196668624878,0.019924829535087174,0.00039699883200228214,0.0006616637110710144,0.968255714148963,0.9375191279821183,layer4_1_conv2,32,0.75,,6,1,3,3,180,projection
20260823-161257,full_s42_fixed_epochs5_pat2_dirichlet_a01_lambda075_energycal,0.020816321679371395,0.00043331924825906754,0.007915932516953088,6.266198761295527e-05,0.01491289189748706,0.00022239434474613518,0.00037065726064611226,0.3802752781629829,0.14460928718193405,fc,32,0.75,,6,1,3,3,180,projection
20260823-161257,full_s42_fixed_epochs5_pat2_dirichlet_a01_lambda075_energycal,0.0982748371724818,0.00965794362127781,0.09518830834388027,0.009060814045369625,0.018928213397500695,0.00035827726242132485,0.000597129575908184,0.9685928878906778,0.938172182472403,layer4_1_conv2,32,0.75,,6,1,3,4,181,projection
20260823-161257,full_s42_fixed_epochs5_pat2_dirichlet_a01_lambda075_energycal,0.02027223589906535,0.00041096354834735394,0.007788473815810703,6.066032437956892e-05,0.014497652443658512,0.00021018192637711763,0.000350303223967785,0.3841941192174954,0.14760512124130704,fc,32,0.75,,6,1,3,4,181,projection
20260823-161257,full_s42_fixed_epochs5_pat2_dirichlet_a01_lambda075_energycal,0.05122393669707503,0.0026238916907459497,0.049050183808021695,0.0024059205316007137,0.011436024683540389,0.00013078266056254506,0.00021797115914523602,0.9575637284203996,0.9169282939863769,layer4_1_conv2,32,0.75,,1,2,1,1,116,projection
20260823-161257,full_s42_fixed_epochs5_pat2_dirichlet_a01_lambda075_energycal,0.008472935981247058,7.179064414231107e-05,0.0049107212195269095,2.4115182895911857e-05,0.005348389903985333,2.860527456505224e-05,4.767546124639921e-05,0.5795772835290729,0.33590982758293925,fc,32,0.75,,1,2,1,1,116,projection
20260823-161257,full_s42_fixed_epochs5_pat2_dirichlet_a01_lambda075_energycal,0.07053479183043941,0.004975156858563423,0.06691850803347887,0.004478086717426777,0.017269691928490517,0.0002982422593049705,0.0004970701411366463,0.9487304959281113,0.9000895539039999,layer4_1_conv2,32,0.75,,1,2,1,2,117,projection
20260823-161257,full_s42_fixed_epochs5_pat2_dirichlet_a01_lambda075_energycal,0.01234488904596506,0.0001523962855571881,0.005714271986678418,3.265290433773771e-05,0.008476203674503711,7.184602873167023e-05,0.00011974338121945038,0.46288564971316076,0.21426312471037498,fc,32,0.75,,1,2,1,2,117,projection
20260823-161257,full_s42_fixed_epochs5_pat2_dirichlet_a01_lambda075_energycal,0.08846829040964473,0.007826638408005238,0.08361409588127118,0.00699131703004241,0.022387334743745258,0.0005011927569285035,0.0008353213779628277,0.9451306846114397,0.8932720109940885,layer4_1_conv2,32,0.75,,1,2,1,3,118,projection
20260823-161257,full_s42_fixed_epochs5_pat2_dirichlet_a01_lambda075_energycal,0.01583711253113171,0.00025081413332372904,0.0065216018041255935,4.253129009157419e-05,0.011178983842275,0.0001249696797458455,0.00020828284323215485,0.41179235111866475,0.16957294043983762,fc,32,0.75,,1,2,1,3,118,projection
20260823-161257,full_s42_fixed_epochs5_pat2_dirichlet_a01_lambda075_energycal,0.10226862530718488,0.010458871722221375,0.09657623073026722,0.009326968342065811,0.026060354461508516,0.0006791420746594667,0.0011319033801555634,0.9443387983380105,0.8917757660464778,layer4_1_conv2,32,0.75,,1,2,1,4,119,projection
20260823-161257,full_s42_fixed_epochs5_pat2_dirichlet_a01_lambda075_energycal,0.018597451608413702,0.00034586520632728934,0.007254128561743562,5.262238119030371e-05,0.013264452255068802,0.00017594569362699986,0.00029324282513698563,0.3900603542079771,0.15214707992485257,fc,32,0.75,,1,2,1,4,119,projection
20260823-161257,full_s42_fixed_epochs5_pat2_dirichlet_a01_lambda075_energycal,0.11394803528774156,0.012984154745936394,0.10772131453416961,0.011603881604969501,0.028777840533459886,0.0008281641057692468,0.0013802731409668922,0.945354733516482,0.8936955721820189,layer4_1_conv2,32,0.75,,1,2,1,5,120,projection
20260823-161257,full_s42_fixed_epochs5_pat2_dirichlet_a01_lambda075_energycal,0.021105695775821623,0.00044545039418153465,0.007894418065601302,6.23218365944922e-05,0.015161698921280034,0.00022987711417954415,0.00038312855758704245,0.3740420666275799,0.13990746760703088,fc,32,0.75,,1,2,1,5,120,projection
20260823-161257,full_s42_fixed_epochs5_pat2_dirichlet_a01_lambda075_energycal,0.12257825838061066,0.015025429427623749,0.11606261460930789,0.01347053050994873,0.030544052085051964,0.0009329391177743673,0.0015548989176750183,0.9468450289849002,0.8965155089134166,layer4_1_conv2,32,0.75,,1,2,2,1,121,projection
20260823-161257,full_s42_fixed_epochs5_pat2_dirichlet_a01_lambda075_energycal,0.02303648649879946,0.0005306797102093697,0.00842105588914517,7.091418228810653e-05,0.01660901316177302,0.0002758593182079494,0.00045976552792126313,0.3655529626700682,0.13362896851686432,fc,32,0.75,,1,2,2,1,121,projection
20260823-161257,full_s42_fixed_epochs5_pat2_dirichlet_a01_lambda075_energycal,0.12901005755536096,0.016643594950437546,0.12224893852174806,0.014944802969694138,0.031926087275888644,0.0010192750487476587,0.0016987919807434082,0.9475923105397301,0.8979311869940245,layer4_1_conv2,32,0.75,,1,2,2,2,122,projection
20260823-161257,full_s42_fixed_epochs5_pat2_dirichlet_a01_lambda075_energycal,0.024506029716967432,0.0006005454924888909,0.008840652885082054,7.815714343450963e-05,0.01770403918917552,0.00031343300361186266,0.0005223883490543813,0.36075418936430087,0.13014358514389385,fc,32,0.75,,1,2,2,2,122,projection
20260823-161257,full_s42_fixed_epochs5_pat2_dirichlet_a01_lambda075_energycal,0.13389350823814747,0.017927471548318863,0.12700967262915921,0.016131456941366196,0.03282695037677644,0.0010776086710393429,0.0017960146069526672,0.9485872339923722,0.8998177404932997,layer4_1_conv2,32,0.75,,1,2,2,3,123,projection
20260823-161257,full_s42_fixed_epochs5_pat2_dirichlet_a01_lambda075_energycal,0.025700210863362292,0.0006605008384212852,0.009182092802975309,8.431082824245095e-05,0.01859338545892695,0.00034571398282423615,0.0005761900101788342,0.35727694421624834,0.1276468148685002,fc,32,0.75,,1,2,2,3,123,projection
20260823-161257,full_s42_fixed_epochs5_pat2_dirichlet_a01_lambda075_energycal,0.13563838942089124,0.018397772684693336,0.12885190800892427,0.016602814197540283,0.032817310026111095,0.0010769758373498917,0.0017949584871530533,0.9499663668896255,0.9024360982214749,layer4_1_conv2,32,0.75,,1,2,2,4,124,projection
20260823-161257,full_s42_fixed_epochs5_pat2_dirichlet_a01_lambda075_energycal,0.02644303239462021,0.0006992339622229338,0.009444795239736443,8.920415712054819e-05,0.019131594073484325,0.0003660178917925805,0.0006100298051023856,0.35717519453850427,0.1275741195936184,fc,32,0.75,,1,2,2,4,124,projection
20260823-161257,full_s42_fixed_epochs5_pat2_dirichlet_a01_lambda075_energycal,0.1370097877328299,0.018771681934595108,0.13040092212754661,0.017004400491714478,0.03256330157730739,0.0010603686096146703,0.0017672814428806305,0.9517635512422614,0.9058538574732808,layer4_1_conv2,32,0.75,,1,2,2,5,125,projection
20260823-161257,full_s42_fixed_epochs5_pat2_dirichlet_a01_lambda075_energycal,0.02696958053366451,0.0007273582741618156,0.009641363401976924,9.295588824898005e-05,0.01951003412471904,0.00038064143154770136,0.0006344023859128356,0.35749029874388255,0.12779931369599037,fc,32,0.75,,1,2,2,5,125,projection
20260823-161257,full_s42_fixed_epochs5_pat2_dirichlet_a01_lambda075_energycal,0.13699912885489862,0.018768761307001114,0.13065320470199338,0.017070259898900986,0.031923348711159275,0.0010191001929342747,0.0016985014081001282,0.953679091203372,0.9095038089984897,layer4_1_conv2,32,0.75,,1,2,3,1,126,projection
20260823-161257,full_s42_fixed_epochs5_pat2_dirichlet_a01_lambda075_energycal,0.027362159509286266,0.0007486877730116248,0.009789009706030595,9.58247110247612e-05,0.019791862609430826,0.000391717825550586,0.0006528630619868636,0.3577572048985522,0.12799021765682467,fc,32,0.75,,1,2,3,1,126,projection
20260823-161257,full_s42_fixed_epochs5_pat2_dirichlet_a01_lambda075_energycal,0.13677951960812368,0.018708636984229088,0.13067971892706276,0.017077188938856125,0.03128688096241035,0.0009788689203560352,0.001631448045372963,0.9554041372675018,0.9127970655078597,layer4_1_conv2,32,0.75,,1,2,3,2,127,projection
20260823-161257,full_s42_fixed_epochs5_pat2_dirichlet_a01_lambda075_energycal,0.027614437260391898,0.0007625571452081203,0.00988273879021836,9.766852599568665e-05,0.019973311918401477,0.0003989331889897585,0.0006648886192124337,0.35788304128845777,0.12808027124187596,fc,32,0.75,,1,2,3,2,127,projection
20260823-161257,full_s42_fixed_epochs5_pat2_dirichlet_a01_lambda075_energycal,0.13527699903425677,0.01829986646771431,0.1294649832041983,0.016761181876063347,0.03038438340645697,0.0009232107549905777,0.0015386845916509628,0.957036185962503,0.9159182612416544,layer4_1_conv2,32,0.75,,1,2,3,3,128,projection
20260823-161257,full_s42_fixed_epochs5_pat2_dirichlet_a01_lambda075_energycal,0.02774262708478422,0.000769653357565403,0.009944257286404709,9.888825297821313e-05,0.02006138230137522,0.00040245905984193087,0.0006707651045871899,0.3584468498968779,0.1284841442009949,fc,32,0.75,,1,2,3,3,128,projection
20260823-161257,full_s42_fixed_epochs5_pat2_dirichlet_a01_lambda075_energycal,0.13244345525707252,0.017541268840432167,0.12696027002035312,0.016118910163640976,0.02921327942938051,0.0008534156950190663,0.001422358676791191,0.9585998022622066,0.9189135808971417,layer4_1_conv2,32,0.75,,1,2,3,4,129,projection
20260823-161257,full_s42_fixed_epochs5_pat2_dirichlet_a01_lambda075_energycal,0.027596436501941404,0.0007615633076056838,0.010016632341577668,0.00010033292346633971,0.019918288259801395,0.0003967382072005421,0.0006612303841393441,0.3629683253079795,0.13174600517687926,fc,32,0.75,,1,2,3,4,129,projection
20260823-161257,full_s42_fixed_epochs5_pat2_dirichlet_a01_lambda075_energycal,0.1291934916754408,0.01669095829129219,0.1240835794922394,0.015396734699606895,0.027866356997844916,0.0007765338523313403,0.001294223591685295,0.9604476036916898,0.9224595994371095,layer4_1_conv2,32,0.75,,1,2,3,5,130,projection
20260823-161257,full_s42_fixed_epochs5_pat2_dirichlet_a01_lambda075_energycal,0.027401038170706556,0.0007508168928325176,0.010137263533298468,0.00010276411194354296,0.019718814794298684,0.0003888316568918526,0.0006480527808889747,0.3699591041092686,0.13686973871333263,fc,32,0.75,,1,2,3,5,130,projection
20260823-161257,full_s42_fixed_epochs5_pat2_dirichlet_a01_lambda075_energycal,0.13484966035269005,0.01818443089723587,0.12932437218261672,0.01672479324042797,0.029593628737280258,0.0008757828618399799,0.0014596376568078995,0.9590263100728447,0.919731463411936,layer4_1_conv2,32,0.75,,2,2,1,1,131,projection
20260823-161257,full_s42_fixed_epochs5_pat2_dirichlet_a01_lambda075_energycal,0.028335152223905386,0.0008028808515518904,0.010303221553768806,0.00010615637438604608,0.02044589624356885,0.00041803467320278287,0.0006967244771658443,0.3636197706775097,0.13221933762756474,fc,32,0.75,,2,2,1,1,131,projection
20260823-161257,full_s42_fixed_epochs5_pat2_dirichlet_a01_lambda075_energycal,0.14045783544703194,0.0197284035384655,0.13455534853183432,0.018105141818523407,0.031208323463524115,0.0009739594534039497,0.001623261719942093,0.9579768056626252,0.9177195601875674,layer4_1_conv2,32,0.75,,2,2,1,2,132,projection
20260823-161257,full_s42_fixed_epochs5_pat2_dirichlet_a01_lambda075_energycal,0.029123702444107256,0.0008481900440528989,0.01044507962707232,0.00010909968841588125,0.021058351370667822,0.0004434541624505073,0.0007390903556370176,0.3586453215252419,0.12862646665194416,fc,32,0.75,,2,2,1,2,132,projection
20260823-161257,full_s42_fixed_epochs5_pat2_dirichlet_a01_lambda075_energycal,0.14489658680035924,0.020995020866394043,0.1386389894847946,0.01922076940536499,0.03262745694145691,0.0010645509464666247,0.0017742514610290527,0.9568133559682365,0.9154917981591992,layer4_1_conv2,32,0.75,,2,2,1,3,133,projection
20260823-161257,full_s42_fixed_epochs5_pat2_dirichlet_a01_lambda075_energycal,0.029655859895146245,0.0008794700261205435,0.0105569608575382,0.00011144942254759371,0.021466540390174746,0.00046081235632300377,0.0007680206035729498,0.35598228798167647,0.12672338935666927,fc,32,0.75,,2,2,1,3,133,projection
20260823-161257,full_s42_fixed_epochs5_pat2_dirichlet_a01_lambda075_energycal,0.1471421351347711,0.021650807932019234,0.14077718103309914,0.01981821469962597,0.03315954995429588,0.001099555753171444,0.0018325932323932648,0.9567428181204375,0.9153568200250368,layer4_1_conv2,32,0.75,,2,2,1,4,134,projection
20260823-161257,full_s42_fixed_epochs5_pat2_dirichlet_a01_lambda075_energycal,0.029964081575628597,0.0008978461846709251,0.010636196556342835,0.00011312867718515918,0.021698629796613463,0.00047083053505048156,0.000784717507485766,0.354964877848745,0.12600006450617443,fc,32,0.75,,2,2,1,4,134,projection
20260823-161257,full_s42_fixed_epochs5_pat2_dirichlet_a01_lambda075_energycal,0.14992536063662165,0.022477613762021065,0.1434732063164719,0.020584560930728912,0.033702107471510694,0.001135832048021257,0.0018930528312921524,0.956964223445905,0.915780524955424,layer4_1_conv2,32,0.75,,2,2,1,5,135,projection
20260823-161257,full_s42_fixed_epochs5_pat2_dirichlet_a01_lambda075_energycal,0.030211611458030842,0.0009127414668910205,0.010686501117419102,0.00011420130613259971,0.021888903101634723,0.0004791240789927542,0.0007985401607584208,0.3537216520960658,0.12511900716157023,fc,32,0.75,,2,2,1,5,135,projection
20260823-161257,full_s42_fixed_epochs5_pat2_dirichlet_a01_lambda075_energycal,0.14995824287261136,0.022487474605441093,0.14360674089521436,0.020622896030545235,0.03344768677049564,0.0011187477502971888,0.0018645785748958588,0.9576448626249071,0.9170836829118774,layer4_1_conv2,32,0.75,,2,2,2,1,136,projection
20260823-161257,full_s42_fixed_epochs5_pat2_dirichlet_a01_lambda075_energycal,0.03018014708049814,0.0009108412778005004,0.010686645117279348,0.00011420438386267051,0.02186280180794065,0.0004779821028932929,0.0007966368939378299,0.35409519671243955,0.12538340833482126,fc,32,0.75,,2,2,2,1,136,projection
20260823-161257,full_s42_fixed_epochs5_pat2_dirichlet_a01_lambda075_energycal,0.14826540005048036,0.021982628852128983,0.14209251794559874,0.0201902836561203,0.03279338667423203,0.001075406209565699,0.0017923451960086823,0.95836599703788,0.9184653842784096,layer4_1_conv2,32,0.75,,2,2,2,2,137,projection
20260823-161257,full_s42_fixed_epochs5_pat2_dirichlet_a01_lambda075_energycal,0.030011834905891897,0.0009007102344185114,0.010632625426658493,0.00011305272346362472,0.02173923846666745,0.00047259448911063373,0.0007876575109548867,0.35428108477869524,0.12551508703196906,fc,32,0.75,,2,2,2,2,137,projection
20260823-161257,full_s42_fixed_epochs5_pat2_dirichlet_a01_lambda075_energycal,0.14511640761565048,0.02105877175927162,0.1392201077002224,0.019382238388061523,0.031716236381339906,0.0010059196501970291,0.0016765333712100983,0.9593684820875336,0.9203878844229382,layer4_1_conv2,32,0.75,,2,2,2,3,138,projection
20260823-161257,full_s42_fixed_epochs5_pat2_dirichlet_a01_lambda075_energycal,0.029619419272357547,0.0008773099980317056,0.01055583635236444,0.00011142568109789863,0.02143666336718935,0.00045953053631819785,0.000765884316933807,0.35638228607053485,0.12700833382486057,fc,32,0.75,,2,2,2,3,138,projection
20260823-161257,full_s42_fixed_epochs5_pat2_dirichlet_a01_lambda075_energycal,0.14040523151628576,0.0197136290371418,0.13483266959520146,0.018179848790168762,0.030335925199858366,0.0009202683577314019,0.0015337802469730377,0.9603108669035746,0.9221969610930949,layer4_1_conv2,32,0.75,,2,2,2,4,139,projection
20260823-161257,full_s42_fixed_epochs5_pat2_dirichlet_a01_lambda075_energycal,0.029146973251463676,0.000849546049721539,0.010455086948153926,0.00010930884309345856,0.02107468439909971,0.00044414232252165675,0.0007402372066280805,0.35870232075053976,0.12866735491182307,fc,32,0.75,,2,2,2,4,139,projection
20260823-161257,full_s42_fixed_epochs5_pat2_dirichlet_a01_lambda075_energycal,0.1359762191439367,0.0184895321726799,0.13071731428798355,0.017087016254663467,0.029008773995693977,0.0008415089687332511,0.0014025159180164337,0.9613248192289685,0.9241454080656086,layer4_1_conv2,32,0.75,,2,2,2,5,140,projection
20260823-161257,full_s42_fixed_epochs5_pat2_dirichlet_a01_lambda075_energycal,0.028491137021515584,0.0008117448887787759,0.010320866310834545,0.00010652028140611947,0.02057023991703451,0.00042313477024435997,0.0007052246073726565,0.36224831262580226,0.13122384000024093,fc,32,0.75,,2,2,2,5,140,projection
20260823-161257,full_s42_fixed_epochs5_pat2_dirichlet_a01_lambda075_energycal,0.13098003745766712,0.01715577021241188,0.12602213840951346,0.015881579369306564,0.027649841546057107,0.0007645137375220656,0.0012741908431053162,0.9621476742228291,0.9257281470123992,layer4_1_conv2,32,0.75,,2,2,3,1,141,projection
20260823-161257,full_s42_fixed_epochs5_pat2_dirichlet_a01_lambda075_energycal,0.027892932849789664,0.0007780157029628754,0.010174585332651503,0.00010352218669140711,0.020117059841491678,0.00040469609666615725,0.0006744935162714683,0.3647728758909706,0.13305925098576948,fc,32,0.75,,2,2,3,1,141,projection
20260823-161257,full_s42_fixed_epochs5_pat2_dirichlet_a01_lambda075_energycal,0.12590374431498028,0.01585175283253193,0.12125847748733268,0.014703618362545967,0.026246549877717417,0.0006888813804835081,0.001148134469985962,0.9631046173176051,0.9275705038984906,layer4_1_conv2,32,0.75,,2,2,3,2,142,projection
20260823-161257,full_s42_fixed_epochs5_pat2_dirichlet_a01_lambda075_energycal,0.027249548634894365,0.0007425379008054733,0.010008480771688854,0.0001001696873572655,0.01963213999524675,0.0003854209207929671,0.0006423682134482078,0.3672897817790828,0.1349017837993262,fc,32,0.75,,2,2,3,2,142,projection
20260823-161257,full_s42_fixed_epochs5_pat2_dirichlet_a01_lambda075_energycal,0.12105829350460513,0.01465511042624712,0.11668164827240109,0.01361460704356432,0.02498603529495,0.0006243019597604871,0.0010405033826828003,0.9638467955767314,0.9290006453435334,layer4_1_conv2,32,0.75,,2,2,3,3,143,projection
20260823-161257,full_s42_fixed_epochs5_pat2_dirichlet_a01_lambda075_energycal,0.02653554748073782,0.0007041352801024914,0.009866401251484032,9.734587365528569e-05,0.01908071304744449,0.0003640736103989184,0.0006067894064472057,0.371818265993798,0.13824882292663473,fc,32,0.75,,2,2,3,3,143,projection
20260823-161257,full_s42_fixed_epochs5_pat2_dirichlet_a01_lambda075_energycal,0.11592831424866638,0.013439374044537544,0.11181400329806408,0.012502371333539486,0.02371080068190566,0.0005622020689770579,0.0009370027109980583,0.9645098699375797,0.9302792892070071,layer4_1_conv2,32,0.75,,2,2,3,4,144,projection
20260823-161257,full_s42_fixed_epochs5_pat2_dirichlet_a01_lambda075_energycal,0.025834887332699657,0.0006674414034932852,0.009720211306742008,9.448250784771517e-05,0.01854117977836585,0.00034377534757368267,0.00057295889564557,0.3762436112674264,0.14155925501955427,fc,32,0.75,,2,2,3,4,144,projection
20260823-161257,full_s42_fixed_epochs5_pat2_dirichlet_a01_lambda075_energycal,0.11200641330170465,0.01254543662071228,0.1080994736164371,0.01168549619615078,0.022714856308485055,0.0005159646971151233,0.0008599404245615005,0.9651186073181035,0.9314539261916357,layer4_1_conv2,32,0.75,,2,2,3,5,145,projection
20260823-161257,full_s42_fixed_epochs5_pat2_dirichlet_a01_lambda075_energycal,0.02520142151270571,0.0006351116462610662,0.009569751834989778,9.158015018329024e-05,0.018058762350910584,0.0003261188976466656,0.000543531496077776,0.37973063662956597,0.14419535639509548,fc,32,0.75,,2,2,3,5,145,projection
20260823-161257,full_s42_fixed_epochs5_pat2_dirichlet_a01_lambda075_energycal,0.11684808453668943,0.013653474859893322,0.1125990037928439,0.012678535655140877,0.02418602541823075,0.0005849638255313039,0.0009749392047524452,0.9636358545311767,0.9285940601380313,layer4_1_conv2,32,0.75,,3,2,1,1,146,projection
20260823-161257,full_s42_fixed_epochs5_pat2_dirichlet_a01_lambda075_energycal,0.025981480493218818,0.0006750373286195099,0.00970403426757302,9.416828106623143e-05,0.01866872932808804,0.0003485214547254145,0.0005808690475532785,0.37349812571711527,0.13950084991419803,fc,32,0.75,,3,2,1,1,146,projection
20260823-161257,full_s42_fixed_epochs5_pat2_dirichlet_a01_lambda075_energycal,0.12259442538917222,0.015029393136501312,0.11799322341800636,0.013922400772571564,0.025771999867130874,0.0006641959771513939,0.0011069923639297485,0.9624680979044562,0.926344839483822,layer4_1_conv2,32,0.75,,3,2,1,2,147,projection
20260823-161257,full_s42_fixed_epochs5_pat2_dirichlet_a01_lambda075_energycal,0.02678858056584702,0.0007176280487328768,0.009824361591552014,9.651808068156242e-05,0.019304557344437086,0.0003726659342646599,0.0006211099680513144,0.36673692237643873,0.13449597023414203,fc,32,0.75,,3,2,1,2,147,projection
20260823-161257,full_s42_fixed_epochs5_pat2_dirichlet_a01_lambda075_energycal,0.12738631508324505,0.016227273270487785,0.1225372425037824,0.015015375800430775,0.026965503251726725,0.0007271383656188846,0.0012118974700570107,0.9619341168924318,0.9253172452416227,layer4_1_conv2,32,0.75,,3,2,1,3,148,projection
20260823-161257,full_s42_fixed_epochs5_pat2_dirichlet_a01_lambda075_energycal,0.027270896963486533,0.000743701821193099,0.009928315226249434,9.857144323177636e-05,0.01967430253428733,0.00038707818021066487,0.0006451303779613227,0.36406265769485413,0.1325416187278405,fc,32,0.75,,3,2,1,3,148,projection
20260823-161257,full_s42_fixed_epochs5_pat2_dirichlet_a01_lambda075_energycal,0.13127694477794008,0.01723363623023033,0.12622806667785227,0.015933524817228317,0.02792969308532979,0.0007800677558407187,0.0013001114130020142,0.9615402528705389,0.9245596578903396,layer4_1_conv2,32,0.75,,3,2,1,4,149,projection
20260823-161257,full_s42_fixed_epochs5_pat2_dirichlet_a01_lambda075_energycal,0.027603629146559235,0.0007619603420607746,0.010009202272565465,0.00010018413013312966,0.019926507787484282,0.0003970657126046717,0.0006617762119276449,0.36260457708015187,0.13148207931947578,fc,32,0.75,,3,2,1,4,149,projection
20260823-161257,full_s42_fixed_epochs5_pat2_dirichlet_a01_lambda075_energycal,0.13399314629229117,0.017954163253307343,0.12881262587106654,0.016592692583799362,0.02858114264430989,0.0008168817148543894,0.0013614706695079803,0.9613374223639476,0.9241696396373591,layer4_1_conv2,32,0.75,,3,2,1,5,150,projection
20260823-161257,full_s42_fixed_epochs5_pat2_dirichlet_a01_lambda075_energycal,0.027701647599543727,0.0007673812797293067,0.010086710601548256,0.00010174173075938597,0.019984586968091904,0.00039938371628522873,0.0006656395489699207,0.3641195190756233,0.13258302417186318,fc,32,0.75,,3,2,1,5,150,projection
20260823-161257,full_s42_fixed_epochs5_pat2_dirichlet_a01_lambda075_energycal,0.13420893920817736,0.018012039363384247,0.12907868469720934,0.016661306843161583,0.028468214428320333,0.0008104392327368259,0.0013507325202226639,0.9617741221915908,0.9250094621174048,layer4_1_conv2,32,0.75,,3,2,2,1,151,projection
20260823-161257,full_s42_fixed_epochs5_pat2_dirichlet_a01_lambda075_energycal,0.027622978085279363,0.000763028918299824,0.010071167794678114,0.00010142842074856162,0.01992386254045027,0.00039696029853075743,0.0006616004975512624,0.36459384515260385,0.13292867192316088,fc,32,0.75,,3,2,2,1,151,projection
20260823-161257,full_s42_fixed_epochs5_pat2_dirichlet_a01_lambda075_energycal,0.13346402858242132,0.01781264692544937,0.12842210248088543,0.016492236405611038,0.028146853830942193,0.0007922453805804253,0.0013204105198383331,0.9622225842042358,0.9258723015526777,layer4_1_conv2,32,0.75,,3,2,2,2,152,projection
20260823-161257,full_s42_fixed_epochs5_pat2_dirichlet_a01_lambda075_energycal,0.027481608621345147,0.0007552388124167919,0.010033014240245011,0.00010066137474495918,0.019817830686696965,0.00039274641312658787,0.0006545774376718327,0.36508103941383924,0.13328416533948922,fc,32,0.75,,3,2,2,2,152,projection
20260823-161257,full_s42_fixed_epochs5_pat2_dirichlet_a01_lambda075_energycal,0.13057441430081923,0.017049677670001984,0.1257597365847406,0.015815511345863342,0.027212145551281795,0.0007405008655041456,0.0012341663241386414,0.9631269438054955,0.927613509884114,layer4_1_conv2,32,0.75,,3,2,2,3,153,projection
20260823-161257,full_s42_fixed_epochs5_pat2_dirichlet_a01_lambda075_energycal,0.027115748299400465,0.0007352638058364391,0.009944325697717618,9.888961358228698e-05,0.019540330147051446,0.0003818245022557676,0.0006363741922541521,0.3667361707269384,0.1344954189194581,fc,32,0.75,,3,2,2,3,153,projection
20260823-161257,full_s42_fixed_epochs5_pat2_dirichlet_a01_lambda075_energycal,0.1273330505533453,0.016213705763220787,0.1227402537605539,0.015065169893205166,0.026251115778784525,0.0006891210796311498,0.0011485358700156212,0.963930835137989,0.929162654929821,layer4_1_conv2,32,0.75,,3,2,2,4,154,projection
20260823-161257,full_s42_fixed_epochs5_pat2_dirichlet_a01_lambda075_energycal,0.026633612025718106,0.0007093492895364761,0.009834132700069532,9.671016596257687e-05,0.019172465804911717,0.0003675834450405091,0.0006126391235738993,0.36923766444346484,0.13633645284366475,fc,32,0.75,,3,2,2,4,154,projection
20260823-161257,full_s42_fixed_epochs5_pat2_dirichlet_a01_lambda075_energycal,0.1231391197667299,0.015163242816925049,0.11881764596458572,0.014117632992565632,0.025047273197209514,0.0006273658946156502,0.001045609824359417,0.9649057601651643,0.9310431259999136,layer4_1_conv2,32,0.75,,3,2,2,5,155,projection
20260823-161257,full_s42_fixed_epochs5_pat2_dirichlet_a01_lambda075_energycal,0.0260587026831532,0.0006790559855289757,0.009760555053957046,9.526843496132642e-05,0.018715568807510883,0.00035027251578867435,0.0005837875505676493,0.3745602830898864,0.14029540566837587,fc,32,0.75,,3,2,2,5,155,projection
20260823-161257,full_s42_fixed_epochs5_pat2_dirichlet_a01_lambda075_energycal,0.1189378435392525,0.014146210625767708,0.1148528069538432,0.013191167265176773,0.023937965472812087,0.0005730261909775436,0.0009550433605909348,0.9656540217659055,0.9324876897526679,layer4_1_conv2,32,0.75,,3,2,3,1,156,projection
20260823-161257,full_s42_fixed_epochs5_pat2_dirichlet_a01_lambda075_energycal,0.025469480994768715,0.0006486944621428847,0.00961595975255891,9.246668196283281e-05,0.01826846134050603,0.00033373667974956334,0.0005562277801800519,0.377548319674593,0.14254273368910866,fc,32,0.75,,3,2,3,1,156,projection
20260823-161257,full_s42_fixed_epochs5_pat2_dirichlet_a01_lambda075_energycal,0.11490013253358505,0.013202040456235409,0.11105580234404089,0.012333391234278679,0.022829586041698723,0.0005211899988353252,0.0008686492219567299,0.9665419864644588,0.9342034115986623,layer4_1_conv2,32,0.75,,3,2,3,2,157,projection
20260823-161257,full_s42_fixed_epochs5_pat2_dirichlet_a01_lambda075_energycal,0.024902659302002483,0.0006201424403116107,0.0094701797680649,8.968430483946577e-05,0.017840259593565257,0.00031827486236579716,0.0005304581354721449,0.38028789026975046,0.14461887948581778,fc,32,0.75,,3,2,3,2,157,projection
20260823-161257,full_s42_fixed_epochs5_pat2_dirichlet_a01_lambda075_energycal,0.1105649581178226,0.012224609963595867,0.10695823838331651,0.011440064758062363,0.021696252927068834,0.0004707273910753429,0.0007845452055335045,0.9673791787569564,0.9358224754924834,layer4_1_conv2,32,0.75,,3,2,3,3,158,projection
20260823-161257,full_s42_fixed_epochs5_pat2_dirichlet_a01_lambda075_energycal,0.02424319916498845,0.0005877327057532966,0.009311861991978775,8.67107737576589e-05,0.017338199002360867,0.0003006131446454674,0.0005010219319956377,0.3841020291342894,0.1475343687850785,fc,32,0.75,,3,2,3,3,158,projection
20260823-161257,full_s42_fixed_epochs5_pat2_dirichlet_a01_lambda075_energycal,0.10596719156940032,0.011229045689105988,0.10260362409151302,0.010527503676712513,0.020516455480945304,0.00042092494550161064,0.0007015420123934746,0.9682584068892265,0.9375243425116628,layer4_1_conv2,32,0.75,,3,2,3,4,159,projection
20260823-161257,full_s42_fixed_epochs5_pat2_dirichlet_a01_lambda075_energycal,0.02350910122612287,0.0005526778404600918,0.009157865475255027,8.3866500062868e-05,0.016771607085736724,0.0002812868042383343,0.00046881134039722383,0.3895455375843539,0.1517457258518833,fc,32,0.75,,3,2,3,4,159,projection
20260823-161257,full_s42_fixed_epochs5_pat2_dirichlet_a01_lambda075_energycal,0.10245119599002173,0.010496247559785843,0.09925504381085738,0.009851563721895218,0.019667516639725647,0.00038681121077388525,0.000644683837890625,0.9688031735668988,0.9385795891132946,layer4_1_conv2,32,0.75,,3,2,3,5,160,projection
20260823-161257,full_s42_fixed_epochs5_pat2_dirichlet_a01_lambda075_energycal,0.02284887880885089,0.0005220712628215551,0.00901750460228703,8.131538925226778e-05,0.016262027150756926,0.00026445352705195546,0.00044075587356928736,0.39465851597033075,0.15575534422790385,fc,32,0.75,,3,2,3,5,160,projection
20260823-161257,full_s42_fixed_epochs5_pat2_dirichlet_a01_lambda075_energycal,0.10782908073718128,0.01162711065262556,0.10432479498980426,0.010883662849664688,0.021120324189726546,0.00044606809387914836,0.0007434478029608727,0.9675014780482248,0.9360591100254996,layer4_1_conv2,32,0.75,,4,2,1,1,161,projection
20260823-161257,full_s42_fixed_epochs5_pat2_dirichlet_a01_lambda075_energycal,0.023732759420094562,0.0005632438696920872,0.009179788985858122,8.426852582488209e-05,0.01695243825131292,0.00028738516266457736,0.0004789753438672051,0.38679821521662505,0.1496128592947666,fc,32,0.75,,4,2,1,1,161,projection
20260823-161257,full_s42_fixed_epochs5_pat2_dirichlet_a01_lambda075_energycal,0.11380407111950996,0.012951366603374481,0.10991566574735377,0.012081453576683998,0.022846192305605077,0.0005219485028646886,0.0008699130266904831,0.9658324580666993,0.9328323370551624,layer4_1_conv2,32,0.75,,4,2,1,2,162,projection
20260823-161257,full_s42_fixed_epochs5_pat2_dirichlet_a01_lambda075_energycal,0.02451166669680475,0.0006008218042552471,0.0093333286766306,8.711102418601513e-05,0.01755637903323105,0.0003082264447584748,0.000513710780069232,0.3807708709521274,0.14498645616564168,fc,32,0.75,,4,2,1,2,162,projection
20260823-161257,full_s42_fixed_epochs5_pat2_dirichlet_a01_lambda075_energycal,0.11873471575804942,0.01409793272614479,0.11456899977750387,0.013126055710017681,0.024148000303088477,0.0005831259186379611,0.0009718770161271095,0.9649157708093209,0.9310624447565456,layer4_1_conv2,32,0.75,,4,2,1,3,163,projection
20260823-161257,full_s42_fixed_epochs5_pat2_dirichlet_a01_lambda075_energycal,0.025051209594964173,0.000627563102170825,0.0094511547885168,8.932432683650404e-05,0.01797062058145318,0.0003229432040825486,0.000538238775334321,0.3772733908392465,0.14233521143534283,fc,32,0.75,,4,2,1,3,163,projection
20260823-161257,full_s42_fixed_epochs5_pat2_dirichlet_a01_lambda075_energycal,0.12126330072903213,0.014704788103699684,0.11695121547615535,0.013677586801350117,0.024825810652262654,0.0006163208745419979,0.0010272013023495674,0.9644403110673004,0.9301451136115911,layer4_1_conv2,32,0.75,,4,2,1,4,164,projection
20260823-161257,full_s42_fixed_epochs5_pat2_dirichlet_a01_lambda075_energycal,0.0252852845210065,0.0006393456133082509,0.009486039222569461,8.998494013212621e-05,0.018155340598957175,0.00032961639226414263,0.0005493606731761247,0.3751604699044874,0.1407453781789558,fc,32,0.75,,4,2,1,4,164,projection
20260823-161257,full_s42_fixed_epochs5_pat2_dirichlet_a01_lambda075_energycal,0.1241775028856175,0.015420052222907543,0.11971115865763522,0.014330761507153511,0.025565107252839597,0.0006535747088491917,0.0010892907157540321,0.9640325813920069,0.9293588179853363,layer4_1_conv2,32,0.75,,4,2,1,5,165,projection
20260823-161257,full_s42_fixed_epochs5_pat2_dirichlet_a01_lambda075_energycal,0.02545806063303011,0.0006481128511950374,0.00953239074570424,9.086647332878783e-05,0.018285180641309625,0.0003343478310853243,0.0005572463778662495,0.37443507119849534,0.14020162254342228,fc,32,0.75,,4,2,1,5,165,projection
20260823-161257,full_s42_fixed_epochs5_pat2_dirichlet_a01_lambda075_energycal,0.12445494535519334,0.015489033423364162,0.1199811149181097,0.014395467936992645,0.025615228292280516,0.0006561399204656482,0.0010935654863715172,0.9640526101689622,0.9293974351735889,layer4_1_conv2,32,0.75,,4,2,2,1,166,projection
20260823-161257,full_s42_fixed_epochs5_pat2_dirichlet_a01_lambda075_energycal,0.025356003191623337,0.0006429268978536129,0.009502589676996248,9.029921056935564e-05,0.018209243925798625,0.0003315765643492341,0.0005526276872842573,0.37476685916081376,0.14045019872526118,fc,32,0.75,,4,2,2,1,166,projection
20260823-161257,full_s42_fixed_epochs5_pat2_dirichlet_a01_lambda075_energycal,0.12294002844024156,0.015114250592887402,0.11856776232948249,0.014058314263820648,0.025170657196516878,0.000633561983704567,0.0010559363290667534,0.9644357808743771,0.9301363754307695,layer4_1_conv2,32,0.75,,4,2,2,2,167,projection
20260823-161257,full_s42_fixed_epochs5_pat2_dirichlet_a01_lambda075_energycal,0.025162928722759645,0.0006331729819066823,0.009444334934297874,8.919546235119924e-05,0.01806616944080523,0.0003263864782638848,0.000543977519555483,0.37532733325098033,0.14087060708529248,fc,32,0.75,,4,2,2,2,167,projection
20260823-161257,full_s42_fixed_epochs5_pat2_dirichlet_a01_lambda075_energycal,0.11999613391837426,0.014399072155356407,0.11582770589353598,0.013416057452559471,0.02428597466778827,0.0005898085655644536,0.000983014702796936,0.9652619806261943,0.9317306912424036,layer4_1_conv2,32,0.75,,4,2,2,3,168,projection
20260823-161257,full_s42_fixed_epochs5_pat2_dirichlet_a01_lambda075_energycal,0.024818890646587866,0.0006159773329272866,0.009347678833183782,8.73790995683521e-05,0.017808956572314804,0.0003171589341945946,0.0005285982333589345,0.37663564283719964,0.1418544074553906,fc,32,0.75,,4,2,2,3,168,projection
20260823-161257,full_s42_fixed_epochs5_pat2_dirichlet_a01_lambda075_energycal,0.11676074843992403,0.01363307237625122,0.11279542102872704,0.012722807005047798,0.02337006339328851,0.0005461598630063236,0.0009102653712034225,0.9660388661071556,0.9332310908295989,layer4_1_conv2,32,0.75,,4,2,2,4,169,projection
20260823-161257,full_s42_fixed_epochs5_pat2_dirichlet_a01_lambda075_energycal,0.024372875519550672,0.0005940370610915124,0.009243190557403597,8.543657168047503e-05,0.017468837912471367,0.000305160298012197,0.0005086004894110374,0.3792408716808644,0.14382363875326185,fc,32,0.75,,4,2,2,4,169,projection
20260823-161257,full_s42_fixed_epochs5_pat2_dirichlet_a01_lambda075_energycal,0.11400628729682087,0.012997433543205261,0.11021274511247939,0.012146849185228348,0.022590937382160517,0.0005103504518046975,0.0008505843579769135,0.9667251493379061,0.9345575143623968,layer4_1_conv2,32,0.75,,4,2,2,5,170,projection
20260823-161257,full_s42_fixed_epochs5_pat2_dirichlet_a01_lambda075_energycal,0.023949347538384784,0.0005735712475143373,0.009114520446668254,8.307448297273368e-05,0.017155117312155375,0.00029429804999381304,0.0004904967645416036,0.380574895915639,0.14483725140119946,fc,32,0.75,,4,2,2,5,170,projection
20260823-161257,full_s42_fixed_epochs5_pat2_dirichlet_a01_lambda075_energycal,0.11052263553539024,0.012215252965688705,0.10694084839620148,0.011436345055699348,0.02161815697669479,0.00046734471106901765,0.000778907909989357,0.9675922753575502,0.9362348113316014,layer4_1_conv2,32,0.75,,4,2,3,1,171,projection
20260823-161257,full_s42_fixed_epochs5_pat2_dirichlet_a01_lambda075_energycal,0.02343654630628025,0.0005492717027664185,0.008954246781665494,8.017853542696685e-05,0.016776647385377326,0.0002814558974932879,0.0004690931673394516,0.38206340920061416,0.14597244864999592,fc,32,0.75,,4,2,3,1,171,projection
20260823-161257,full_s42_fixed_epochs5_pat2_dirichlet_a01_lambda075_energycal,0.10665991786782758,0.011376338079571724,0.10328480339285777,0.010667750611901283,0.020619227405747415,0.0004251525388099253,0.0007085874676704407,0.9683562997005845,0.9377139231698083,layer4_1_conv2,32,0.75,,4,2,3,2,172,projection
20260823-161257,full_s42_fixed_epochs5_pat2_dirichlet_a01_lambda075_energycal,0.022894354941934498,0.0005241514882072806,0.0088346634486676,7.805127825122327e-05,0.016360321784244264,0.00026766012888401747,0.00044610020995605737,0.3858882886665467,0.14890977132999603,fc,32,0.75,,4,2,3,2,172,projection
20260823-161257,full_s42_fixed_epochs5_pat2_dirichlet_a01_lambda075_energycal,0.10233876784042399,0.010473223403096199,0.09916217779353402,0.00983313750475645,0.019597226705115017,0.0003840512945316732,0.0006400858983397484,0.968960051855977,0.9388835820927376,layer4_1_conv2,32,0.75,,4,2,3,3,173,projection
20260823-161257,full_s42_fixed_epochs5_pat2_dirichlet_a01_lambda075_energycal,0.022287067693685225,0.0004967133863829076,0.008682902098846498,7.539278885815293e-05,0.015899445867310413,0.00025279237888753414,0.0004213205975247547,0.38959374190381696,0.15178328373061795,fc,32,0.75,,4,2,3,3,173,projection
20260823-161257,full_s42_fixed_epochs5_pat2_dirichlet_a01_lambda075_energycal,0.0976766851025223,0.009540734812617302,0.094689597950094,0.008966119959950447,0.018567936960184217,0.00034476828295737505,0.0005746148526668549,0.9694186268781233,0.9397724741382659,layer4_1_conv2,32,0.75,,4,2,3,4,174,projection
20260823-161257,full_s42_fixed_epochs5_pat2_dirichlet_a01_lambda075_energycal,0.02166363184960328,0.00046931294491514564,0.008511615453675835,7.24475976312533e-05,0.01543111151374292,0.0002381192025495693,0.00039686534728389233,0.3928988229105133,0.15436948504446693,fc,32,0.75,,4,2,3,4,174,projection
20260823-161257,full_s42_fixed_epochs5_pat2_dirichlet_a01_lambda075_energycal,0.09401037893356172,0.008837951347231865,0.09117833193916225,0.008313488215208054,0.017739142943329816,0.000314677192363888,0.0005244631320238113,0.9698751666940848,0.9406578389698786,layer4_1_conv2,32,0.75,,4,2,3,5,175,projection
20260823-161257,full_s42_fixed_epochs5_pat2_dirichlet_a01_lambda075_energycal,0.021041293340334083,0.0004427360254339874,0.008404080233550949,7.062856457196176e-05,0.0149420362539175,0.00022326444741338491,0.0003721074608620256,0.39940891929115196,0.15952748480932594,fc,32,0.75,,4,2,3,5,175,projection
20260823-161257,full_s42_fixed_epochs5_pat2_dirichlet_a01_lambda075_energycal,0.09979136988403903,0.009958317503333092,0.09669753593840529,0.009350413456559181,0.019098221571048145,0.00036474206717684865,0.0006079040467739105,0.9689969789048003,0.9389551451266298,layer4_1_conv2,32,0.75,,5,2,1,1,176,projection
20260823-161257,full_s42_fixed_epochs5_pat2_dirichlet_a01_lambda075_energycal,0.02202303065815294,0.00048501387936994433,0.008544410962770721,7.30069587007165e-05,0.01572272633157832,0.00024720412329770625,0.00041200692066922784,0.38797616437988175,0.15052550412692509,fc,32,0.75,,5,2,1,1,176,projection
20260823-161257,full_s42_fixed_epochs5_pat2_dirichlet_a01_lambda075_energycal,0.10553815112425342,0.011138301342725754,0.10215376262022936,0.010435391217470169,0.020536467990664165,0.00042174651753157377,0.0007029101252555847,0.9679320845782156,0.9368925203559298,layer4_1_conv2,32,0.75,,5,2,1,2,177,projection
20260823-161257,full_s42_fixed_epochs5_pat2_dirichlet_a01_lambda075_energycal,0.022792721353118224,0.0005195081466808915,0.008694474209214363,7.559388177469373e-05,0.016320187087065632,0.00026634850655682385,0.0004439142649061978,0.38145836447146714,0.14551048382524664,fc,32,0.75,,5,2,1,2,177,projection
20260823-161257,full_s42_fixed_epochs5_pat2_dirichlet_a01_lambda075_energycal,0.11064235385459324,0.012241730466485023,0.10697290055193262,0.011443201452493668,0.021888754848975817,0.00047911758883856237,0.0007985290139913559,0.9668350032801811,0.934769923567788,layer4_1_conv2,32,0.75,,5,2,1,3,178,projection
20260823-161257,full_s42_fixed_epochs5_pat2_dirichlet_a01_lambda075_energycal,0.023361831447370442,0.0005457751685753465,0.00881483187782021,7.770126103423536e-05,0.016758410983858243,0.0002808443387039006,0.0004680739075411111,0.3773176729606269,0.14236862632842262,fc,32,0.75,,5,2,1,3,178,projection
20260823-161257,full_s42_fixed_epochs5_pat2_dirichlet_a01_lambda075_energycal,0.11434260099677658,0.013074230402708054,0.1105120007397856,0.012212902307510376,0.022733169784667624,0.0005167970084585249,0.0008613280951976776,0.9664989232044935,0.9341201685554454,layer4_1_conv2,32,0.75,,5,2,1,4,179,projection
20260823-161257,full_s42_fixed_epochs5_pat2_dirichlet_a01_lambda075_energycal,0.023681289139331693,0.0005608034553006291,0.00889215015183339,7.907033432275057e-05,0.017001173196254,0.0002890398900490254,0.00048173312097787857,0.3754926558058289,0.1409947345641147,fc,32,0.75,,5,2,1,4,179,projection
20260823-161257,full_s42_fixed_epochs5_pat2_dirichlet_a01_lambda075_energycal,0.11869807205954414,0.014089232310652733,0.11462005023346733,0.013137755915522575,0.023893227131121946,0.0005708863027393818,0.0009514763951301575,0.9656437399924146,0.9324678325865381,layer4_1_conv2,32,0.75,,5,2,1,5,180,projection
20260823-161257,full_s42_fixed_epochs5_pat2_dirichlet_a01_lambda075_energycal,0.024008003855866534,0.0005763842491433024,0.008945033992310985,8.001363312359899e-05,0.017257530218404392,0.00029782234923914075,0.0004963706160197034,0.37258549465474194,0.13881995082711873,fc,32,0.75,,5,2,1,5,180,projection
20260823-161257,full_s42_fixed_epochs5_pat2_dirichlet_a01_lambda075_energycal,0.11828377074726533,0.01399105042219162,0.11422347506496462,0.013047002255916595,0.023799779762977227,0.0005664295167662203,0.0009440481662750244,0.9656732647543317,0.9325248542612896,layer4_1_conv2,32,0.75,,5,2,2,1,181,projection
20260823-161257,full_s42_fixed_epochs5_pat2_dirichlet_a01_lambda075_energycal,0.023934526937302945,0.0005728615797124803,0.008939474658099389,7.991420716280118e-05,0.01719791945893887,0.00029576843371614814,0.0004929473725496791,0.37349702718238603,0.13950002931407998,fc,32,0.75,,5,2,2,1,181,projection
20260823-161257,full_s42_fixed_epochs5_pat2_dirichlet_a01_lambda075_energycal,0.11651144522922172,0.013574916869401932,0.1125700179734283,0.012672008946537971,0.023275417176855943,0.0005417450447566807,0.0009029079228639603,0.9661713297947756,0.933487038517405,layer4_1_conv2,32,0.75,,5,2,2,2,182,projection
20260823-161257,full_s42_fixed_epochs5_pat2_dirichlet_a01_lambda075_energycal,0.02372505936761534,0.0005628784419968724,0.008862015083010568,7.853531133150682e-05,0.01704716632917069,0.0002906058798544109,0.0004843431306653656,0.3735297326634808,0.13952446118365142,fc,32,0.75,,5,2,2,2,182,projection
20260823-161257,full_s42_fixed_epochs5_pat2_dirichlet_a01_lambda075_energycal,0.11383773331158002,0.012959029525518417,0.11000022406582337,0.012100049294531345,0.02270216179648483,0.0005153881502337754,0.000858980230987072,0.9662896551598301,0.9337156976689033,layer4_1_conv2,32,0.75,,5,2,2,3,183,projection
20260823-161257,full_s42_fixed_epochs5_pat2_dirichlet_a01_lambda075_energycal,0.023428700454195664,0.0005489040049724281,0.008758933278023734,7.671891216887161e-05,0.01683184668888389,0.0002833110629580915,0.00047218509280355647,0.3738548493181646,0.13976744835870758,fc,32,0.75,,5,2,2,3,183,projection
20260823-161257,full_s42_fixed_epochs5_pat2_dirichlet_a01_lambda075_energycal,0.11043821156881868,0.012196598574519157,0.10677991562881207,0.011401950381696224,0.02183550908554702,0.0004767894570250064,0.0007946481928229332,0.966874726708817,0.9348467371482494,layer4_1_conv2,32,0.75,,5,2,2,4,184,projection
20260823-161257,full_s42_fixed_epochs5_pat2_dirichlet_a01_lambda075_energycal,0.02303076773223323,0.0005304162623360753,0.008649621433247842,7.481595093850046e-05,0.016533607358547912,0.0002733601722866297,0.00045560031139757484,0.3755680893408546,0.1410513897311402,fc,32,0.75,,5,2,2,4,184,projection
20260823-161257,full_s42_fixed_epochs5_pat2_dirichlet_a01_lambda075_energycal,0.10831775755814729,0.011732736602425575,0.10477617479497196,0.01097804680466652,0.021279422191550233,0.00045281380880624056,0.0007546897977590561,0.9673037658550665,0.9356765754373932,layer4_1_conv2,32,0.75,,5,2,2,5,185,projection
20260823-161257,full_s42_fixed_epochs5_pat2_dirichlet_a01_lambda075_energycal,0.022740313661295065,0.000517121865414083,0.00858878305745302,7.376719440799206e-05,0.016309898646910882,0.0002660127938725054,0.00044335467100609094,0.37768973574324427,0.1426495364858017,fc,32,0.75,,5,2,2,5,185,projection
20260823-161257,full_s42_fixed_epochs5_pat2_dirichlet_a01_lambda075_energycal,0.10367699407086087,0.01074891909956932,0.10034563470262653,0.010069246403872967,0.020194138298172522,0.00040780322160571814,0.0006796726956963539,0.9678679016681615,0.93676827507953,layer4_1_conv2,32,0.75,,5,2,3,1,186,projection
20260823-161257,full_s42_fixed_epochs5_pat2_dirichlet_a01_lambda075_energycal,0.022175781148450566,0.0004917652695439756,0.008438720819006155,7.12120090611279e-05,0.015884960065725963,0.0002523319562897086,0.0004205532604828477,0.38053770293434613,0.14480894335454864,fc,32,0.75,,5,2,3,1,186,projection
20260823-161257,full_s42_fixed_epochs5_pat2_dirichlet_a01_lambda075_energycal,0.09943834281854325,0.00988798402249813,0.09628293480245585,0.009270403534173965,0.019249639752445563,0.0003705486305989325,0.0006175804883241653,0.9682676930583464,0.9375423254205322,layer4_1_conv2,32,0.75,,5,2,3,2,187,projection
20260823-161257,full_s42_fixed_epochs5_pat2_dirichlet_a01_lambda075_energycal,0.02158578663621227,0.0004659461847040802,0.008278179163757178,6.85282502672635e-05,0.015441850711172298,0.00023845075338613242,0.0003974179344368167,0.3835013892831555,0.14707331558211043,fc,32,0.75,,5,2,3,2,187,projection
20260823-161257,full_s42_fixed_epochs5_pat2_dirichlet_a01_lambda075_energycal,0.09462353914549228,0.00895361416041851,0.09165256906154993,0.00840019341558218,0.01822228937045487,0.00033205182990059257,0.0005534207448363304,0.9686022092306841,0.9381902397265617,layer4_1_conv2,32,0.75,,5,2,3,3,188,projection
20260823-161257,full_s42_fixed_epochs5_pat2_dirichlet_a01_lambda075_energycal,0.020967805457942416,0.0004396488657221198,0.00813002113705743,6.60972436890006e-05,0.014971003832661764,0.00022413095575757325,0.0003735516220331192,0.3877382949476886,0.15034098536894075,fc,32,0.75,,5,2,3,3,188,projection
20260823-161257,full_s42_fixed_epochs5_pat2_dirichlet_a01_lambda075_energycal,0.09028844039358071,0.008152002468705177,0.08752352555806917,0.007660367526113987,0.017175013472798272,0.0002949810877908021,0.0004916349425911903,0.969376867919538,0.9396915120574933,layer4_1_conv2,32,0.75,,5,2,3,4,189,projection
20260823-161257,full_s42_fixed_epochs5_pat2_dirichlet_a01_lambda075_energycal,0.020396519570328044,0.0004160180105827749,0.00799249359172337,6.387995381373912e-05,0.014535570935463432,0.00021128282241988927,0.00035213805676903576,0.39185575579034065,0.15355093334601908,fc,32,0.75,,5,2,3,4,189,projection
20260823-161257,full_s42_fixed_epochs5_pat2_dirichlet_a01_lambda075_energycal,0.08714997495819406,0.007595118135213852,0.08454689996860341,0.007148178294301033,0.016375714720418932,0.00026816403260454535,0.0004469398409128189,0.9701310873486844,0.9411543266403407,layer4_1_conv2,32,0.75,,5,2,3,5,190,projection
20260823-161257,full_s42_fixed_epochs5_pat2_dirichlet_a01_lambda075_energycal,0.019844096974611536,0.00039378818473778665,0.007854279177427547,6.168970139697194e-05,0.014115915472678615,0.0001992590696318075,0.0003320984833408147,0.3957992740851994,0.1566570653663708,fc,32,0.75,,5,2,3,5,190,projection
20260823-161257,full_s42_fixed_epochs5_pat2_dirichlet_a01_lambda075_energycal,0.09399649381788247,0.008835340850055218,0.09104313741553685,0.008288852870464325,0.018107813024446803,0.0003278928925283253,0.0005464879795908928,0.9685801429139717,0.9381474932472494,layer4_1_conv2,32,0.75,,6,2,1,1,191,projection
20260823-161257,full_s42_fixed_epochs5_pat2_dirichlet_a01_lambda075_energycal,0.02082272480848464,0.00043358586844988167,0.008014862334428977,6.423801823984832e-05,0.014886527512985387,0.00022160870139487088,0.00036934785021003336,0.3849093914530897,0.14815523962878788,fc,32,0.75,,6,2,1,1,191,projection
20260823-161257,full_s42_fixed_epochs5_pat2_dirichlet_a01_lambda075_energycal,0.10026356972859828,0.010052783414721489,0.09703426651250936,0.009415648877620697,0.01955200969588479,0.0003822810831479728,0.0006371345371007919,0.9677918587495912,0.9366210818619886,layer4_1_conv2,32,0.75,,6,2,1,2,192,projection
20260823-161257,full_s42_fixed_epochs5_pat2_dirichlet_a01_lambda075_energycal,0.021583325198381336,0.0004658399266190827,0.008192320609768862,6.711411697324365e-05,0.015467238454708782,0.0002392354654148221,0.00039872580964583904,0.3795671211210427,0.14407119943611632,fc,32,0.75,,6,2,1,2,192,projection
20260823-161257,full_s42_fixed_epochs5_pat2_dirichlet_a01_lambda075_energycal,0.10393829246019329,0.010803168639540672,0.10051578556820631,0.010103423148393631,0.020490178974001447,0.000419847434386611,0.0006997454911470413,0.9670717421753129,0.9352277545139948,layer4_1_conv2,32,0.75,,6,2,1,3,193,projection
20260823-161257,full_s42_fixed_epochs5_pat2_dirichlet_a01_lambda075_energycal,0.022043880949085697,0.0004859326872974634,0.008323734992981517,6.928456423338503e-05,0.015811036180696632,0.0002499888651072979,0.0004166481230640784,0.3775984370541049,0.14258057966570278,fc,32,0.75,,6,2,1,3,193,projection
20260823-161257,full_s42_fixed_epochs5_pat2_dirichlet_a01_lambda075_energycal,0.1075225748225565,0.011561104096472263,0.10393695736076479,0.010802891105413437,0.02132903096262585,0.0004549275618046522,0.0007582129910588264,0.9666524218964341,0.9344169047582414,layer4_1_conv2,32,0.75,,6,2,1,4,194,projection
20260823-161257,full_s42_fixed_epochs5_pat2_dirichlet_a01_lambda075_energycal,0.022395533725578985,0.0005015599308535457,0.00841188451058672,7.075980101944879e-05,0.016077315766819804,0.0002584800822660327,0.0004308001298340969,0.3756054494463382,0.14107945365378577,fc,32,0.75,,6,2,1,4,194,projection
20260823-161257,full_s42_fixed_epochs5_pat2_dirichlet_a01_lambda075_energycal,0.11125427858692104,0.012377514503896236,0.10752703980881596,0.011562064290046692,0.02211945556685882,0.0004892703145742416,0.0008154502138495445,0.9664980185441313,0.934118419849732,layer4_1_conv2,32,0.75,,6,2,1,5,195,projection
20260823-161257,full_s42_fixed_epochs5_pat2_dirichlet_a01_lambda075_energycal,0.022605765963852123,0.0005110206548124552,0.008490578238900908,7.208991883089766e-05,0.016228321173785337,0.0002633584081195295,0.0004389307359815575,0.3755934770128035,0.14107045997456735,fc,32,0.75,,6,2,1,5,195,projection
20260823-161257,full_s42_fixed_epochs5_pat2_dirichlet_a01_lambda075_energycal,0.11163021811290343,0.012461305595934391,0.10793700251053237,0.011650396510958672,0.022057776351018712,0.0004865454975515604,0.0008109090849757195,0.9669156285385404,0.9349258327120807,layer4_1_conv2,32,0.75,,6,2,2,1,196,projection
20260823-161257,full_s42_fixed_epochs5_pat2_dirichlet_a01_lambda075_energycal,0.022583433095690688,0.0005100114503875375,0.008476328570515418,7.184814603533596e-05,0.016214128296577448,0.0002628979564178735,0.0004381633043522015,0.3753339244126195,0.140875554814978,fc,32,0.75,,6,2,2,1,196,projection
20260823-161257,full_s42_fixed_epochs5_pat2_dirichlet_a01_lambda075_energycal,0.10974808057217754,0.012044641189277172,0.10617240428441758,0.011272579431533813,0.021522950631639257,0.00046323740389198065,0.0007720617577433586,0.96741923622611,0.9358999786203103,layer4_1_conv2,32,0.75,,6,2,2,2,197,projection
20260823-161257,full_s42_fixed_epochs5_pat2_dirichlet_a01_lambda075_energycal,0.02242152887710222,0.0005027249571867287,0.008425256137109689,7.098494097590446e-05,0.016094843835370454,0.00025904399808496237,0.00043174001621082425,0.3757663531015454,0.14120035212323526,fc,32,0.75,,6,2,2,2,197,projection
20260823-161257,full_s42_fixed_epochs5_pat2_dirichlet_a01_lambda075_energycal,0.10697512059823407,0.011443676427006721,0.10353081069977442,0.010718628764152527,0.020857344204382688,0.0004350288072600961,0.0007250476628541946,0.9678027014206843,0.9366420688771744,layer4_1_conv2,32,0.75,,6,2,2,3,198,projection
20260823-161257,full_s42_fixed_epochs5_pat2_dirichlet_a01_lambda075_energycal,0.02205576543845913,0.0004864567890763283,0.008339853924660206,6.955316348467022e-05,0.01581588391732008,0.00025014218408614397,0.00041690362559165806,0.3781257988044167,0.14297911972147823,fc,32,0.75,,6,2,2,3,198,projection
20260823-161257,full_s42_fixed_epochs5_pat2_dirichlet_a01_lambda075_energycal,0.10266508351093985,0.010540119372308254,0.0994270376195681,0.009885735809803009,0.019814919036898106,0.0003926310164388269,0.0006543835625052452,0.9684601056110113,0.9379149761600909,layer4_1_conv2,32,0.75,,6,2,2,4,199,projection
20260823-161257,full_s42_fixed_epochs5_pat2_dirichlet_a01_lambda075_energycal,0.021667397189987683,0.0004694761009886861,0.008226299793909092,6.767200829926878e-05,0.015526829154706278,0.00024108242359943688,0.0004018040926894173,0.37966257422513094,0.14414367026725308,fc,32,0.75,,6,2,2,4,199,projection
20260823-161257,full_s42_fixed_epochs5_pat2_dirichlet_a01_lambda075_energycal,0.09968895631581427,0.009937888011336327,0.09657355947338524,0.009326452389359474,0.019153647773151743,0.0003668622230179608,0.0006114356219768524,0.9687488267751598,0.9384742893782485,layer4_1_conv2,32,0.75,,6,2,2,5,200,projection
20260823-161257,full_s42_fixed_epochs5_pat2_dirichlet_a01_lambda075_energycal,0.021313648671070336,0.00045427161967381835,0.008124491153828342,6.600735650863498e-05,0.015262979885616274,0.00023295855498872697,0.00038826426316518337,0.3811872513811284,0.1453037206154996,fc,32,0.75,,6,2,2,5,200,projection
20260823-161257,full_s42_fixed_epochs5_pat2_dirichlet_a01_lambda075_energycal,0.09580062745652604,0.00917776022106409,0.09284908824186944,0.008620953187346458,0.018277965804926556,0.00033408403396606445,0.0005568070337176323,0.9691908154151078,0.9393308366850017,layer4_1_conv2,32,0.75,,6,2,3,1,201,projection
20260823-161257,full_s42_fixed_epochs5_pat2_dirichlet_a01_lambda075_energycal,0.020873924444755818,0.00043572072172537446,0.008020378094616632,6.432646478060633e-05,0.014927710266285971,0.00022283653379417956,0.00037139425694476813,0.38422952597356946,0.14763232862987394,fc,32,0.75,,6,2,3,1,201,projection
20260823-161257,full_s42_fixed_epochs5_pat2_dirichlet_a01_lambda075_energycal,0.09199809786363075,0.00846365001052618,0.08924339123675218,0.007964382879436016,0.017307806564078036,0.0002995601680595428,0.0004992671310901642,0.9700569175792972,0.9410104233434476,layer4_1_conv2,32,0.75,,6,2,3,2,202,projection
20260823-161257,full_s42_fixed_epochs5_pat2_dirichlet_a01_lambda075_energycal,0.020402443919656243,0.00041625971789471805,0.00788812108739718,6.222245428944007e-05,0.014574715751796911,0.000212422339245677,0.000354037263605278,0.38662628450102293,0.1494798838670659,fc,32,0.75,,6,2,3,2,202,projection
20260823-161257,full_s42_fixed_epochs5_pat2_dirichlet_a01_lambda075_energycal,0.08803784967281547,0.007750662975013256,0.08544851847770395,0.0073014493100345135,0.016417320736842447,0.00026952842017635703,0.0004492136649787426,0.9705884320808091,0.9420419044890835,layer4_1_conv2,32,0.75,,6,2,3,3,203,projection
20260823-161257,full_s42_fixed_epochs5_pat2_dirichlet_a01_lambda075_energycal,0.01980725564472958,0.0003923273761756718,0.00776746438134447,6.033350291545503e-05,0.014113692189552229,0.00019919630722142756,0.0003319938732602168,0.3921524778931844,0.15378356591776454,fc,32,0.75,,6,2,3,3,203,projection
20260823-161257,full_s42_fixed_epochs5_pat2_dirichlet_a01_lambda075_energycal,0.0839938640778425,0.007054969202727079,0.08157151687590806,0.006653912365436554,0.015512389390754836,0.00024063422461040318,0.00040105683729052544,0.9711604266748641,0.9431525743393043,layer4_1_conv2,32,0.75,,6,2,3,4,204,projection
20260823-161257,full_s42_fixed_epochs5_pat2_dirichlet_a01_lambda075_energycal,0.01925655552396668,0.0003708149306476116,0.007656755024750753,5.86258975090459e-05,0.013686249192995003,0.00018731341697275639,0.0003121890331385657,0.3976181002475322,0.15810015364445656,fc,32,0.75,,6,2,3,4,204,projection
20260823-161257,full_s42_fixed_epochs5_pat2_dirichlet_a01_lambda075_energycal,0.08164650231976177,0.006666151341050863,0.07930951687149164,0.006289999466389418,0.015023016923553538,0.000225691037485376,0.0003761518746614456,0.9713767842850448,0.9435728570479547,layer4_1_conv2,32,0.75,,6,2,3,5,205,projection
20260823-161257,full_s42_fixed_epochs5_pat2_dirichlet_a01_lambda075_energycal,0.018744502435079826,0.0003513563715387136,0.007605045564780076,5.783671804238111e-05,0.01327071170613756,0.00017611178918741643,0.00029351965349633247,0.40572138903764343,0.16460984552263477,fc,32,0.75,,6,2,3,5,205,projection
20260823-161257,full_s42_fixed_epochs5_pat2_dirichlet_a01_lambda075_energycal,0.05409278385262595,0.0029260292649269104,0.05211248426440571,0.0027157110162079334,0.011233476438179405,0.00012619099288713187,0.00021031824871897697,0.9633906882364291,0.9281216181806607,layer4_1_conv2,32,0.75,,1,3,1,1,111,projection
20260823-161257,full_s42_fixed_epochs5_pat2_dirichlet_a01_lambda075_energycal,0.008337332650531454,6.951111572561786e-05,0.004707569042375148,2.2161206288728863e-05,0.005330097954722959,2.8409944206941873e-05,4.734990943688899e-05,0.5646373054426548,0.3188152866975418,fc,32,0.75,,1,3,1,1,111,projection
20260823-161257,full_s42_fixed_epochs5_pat2_dirichlet_a01_lambda075_energycal,0.06227492433229537,0.003878166200593114,0.05965884462012609,0.003559177741408348,0.013834487572983289,0.00019139304640702903,0.0003189884591847658,0.9579914429408212,0.9177476047478366,layer4_1_conv2,32,0.75,,1,3,1,2,112,projection
20260823-161257,full_s42_fixed_epochs5_pat2_dirichlet_a01_lambda075_energycal,0.011383316149578717,0.00012957988656125963,0.0052457077482580446,2.7517449780134484e-05,0.007825437000670465,6.123746425146237e-05,0.00010206243678112514,0.4608242167158102,0.21235895871174,fc,32,0.75,,1,3,1,2,112,projection
20260823-161257,full_s42_fixed_epochs5_pat2_dirichlet_a01_lambda075_energycal,0.07315611868471356,0.005351817701011896,0.06974444133410947,0.004864287097007036,0.017103170409981744,0.00029251843807287514,0.0004875306040048599,0.9533644292241958,0.9089037349099764,layer4_1_conv2,32,0.75,,1,3,1,3,113,projection
20260823-161257,full_s42_fixed_epochs5_pat2_dirichlet_a01_lambda075_energycal,0.014362923355522254,0.00020629356731660664,0.005859831951125308,3.433763049542904e-05,0.010157438613268776,0.00010317355918232352,0.0001719559368211776,0.40798323614755777,0.16645032097743387,fc,32,0.75,,1,3,1,3,113,projection
20260823-161257,full_s42_fixed_epochs5_pat2_dirichlet_a01_lambda075_energycal,0.08282416729340072,0.00685984268784523,0.07877873253233023,0.006206088699400425,0.019805355681484508,0.0003922521136701107,0.0006537539884448051,0.9511563485239792,0.9046983993374696,layer4_1_conv2,32,0.75,,1,3,1,4,114,projection
20260823-161257,full_s42_fixed_epochs5_pat2_dirichlet_a01_lambda075_energycal,0.01693668536350928,0.0002868513111025095,0.00644287800327753,4.1510676965117455e-05,0.012132781234425816,0.00014720438048243523,0.00024534063413739204,0.3804096176433052,0.1447114771955257,fc,32,0.75,,1,3,1,4,114,projection
20260823-161257,full_s42_fixed_epochs5_pat2_dirichlet_a01_lambda075_energycal,0.1039854176524199,0.010812967084348202,0.09880081824801686,0.009761601686477661,0.025116113961253312,0.0006308191805146635,0.0010513653978705406,0.9501410916890961,0.9027680941161473,layer4_1_conv2,32,0.75,,1,3,1,5,115,projection
20260823-161257,full_s42_fixed_epochs5_pat2_dirichlet_a01_lambda075_energycal,0.019494072727637018,0.00038001887151040137,0.006852100520795118,4.6951281547080725e-05,0.01413649707715521,0.00019984054961241782,0.00033306758996332064,0.35149661215128225,0.12354986835382895,fc,32,0.75,,1,3,1,5,115,projection
20260823-161257,full_s42_fixed_epochs5_pat2_dirichlet_a01_lambda075_energycal,0.10557578977650309,0.011146247386932373,0.10020989429040618,0.010042022913694382,0.025739736440317188,0.0006625340320169926,0.0011042244732379913,0.9491749434462564,0.9009330732662043,layer4_1_conv2,32,0.75,,1,3,2,1,116,projection
20260823-161257,full_s42_fixed_epochs5_pat2_dirichlet_a01_lambda075_energycal,0.021167071440217258,0.0004480449133552611,0.007277981775532269,5.296901872497983e-05,0.015396282622382414,0.00023704551858827472,0.00039507589463028125,0.34383508347329356,0.11822256462708675,fc,32,0.75,,1,3,2,1,116,projection
20260823-161257,full_s42_fixed_epochs5_pat2_dirichlet_a01_lambda075_energycal,0.10708442919197618,0.01146707497537136,0.10155276105109853,0.010312963277101517,0.026314764980528628,0.0006924668559804559,0.001154111698269844,0.9483429273273641,0.8993543078118342,layer4_1_conv2,32,0.75,,1,3,2,2,117,projection
20260823-161257,full_s42_fixed_epochs5_pat2_dirichlet_a01_lambda075_energycal,0.02245576944188694,0.0005042615812271833,0.007647219339549391,5.847996362717822e-05,0.016354476962529764,0.0002674689167179167,0.0004457816176000051,0.3405458610242482,0.11597148346074661,fc,32,0.75,,1,3,2,2,117,projection
20260823-161257,full_s42_fixed_epochs5_pat2_dirichlet_a01_lambda075_energycal,0.10871693927318402,0.01181937288492918,0.10310164028082987,0.010629948228597641,0.026714309426553333,0.0007136543281376362,0.0011894246563315392,0.9483493645986113,0.8993665173345898,layer4_1_conv2,32,0.75,,1,3,2,3,118,projection
20260823-161257,full_s42_fixed_epochs5_pat2_dirichlet_a01_lambda075_energycal,0.02359973123110587,0.0005569473141804338,0.007960774178029916,6.337392551358789e-05,0.017208835482047945,0.0002961440186481923,0.0004935733886668459,0.33732478137450717,0.11378800812935906,fc,32,0.75,,1,3,2,3,118,projection
20260823-161257,full_s42_fixed_epochs5_pat2_dirichlet_a01_lambda075_energycal,0.11018237926822583,0.012140156701207161,0.1045564293578406,0.010932046920061111,0.026923330137748176,0.0007248657057061791,0.0012081097811460495,0.9489396585211731,0.9004864755142806,layer4_1_conv2,32,0.75,,1,3,2,4,119,projection
20260823-161257,full_s42_fixed_epochs5_pat2_dirichlet_a01_lambda075_energycal,0.024518369536100162,0.0006011504447087646,0.00820266140113145,6.728365406161174e-05,0.0178974879757882,0.0003203200758434832,0.0005338667906471528,0.33455166702884054,0.11192481791177618,fc,32,0.75,,1,3,2,4,119,projection
20260823-161257,full_s42_fixed_epochs5_pat2_dirichlet_a01_lambda075_energycal,0.11730211930920442,0.013759787194430828,0.11181560665994132,0.012502729892730713,0.02746332369159686,0.0007542341481894255,0.0012570573017001152,0.9532275061902263,0.9086426785576379,layer4_1_conv2,32,0.75,,1,3,2,5,120,projection
20260823-161257,full_s42_fixed_epochs5_pat2_dirichlet_a01_lambda075_energycal,0.025776946772530212,0.0006644509849138558,0.008389445588098768,7.038279727566987e-05,0.018879642423282182,0.0003564408980309963,0.0005940681876381859,0.3254631226161809,0.10592624418307515,fc,32,0.75,,1,3,2,5,120,projection
20260823-161257,full_s42_fixed_epochs5_pat2_dirichlet_a01_lambda075_energycal,0.11815701613421226,0.013961080461740494,0.1125243940330615,0.012661739252507687,0.02792140556134549,0.0007796048885211349,0.0012993412092328072,0.9523293471227069,0.9069311853911612,layer4_1_conv2,32,0.75,,2,3,1,1,121,projection
20260823-161257,full_s42_fixed_epochs5_pat2_dirichlet_a01_lambda075_energycal,0.026772594458528663,0.0007167718140408397,0.008682880311760436,7.539241050835699e-05,0.019617024219006983,0.00038482763920910656,0.0006413794035324827,0.32431971900259454,0.10518328013392186,fc,32,0.75,,2,3,1,1,121,projection
20260823-161257,full_s42_fixed_epochs5_pat2_dirichlet_a01_lambda075_energycal,0.11985720046085713,0.01436574850231409,0.11411081133600166,0.013021277263760567,0.028402163962541607,0.0008066829177550972,0.001344471238553524,0.9520563712254224,0.9064113339909193,layer4_1_conv2,32,0.75,,2,3,1,2,122,projection
20260823-161257,full_s42_fixed_epochs5_pat2_dirichlet_a01_lambda075_energycal,0.02761404730157429,0.0007625356083735824,0.008914101935568144,7.946121331769973e-05,0.02024461887459934,0.0004098445933777839,0.0006830743950558826,0.3228104101588885,0.1042065609069498,fc,32,0.75,,2,3,1,2,122,projection
20260823-161257,full_s42_fixed_epochs5_pat2_dirichlet_a01_lambda075_energycal,0.12134555431702461,0.01472474355250597,0.11545335039784584,0.013329476118087769,0.028933724108758066,0.0008371603908017278,0.0013952674344182014,0.951442770587335,0.905243345702904,layer4_1_conv2,32,0.75,,2,3,1,3,123,projection
20260823-161257,full_s42_fixed_epochs5_pat2_dirichlet_a01_lambda075_energycal,0.028201321850669883,0.0007953145541250706,0.009123178492437637,8.323238580487669e-05,0.02067000955905319,0.00042724929517135024,0.0007120821683201939,0.32350180394898503,0.10465341715824758,fc,32,0.75,,2,3,1,3,123,projection
20260823-161257,full_s42_fixed_epochs5_pat2_dirichlet_a01_lambda075_energycal,0.12213748609528909,0.014917565509676933,0.11625442973280171,0.013515092432498932,0.029008337566995352,0.0008414836484007537,0.0014024730771780014,0.9518325081793682,0.9059851236270271,layer4_1_conv2,32,0.75,,2,3,1,4,124,projection
20260823-161257,full_s42_fixed_epochs5_pat2_dirichlet_a01_lambda075_energycal,0.028619159576382665,0.0008190562948584557,0.0092572752768032,8.569714555051178e-05,0.020976544721824954,0.00044001542846672237,0.0007333591493079439,0.32346426009108126,0.10462912755627064,fc,32,0.75,,2,3,1,4,124,projection
20260823-161257,full_s42_fixed_epochs5_pat2_dirichlet_a01_lambda075_energycal,0.12425052698213589,0.015438193455338478,0.11862554757787744,0.014072020538151264,0.028630471761634996,0.0008197039132937789,0.001366172917187214,0.9547287279910919,0.9115069440514884,layer4_1_conv2,32,0.75,,2,3,1,5,125,projection
20260823-161257,full_s42_fixed_epochs5_pat2_dirichlet_a01_lambda075_energycal,0.02906740243066183,0.0008449138840660453,0.009313335919300732,8.673822594573721e-05,0.021328511075221452,0.0004549053846858442,0.0007581756581203081,0.3204048226021233,0.10265925034669812,fc,32,0.75,,2,3,1,5,125,projection
20260823-161257,full_s42_fixed_epochs5_pat2_dirichlet_a01_lambda075_energycal,0.12229637195093308,0.014956402592360973,0.11677236140281012,0.013635784387588501,0.028149083045409397,0.0007923708762973547,0.0013206182047724724,0.9548309531999913,0.9117021491888041,layer4_1_conv2,32,0.75,,2,3,2,1,126,projection
20260823-161257,full_s42_fixed_epochs5_pat2_dirichlet_a01_lambda075_energycal,0.02915418866109912,0.0008499667164869606,0.009340235425870386,8.723999781068414e-05,0.02139242909242933,0.00045763602247461677,0.0007627267186762765,0.32037370459680137,0.10263931059707854,fc,32,0.75,,2,3,2,1,126,projection
20260823-161257,full_s42_fixed_epochs5_pat2_dirichlet_a01_lambda075_energycal,0.12017542117502128,0.014442131854593754,0.11473825712024828,0.013164867646992207,0.027683186304284062,0.0007663588039577007,0.0012772642076015472,0.9547564385328476,0.9115598569199274,layer4_1_conv2,32,0.75,,2,3,2,2,127,projection
20260823-161257,full_s42_fixed_epochs5_pat2_dirichlet_a01_lambda075_energycal,0.029159703596118868,0.0008502883138135076,0.00934027827026699,8.72407981660217e-05,0.02139692702481894,0.00045782848610542715,0.0007630475156474859,0.3203145820559772,0.10260143147769533,fc,32,0.75,,2,3,2,2,127,projection
20260823-161257,full_s42_fixed_epochs5_pat2_dirichlet_a01_lambda075_energycal,0.11763056602646034,0.013836950063705444,0.11232711733860763,0.012617381289601326,0.02705072384012238,0.0007317416602745652,0.0012195687741041183,0.9549143656533989,0.9118614457312332,layer4_1_conv2,32,0.75,,2,3,2,3,128,projection
20260823-161257,full_s42_fixed_epochs5_pat2_dirichlet_a01_lambda075_energycal,0.02894797591839874,0.0008379853097721934,0.009325843778426211,8.697136217961088e-05,0.021227536845668867,0.0004506083205342293,0.0007510139475925826,0.322158751434462,0.10378626112581146,fc,32,0.75,,2,3,2,3,128,projection
20260823-161257,full_s42_fixed_epochs5_pat2_dirichlet_a01_lambda075_energycal,0.1148417297496991,0.013188622891902924,0.1096995171596295,0.012033984065055847,0.02632077865946415,0.0006927833892405033,0.0011546388268470764,0.9552234836476496,0.9124519037119516,layer4_1_conv2,32,0.75,,2,3,2,4,129,projection
20260823-161257,full_s42_fixed_epochs5_pat2_dirichlet_a01_lambda075_energycal,0.028770300096751456,0.0008277301676571369,0.009282650966714458,8.616760896984488e-05,0.02109354298322253,0.00044493755558505654,0.000741562558687292,0.32264699831068466,0.10410108551889496,fc,32,0.75,,2,3,2,4,129,projection
20260823-161257,full_s42_fixed_epochs5_pat2_dirichlet_a01_lambda075_energycal,0.11744543934286598,0.013793431222438812,0.11213977149105994,0.012575328350067139,0.027034461050860655,0.0007308620843105018,0.0012181028723716736,0.9548244028759868,0.9116896403274847,layer4_1_conv2,32,0.75,,2,3,2,5,130,projection
20260823-161257,full_s42_fixed_epochs5_pat2_dirichlet_a01_lambda075_energycal,0.029024358724501126,0.0008424133993685246,0.009254286136318452,8.564181189285591e-05,0.02130875346690355,0.000454062974313274,0.0007567715874756686,0.318845498850122,0.10166245213698316,fc,32,0.75,,2,3,2,5,130,projection
20260823-161257,full_s42_fixed_epochs5_pat2_dirichlet_a01_lambda075_energycal,0.11322401508215407,0.012819677591323853,0.10814640024949415,0.01169564388692379,0.02596960503399095,0.0006744203856214881,0.0011240337044000626,0.9551542592004385,0.9123196588687387,layer4_1_conv2,32,0.75,,2,3,3,1,131,projection
20260823-161257,full_s42_fixed_epochs5_pat2_dirichlet_a01_lambda075_energycal,0.028612530425053666,0.0008186768973246217,0.0091490994934873,8.370602154172957e-05,0.020999582411117327,0.00044098246144130826,0.0007349708757828921,0.3197584889407816,0.10224549124969196,fc,32,0.75,,2,3,3,1,131,projection
20260823-161257,full_s42_fixed_epochs5_pat2_dirichlet_a01_lambda075_energycal,0.1088360638676951,0.011845288798213005,0.10397250189373636,0.01081028115004301,0.024919954785748984,0.0006210041465237737,0.0010350076481699944,0.9553129560081202,0.9126228439169726,layer4_1_conv2,32,0.75,,2,3,3,2,132,projection
20260823-161257,full_s42_fixed_epochs5_pat2_dirichlet_a01_lambda075_energycal,0.028188262965405553,0.0007945781690068543,0.009028587418592481,8.151539077516645e-05,0.02068423695009955,0.00042783765820786357,0.0007130627782316878,0.32029598381684404,0.10258951724920003,fc,32,0.75,,2,3,3,2,132,projection
20260823-161257,full_s42_fixed_epochs5_pat2_dirichlet_a01_lambda075_energycal,0.10491976202557761,0.011008156463503838,0.10027784551093955,0.010055646300315857,0.02390619493186754,0.0005715061561204493,0.0009525101631879807,0.95575746241679,0.9134723269653816,layer4_1_conv2,32,0.75,,2,3,3,3,133,projection
20260823-161257,full_s42_fixed_epochs5_pat2_dirichlet_a01_lambda075_energycal,0.027730401730016466,0.0007689751801081002,0.0089124072809587,7.943100354168564e-05,0.02034026773147132,0.0004137264913879335,0.0006895441765664145,0.3213948130910618,0.10329462588183858,fc,32,0.75,,2,3,3,3,133,projection
20260823-161257,full_s42_fixed_epochs5_pat2_dirichlet_a01_lambda075_energycal,0.10081669346825638,0.010164005681872368,0.09642329077762254,0.009297451004385948,0.022802045860760026,0.0005199332954362035,0.0008665546774864197,0.9564218728119945,0.9147427987932031,layer4_1_conv2,32,0.75,,2,3,3,4,134,projection
20260823-161257,full_s42_fixed_epochs5_pat2_dirichlet_a01_lambda075_energycal,0.02720914111442402,0.0007403373601846397,0.008793683128907149,7.732886297162622e-05,0.019945051173501524,0.0003978050663135946,0.0006630084972130135,0.3231885597537465,0.10445084515570098,fc,32,0.75,,2,3,3,4,134,projection
20260823-161257,full_s42_fixed_epochs5_pat2_dirichlet_a01_lambda075_energycal,0.10342646303675063,0.010697033256292343,0.09901120526004584,0.009803218767046928,0.023157912070247092,0.000536288891453296,0.0008938144892454147,0.9573101733631177,0.9164427680245227,layer4_1_conv2,32,0.75,,2,3,3,5,135,projection
20260823-161257,full_s42_fixed_epochs5_pat2_dirichlet_a01_lambda075_energycal,0.027314176489854732,0.000746064237318933,0.008716763968232514,7.598197407787666e-05,0.020051167948944047,0.00040204933611676097,0.0006700822632410564,0.3191296640947667,0.10184374250523863,fc,32,0.75,,2,3,3,5,135,projection
20260823-161257,full_s42_fixed_epochs5_pat2_dirichlet_a01_lambda075_energycal,0.10366080557766473,0.010745562613010406,0.09920093534140643,0.009840825572609901,0.02329897674518262,0.0005428423173725605,0.0009047370404005051,0.9569763112354276,0.9158036602657662,layer4_1_conv2,32,0.75,,3,3,1,1,136,projection
20260823-161257,full_s42_fixed_epochs5_pat2_dirichlet_a01_lambda075_energycal,0.027810088090577053,0.0007734009996056557,0.008845987681025243,7.825149805285037e-05,0.02042277478785666,0.00041708973003551364,0.0006951495015528053,0.31808556852513337,0.10117842890395733,fc,32,0.75,,3,3,1,1,136,projection
20260823-161257,full_s42_fixed_epochs5_pat2_dirichlet_a01_lambda075_energycal,0.10438530794656424,0.010896292515099049,0.09987375758410477,0.009974767453968525,0.023514147934671926,0.000552915153093636,0.0009215250611305237,0.9567798337600444,0.915427650289898,layer4_1_conv2,32,0.75,,3,3,1,2,137,projection
20260823-161257,full_s42_fixed_epochs5_pat2_dirichlet_a01_lambda075_energycal,0.02818693516427282,0.0007945033139549196,0.00895426547076962,8.01788701210171e-05,0.02070252689248858,0.00042859461973421276,0.0007143244438339025,0.3176743203397022,0.10091697380329175,fc,32,0.75,,3,3,1,2,137,projection
20260823-161257,full_s42_fixed_epochs5_pat2_dirichlet_a01_lambda075_energycal,0.1047187737112266,0.010966021567583084,0.10020808199886017,0.010041659697890282,0.023550320820745374,0.0005546176107600331,0.0009243618696928024,0.9569256633504403,0.9157067251786801,layer4_1_conv2,32,0.75,,3,3,1,3,138,projection
20260823-161257,full_s42_fixed_epochs5_pat2_dirichlet_a01_lambda075_energycal,0.028362574572533963,0.00080443563638255,0.009020490738673012,8.136925316648558e-05,0.02082882136297243,0.0004338397993706167,0.0007230663832160644,0.31804202808190646,0.10115073162645218,fc,32,0.75,,3,3,1,3,138,projection
20260823-161257,full_s42_fixed_epochs5_pat2_dirichlet_a01_lambda075_energycal,0.1053112894421625,0.011090467683970928,0.10079270933487681,0.010159170255064964,0.023638505338671432,0.0005587789346463978,0.0009312974289059639,0.9570931081442383,0.9160272176571985,layer4_1_conv2,32,0.75,,3,3,1,4,139,projection
20260823-161257,full_s42_fixed_epochs5_pat2_dirichlet_a01_lambda075_energycal,0.028451926140663945,0.0008095121011137962,0.009064004071619362,8.215616981033236e-05,0.020890513119820608,0.000436413538409397,0.0007273559313034639,0.3185725995072419,0.10148850115680154,fc,32,0.75,,3,3,1,4,139,projection
20260823-161257,full_s42_fixed_epochs5_pat2_dirichlet_a01_lambda075_energycal,0.11132688688961682,0.012393675744533539,0.10664664048915146,0.011373505927622318,0.024740678413732654,0.000612101168371737,0.0010201698169112206,0.9579594244370999,0.9176862588678596,layer4_1_conv2,32,0.75,,3,3,1,5,140,projection
20260823-161257,full_s42_fixed_epochs5_pat2_dirichlet_a01_lambda075_energycal,0.02870039097417047,0.0008237124420702457,0.009087168182276763,8.257662557298318e-05,0.021087471206311992,0.0004446814418770373,0.0007411358164972626,0.3166217557961128,0.10024933624341331,fc,32,0.75,,3,3,1,5,140,projection
20260823-161257,full_s42_fixed_epochs5_pat2_dirichlet_a01_lambda075_energycal,0.1093749276229074,0.011962874792516232,0.10476555227608543,0.010975820943713188,0.02433582884135106,0.000592232565395534,0.0009870538488030434,0.9578571117988417,0.9174902466236187,layer4_1_conv2,32,0.75,,3,3,2,1,141,projection
20260823-161257,full_s42_fixed_epochs5_pat2_dirichlet_a01_lambda075_energycal,0.028560925534867384,0.0008157264674082398,0.009058945454322686,8.206449274439365e-05,0.020980875882195535,0.0004401971527840942,0.0007336619746638462,0.3171796881464314,0.10060295457266745,fc,32,0.75,,3,3,2,1,141,projection
20260823-161257,full_s42_fixed_epochs5_pat2_dirichlet_a01_lambda075_energycal,0.10771702187515633,0.011602956801652908,0.10319165149415103,0.010648516938090324,0.023930395907472098,0.0005726638482883573,0.0009544398635625839,0.9579883448109976,0.9177416687937149,layer4_1_conv2,32,0.75,,3,3,2,2,142,projection
20260823-161257,full_s42_fixed_epochs5_pat2_dirichlet_a01_lambda075_energycal,0.028333136926947892,0.0008027666481211782,0.009008105715366662,8.114596857922152e-05,0.020807989280839094,0.00043297241791151464,0.0007216206795419566,0.31793534681996244,0.10108288475752979,fc,32,0.75,,3,3,2,2,142,projection
20260823-161257,full_s42_fixed_epochs5_pat2_dirichlet_a01_lambda075_energycal,0.10541071884743056,0.011111419647932053,0.1009976193518082,0.010200519114732742,0.02337819782735768,0.0005465401336550713,0.0009109005331993103,0.9581342434253789,0.9180212284243231,layer4_1_conv2,32,0.75,,3,3,2,3,143,projection
20260823-161257,full_s42_fixed_epochs5_pat2_dirichlet_a01_lambda075_energycal,0.02803640347937127,0.0007860399200581014,0.008956731684029214,8.02230424596928e-05,0.020578875771388404,0.0004234901280142367,0.0007058168775984086,0.3194679264271336,0.10205975601565248,fc,32,0.75,,3,3,2,3,143,projection
20260823-161257,full_s42_fixed_epochs5_pat2_dirichlet_a01_lambda075_energycal,0.10246264016717861,0.010498592630028725,0.0982263992242678,0.009648425504565239,0.0225853918724499,0.000510099926032126,0.0008501671254634857,0.9586557506619102,0.9190208482771505,layer4_1_conv2,32,0.75,,3,3,2,4,144,projection
20260823-161257,full_s42_fixed_epochs5_pat2_dirichlet_a01_lambda075_energycal,0.02765868816700648,0.0007650030311197042,0.008876562832550056,7.879336772020906e-05,0.02029102774062581,0.00041172580677084625,0.0006862096633994952,0.32093217071439917,0.10299745819945624,fc,32,0.75,,3,3,2,4,144,projection
20260823-161257,full_s42_fixed_epochs5_pat2_dirichlet_a01_lambda075_energycal,0.10711178673241728,0.011472934857010841,0.1026687165678549,0.010540865361690521,0.023648300002416373,0.0005592420930042863,0.0009320694953203201,0.9585193161266006,0.918759279387806,layer4_1_conv2,32,0.75,,3,3,2,5,145,projection
20260823-161257,full_s42_fixed_epochs5_pat2_dirichlet_a01_lambda075_energycal,0.02785018905808439,0.0007756330305710435,0.008987680149877976,8.077839447651058e-05,0.020418442123392683,0.0004169127787463367,0.0006948546360945329,0.3227152293700147,0.10414511926734114,fc,32,0.75,,3,3,2,5,145,projection
20260823-161257,full_s42_fixed_epochs5_pat2_dirichlet_a01_lambda075_energycal,0.10219910898382428,0.010444657877087593,0.09799538852524416,0.009603096172213554,0.022470816740853734,0.0005049376050010324,0.0008415617048740387,0.9588673472755475,0.9194265896712452,layer4_1_conv2,32,0.75,,3,3,3,1,146,projection
20260823-161257,full_s42_fixed_epochs5_pat2_dirichlet_a01_lambda075_energycal,0.027242832988536827,0.0007421719492413104,0.008840894847106076,7.816142169758677e-05,0.019960117565865434,0.0003984062932431698,0.0006640105275437236,0.3245218605137772,0.10531443795132348,fc,32,0.75,,3,3,3,1,146,projection
20260823-161257,full_s42_fixed_epochs5_pat2_dirichlet_a01_lambda075_energycal,0.09800117613125588,0.009604230523109436,0.09401454951676198,0.008838735520839691,0.021431219113754712,0.0004592971527017653,0.0007654950022697449,0.9593206247937832,0.9202960611547347,layer4_1_conv2,32,0.75,,3,3,3,2,147,projection
20260823-161257,full_s42_fixed_epochs5_pat2_dirichlet_a01_lambda075_energycal,0.02672872110496204,0.0007144245319068432,0.008715527677164674,7.596042269142345e-05,0.019572389013280046,0.0003830784116871655,0.0006384641092154197,0.3260735013448393,0.10632392827928289,fc,32,0.75,,3,3,3,2,147,projection
20260823-161257,full_s42_fixed_epochs5_pat2_dirichlet_a01_lambda075_energycal,0.09388457017871986,0.008814312517642975,0.09014569214100922,0.008126245811581612,0.02031846065018384,0.0004128398431930691,0.0006880667060613632,0.9601757985301177,0.9219375640829492,layer4_1_conv2,32,0.75,,3,3,3,3,148,projection
20260823-161257,full_s42_fixed_epochs5_pat2_dirichlet_a01_lambda075_energycal,0.026125457688080108,0.000682539539411664,0.008566455020566755,7.338415161939338e-05,0.019117875897527843,0.00036549317883327603,0.0006091553877922706,0.3278968400417823,0.10751633770938619,fc,32,0.75,,3,3,3,3,148,projection
20260823-161257,full_s42_fixed_epochs5_pat2_dirichlet_a01_lambda075_energycal,0.09036908291965724,0.008166571147739887,0.08680130577280848,0.0075344666838645935,0.019474665811663704,0.00037926260847598314,0.0006321044638752937,0.9605199363368476,0.9225985481005415,layer4_1_conv2,32,0.75,,3,3,3,4,149,projection
20260823-161257,full_s42_fixed_epochs5_pat2_dirichlet_a01_lambda075_energycal,0.025600205694558276,0.000655370531603694,0.008419716552206646,7.089162681950256e-05,0.018726646885663854,0.0003506873035803437,0.0005844789047841914,0.3288925351875742,0.10817029970210974,fc,32,0.75,,3,3,3,4,149,projection
20260823-161257,full_s42_fixed_epochs5_pat2_dirichlet_a01_lambda075_energycal,0.0955160755647316,0.009123320691287518,0.0914535799326385,0.008363757282495499,0.021348027499182565,0.000455738278105855,0.0007595634087920189,0.9574679381656553,0.9167448526151911,layer4_1_conv2,32,0.75,,3,3,3,5,150,projection
20260823-161257,full_s42_fixed_epochs5_pat2_dirichlet_a01_lambda075_energycal,0.025520613231082845,0.0006513016996905208,0.00840084251494592,7.05741549609229e-05,0.018666454664668965,0.00034843652974814177,0.0005807275447295979,0.3291787089470918,0.1083586224240742,fc,32,0.75,,3,3,3,5,150,projection
20260823-161257,full_s42_fixed_epochs5_pat2_dirichlet_a01_lambda075_energycal,0.09482014349716274,0.008990859612822533,0.09081801032153068,0.008247910998761654,0.021113250414360882,0.00044576934305951,0.0007429486140608788,0.957792373771805,0.9173662312554292,layer4_1_conv2,32,0.75,,4,3,1,1,151,projection
20260823-161257,full_s42_fixed_epochs5_pat2_dirichlet_a01_lambda075_energycal,0.02592189609938896,0.0006719446973875165,0.008485998775853678,7.201217522379011e-05,0.01897259847584285,0.0003599594929255545,0.0005999325221637264,0.3273679804639643,0.10716979463305452,fc,32,0.75,,4,3,1,1,151,projection
20260823-161257,full_s42_fixed_epochs5_pat2_dirichlet_a01_lambda075_energycal,0.09480790450677934,0.008988538756966591,0.09082784416388934,0.008249697275459766,0.021054801259414706,0.00044330465607345104,0.0007388414815068245,0.9580197414593695,0.9178018250258771,layer4_1_conv2,32,0.75,,4,3,1,2,152,projection
20260823-161257,full_s42_fixed_epochs5_pat2_dirichlet_a01_lambda075_energycal,0.02619735674713198,0.0006863015005365014,0.008552415150793607,7.314380491152406e-05,0.019180578565098656,0.00036789459409192204,0.0006131576956249774,0.3264609950288173,0.10657678127520552,fc,32,0.75,,4,3,1,2,152,projection
20260823-161257,full_s42_fixed_epochs5_pat2_dirichlet_a01_lambda075_energycal,0.09466830162838226,0.008962087333202362,0.09075862060801818,0.008237127214670181,0.020856089723937585,0.00043497647857293487,0.0007249601185321808,0.9587012658607584,0.9191081171630208,layer4_1_conv2,32,0.75,,4,3,1,3,153,projection
20260823-161257,full_s42_fixed_epochs5_pat2_dirichlet_a01_lambda075_energycal,0.026446614682397576,0.0006994234281592071,0.00861218240815262,7.416968583129346e-05,0.019368847291378704,0.0003751522453967482,0.0006252537423279136,0.3256440384365998,0.10604403976929766,fc,32,0.75,,4,3,1,3,153,projection
20260823-161257,full_s42_fixed_epochs5_pat2_dirichlet_a01_lambda075_energycal,0.09407677424122748,0.008850439451634884,0.09021378587761998,0.008138527162373066,0.020667541148907117,0.00042714725714176893,0.0007119122892618179,0.9589379164542547,0.919561927613627,layer4_1_conv2,32,0.75,,4,3,1,4,154,projection
20260823-161257,full_s42_fixed_epochs5_pat2_dirichlet_a01_lambda075_energycal,0.02652764615115581,0.0007037160103209317,0.008631639171605743,7.450519478879869e-05,0.01943004059897322,0.0003775264776777476,0.000629210815532133,0.32538277698753393,0.10587395156011924,fc,32,0.75,,4,3,1,4,154,projection
20260823-161257,full_s42_fixed_epochs5_pat2_dirichlet_a01_lambda075_energycal,0.10207361668531836,0.010419023223221302,0.09784077853323854,0.00957281794399023,0.02253271637501855,0.0005077233072370291,0.0008462052792310715,0.9585315158849599,0.918782666944719,layer4_1_conv2,32,0.75,,4,3,1,5,155,projection
20260823-161257,full_s42_fixed_epochs5_pat2_dirichlet_a01_lambda075_energycal,0.027027121243041307,0.0007304652826860547,0.0086891096106536,7.550062582595274e-05,0.019823693077042553,0.0003929788072127849,0.000654964656860102,0.32149593486175637,0.10335963613263467,fc,32,0.75,,4,3,1,5,155,projection
20260823-161257,full_s42_fixed_epochs5_pat2_dirichlet_a01_lambda075_energycal,0.09964208439844975,0.009928544983267784,0.09555993754255222,0.009131701663136482,0.021865634424724948,0.00047810596879571676,0.0007968433201313019,0.9590319002202543,0.9197421856400718,layer4_1_conv2,32,0.75,,4,3,2,1,156,projection
20260823-161257,full_s42_fixed_epochs5_pat2_dirichlet_a01_lambda075_energycal,0.026866971066915674,0.0007218341343104839,0.008650362488116707,7.482877117581666e-05,0.019702872602160578,0.0003882031887769699,0.0006470053631346673,0.3219701419475927,0.10366477230575301,fc,32,0.75,,4,3,2,1,156,projection
20260823-161257,full_s42_fixed_epochs5_pat2_dirichlet_a01_lambda075_energycal,0.09715970162345994,0.009440007619559765,0.0932075682809616,0.00868765078485012,0.02124651454292113,0.000451414380222559,0.0007523568347096443,0.9593233277124015,0.9203012470931956,layer4_1_conv2,32,0.75,,4,3,2,2,157,projection
20260823-161257,full_s42_fixed_epochs5_pat2_dirichlet_a01_lambda075_energycal,0.026674661166373924,0.000711537548340857,0.0086110134860291,7.414955325657502e-05,0.019555887686537855,0.00038243274320848286,0.000637387995084282,0.3228162274422493,0.10421031670004602,fc,32,0.75,,4,3,2,2,157,projection
20260823-161257,full_s42_fixed_epochs5_pat2_dirichlet_a01_lambda075_energycal,0.09469323702702143,0.008966809138655663,0.09088187028620608,0.008259514346718788,0.020600422726084314,0.00042437741649337113,0.0007072947919368744,0.959750380697961,0.9211207932498813,layer4_1_conv2,32,0.75,,4,3,2,3,158,projection
20260823-161257,full_s42_fixed_epochs5_pat2_dirichlet_a01_lambda075_energycal,0.026352425699235797,0.0006944503402337432,0.008528127515005493,7.272895891219378e-05,0.019314057500986102,0.00037303281715139747,0.0006217213813215494,0.32361831173867245,0.1047288116925886,fc,32,0.75,,4,3,2,3,158,projection
20260823-161257,full_s42_fixed_epochs5_pat2_dirichlet_a01_lambda075_energycal,0.09257048945587498,0.008569295518100262,0.08888105137594057,0.007899841293692589,0.0200417645205462,0.00040167232509702444,0.0006694542244076729,0.9601445546888565,0.9218775658986627,layer4_1_conv2,32,0.75,,4,3,2,4,159,projection
20260823-161257,full_s42_fixed_epochs5_pat2_dirichlet_a01_lambda075_energycal,0.02609588646065946,0.0006809952901676297,0.00845489935676038,7.148532313294709e-05,0.01912344074798193,0.00036570598604157567,0.0006095099670346826,0.3239935677029582,0.10497183191289133,fc,32,0.75,,4,3,2,4,159,projection
20260823-161257,full_s42_fixed_epochs5_pat2_dirichlet_a01_lambda075_energycal,0.09643849235575408,0.009300382807850838,0.09246639841550355,0.008550034835934639,0.021218119816014246,0.0004502086085267365,0.0007503479719161987,0.958812152251429,0.9193207433050177,layer4_1_conv2,32,0.75,,4,3,2,5,160,projection
20260823-161257,full_s42_fixed_epochs5_pat2_dirichlet_a01_lambda075_energycal,0.026240652281198543,0.0006885718321427703,0.008529027563723762,7.27443111827597e-05,0.01922229093839391,0.00036949646892026067,0.0006158275209600106,0.3250310804901302,0.1056452032845815,fc,32,0.75,,4,3,2,5,160,projection
20260823-161257,full_s42_fixed_epochs5_pat2_dirichlet_a01_lambda075_energycal,0.09258206858062216,0.008571439422667027,0.08882536270691342,0.007889945060014725,0.020221206825725223,0.0004088972054887563,0.0006814943626523018,0.9594229646053184,0.9204924250120579,layer4_1_conv2,32,0.75,,4,3,3,1,161,projection
20260823-161257,full_s42_fixed_epochs5_pat2_dirichlet_a01_lambda075_energycal,0.025812194642083276,0.0006662693922407925,0.008391862769336076,7.042336073936895e-05,0.01890787168416627,0.0003575076116248965,0.0005958460315014236,0.3251123310396197,0.10569802779401527,fc,32,0.75,,4,3,3,1,161,projection
20260823-161257,full_s42_fixed_epochs5_pat2_dirichlet_a01_lambda075_energycal,0.08857226953180712,0.007845046930015087,0.08502889798036738,0.007229913491755724,0.019211453979399745,0.00036907996400259435,0.0006151334382593632,0.9599945720012595,0.9215895782718816,layer4_1_conv2,32,0.75,,4,3,3,2,162,projection
20260823-161257,full_s42_fixed_epochs5_pat2_dirichlet_a01_lambda075_energycal,0.025259467808445468,0.0006380407139658928,0.008259711977206478,6.822284194640815e-05,0.018490286637275973,0.0003418906999286264,0.0005698178720194846,0.3269946952106748,0.10692553069592214,fc,32,0.75,,4,3,3,2,162,projection
20260823-161257,full_s42_fixed_epochs5_pat2_dirichlet_a01_lambda075_energycal,0.08512545420316132,0.007246342953294516,0.08176942605682606,0.0066862390376627445,0.018332001514561075,0.00033606227952986956,0.0005601039156317711,0.960575503793193,0.9227052984875465,layer4_1_conv2,32,0.75,,4,3,3,3,163,projection
20260823-161257,full_s42_fixed_epochs5_pat2_dirichlet_a01_lambda075_energycal,0.024742558158239756,0.0006121941842138767,0.008109385606145767,6.576213490916416e-05,0.01810688240124888,0.0003278591902926564,0.0005464320493047126,0.32775049185628297,0.10742038491203543,fc,32,0.75,,4,3,3,3,163,projection
20260823-161257,full_s42_fixed_epochs5_pat2_dirichlet_a01_lambda075_energycal,0.08128076644828423,0.006606562994420528,0.07814495606653765,0.0061066341586411,0.017319277615928913,0.0002999573771376163,0.0004999288357794285,0.961420019535104,0.9243284539628797,layer4_1_conv2,32,0.75,,4,3,3,4,164,projection
20260823-161257,full_s42_fixed_epochs5_pat2_dirichlet_a01_lambda075_energycal,0.024194535091977793,0.0005853755283169448,0.00800257571899822,6.404121813829988e-05,0.017686168275582118,0.0003128005482722074,0.000521334310178645,0.33075964008300546,0.10940193950783932,fc,32,0.75,,4,3,3,4,164,projection
20260823-161257,full_s42_fixed_epochs5_pat2_dirichlet_a01_lambda075_energycal,0.08660606664645892,0.007500610779970884,0.08317098567683548,0.006917412858456373,0.018706117877340667,0.0003499188460409641,0.0005831979215145111,0.9603367165530557,0.9222466091599043,layer4_1_conv2,32,0.75,,4,3,3,5,165,projection
20260823-161257,full_s42_fixed_epochs5_pat2_dirichlet_a01_lambda075_energycal,0.024323127193104813,0.0005916145164519548,0.008093761051821252,6.550896796397865e-05,0.017766916374296737,0.00031566331745125353,0.0005261055484879762,0.3327598868173371,0.11072914227468698,fc,32,0.75,,4,3,3,5,165,projection
20260823-161257,full_s42_fixed_epochs5_pat2_dirichlet_a01_lambda075_energycal,0.0865423849125313,0.007489584386348724,0.08309975749023746,0.0069055696949362755,0.01871920884874339,0.0003504087799228728,0.0005840146914124489,0.9602203310461883,0.9220230841544514,layer4_1_conv2,32,0.75,,5,3,1,1,166,projection
20260823-161257,full_s42_fixed_epochs5_pat2_dirichlet_a01_lambda075_energycal,0.024705012666846413,0.0006103376508690417,0.008135905984423174,6.61929661873728e-05,0.018068944907316496,0.0003264867700636387,0.0005441446846816689,0.3293220729791967,0.10845302775131536,fc,32,0.75,,5,3,1,1,166,projection
20260823-161257,full_s42_fixed_epochs5_pat2_dirichlet_a01_lambda075_energycal,0.08629666937735016,0.007447115145623684,0.08287741011032236,0.0068686651065945625,0.01862981138062204,0.00034706987207755446,0.0005784500390291214,0.9603778536101275,0.9223256217047955,layer4_1_conv2,32,0.75,,5,3,1,2,167,projection
20260823-161257,full_s42_fixed_epochs5_pat2_dirichlet_a01_lambda075_energycal,0.024943881593479333,0.000622197228949517,0.008166954145008794,6.669914000667632e-05,0.01825647317036732,0.0003332988126203418,0.0005554980889428407,0.3274131219073677,0.10719935239712883,fc,32,0.75,,5,3,1,2,167,projection
20260823-161257,full_s42_fixed_epochs5_pat2_dirichlet_a01_lambda075_energycal,0.08641868228097901,0.007468188647180796,0.08298901176714674,0.00688717607408762,0.018671036448562956,0.00034860760206356645,0.0005810125730931759,0.9603133208779885,0.9222016742557105,layer4_1_conv2,32,0.75,,5,3,1,3,168,projection
20260823-161257,full_s42_fixed_epochs5_pat2_dirichlet_a01_lambda075_energycal,0.025131982955220965,0.000631616567261517,0.008194522466077714,6.715019844705239e-05,0.018403255685706464,0.00033867981983348727,0.0005644663688144647,0.3260595266469162,0.10631481491721108,fc,32,0.75,,5,3,1,3,168,projection
20260823-161257,full_s42_fixed_epochs5_pat2_dirichlet_a01_lambda075_energycal,0.08632155777475511,0.007451411336660385,0.08293278051853273,0.006877846084535122,0.018550992428368208,0.0003441393200773746,0.0005735652521252632,0.9607423991922741,0.9230259576057269,layer4_1_conv2,32,0.75,,5,3,1,4,169,projection
20260823-161257,full_s42_fixed_epochs5_pat2_dirichlet_a01_lambda075_energycal,0.02510659053246652,0.0006303408881649375,0.008188722837938086,6.705518171656877e-05,0.018383999363581646,0.0003379714326001704,0.0005632857064483687,0.3261582980512173,0.10637923538766669,fc,32,0.75,,5,3,1,4,169,projection
20260823-161257,full_s42_fixed_epochs5_pat2_dirichlet_a01_lambda075_energycal,0.0941749320299082,0.00886891782283783,0.0904506677549801,0.008181323297321796,0.02031150022210376,0.000412557041272521,0.0006875945255160332,0.9604537620080751,0.9224714289554641,layer4_1_conv2,32,0.75,,5,3,1,5,170,projection
20260823-161257,full_s42_fixed_epochs5_pat2_dirichlet_a01_lambda075_energycal,0.02566646477953834,0.0006587674142792821,0.00825608452666353,6.816293171141297e-05,0.018824523388643134,0.00035436268080957234,0.0005906044825678691,0.3216681610646042,0.10347040584268416,fc,32,0.75,,5,3,1,5,170,projection
20260823-161257,full_s42_fixed_epochs5_pat2_dirichlet_a01_lambda075_energycal,0.09222286887489545,0.008505057543516159,0.088615989929531,0.007852793671190739,0.0197827758067836,0.0003913582186214626,0.0006522638723254204,0.9608895386863605,0.9233087055568866,layer4_1_conv2,32,0.75,,5,3,2,1,171,projection
20260823-161257,full_s42_fixed_epochs5_pat2_dirichlet_a01_lambda075_energycal,0.025444026186369293,0.0006473984685726464,0.008198602705668788,6.721708632539958e-05,0.018657674576891915,0.00034810882061719894,0.0005801813822472468,0.3222211235602678,0.10382645246844133,fc,32,0.75,,5,3,2,1,171,projection
20260823-161257,full_s42_fixed_epochs5_pat2_dirichlet_a01_lambda075_energycal,0.09042691582866849,0.008177027106285095,0.08693267055150689,0.007557289209216833,0.019283234683885833,0.00037184313987381756,0.0006197378970682621,0.9613583495009148,0.9242098761551232,layer4_1_conv2,32,0.75,,5,3,2,2,172,projection
20260823-161257,full_s42_fixed_epochs5_pat2_dirichlet_a01_lambda075_energycal,0.02527120940227404,0.0006386340246535838,0.008126811214799547,6.604506052099168e-05,0.0185351928141789,0.00034355337265878916,0.0005725889641325921,0.3215837867287924,0.10341613188682941,fc,32,0.75,,5,3,2,2,172,projection
20260823-161257,full_s42_fixed_epochs5_pat2_dirichlet_a01_lambda075_energycal,0.08797381490656898,0.0077393921092152596,0.08461768594273984,0.0071601527743041515,0.018642522719137546,0.00034754365333355963,0.000579239334911108,0.9618508192762419,0.9251569985423778,layer4_1_conv2,32,0.75,,5,3,2,3,173,projection
20260823-161257,full_s42_fixed_epochs5_pat2_dirichlet_a01_lambda075_energycal,0.024903535814363706,0.0006201860960572958,0.008032014265704317,6.451325316447765e-05,0.018259344832755566,0.0003334036737214774,0.0005556728428928182,0.322525055300447,0.10402241129655639,fc,32,0.75,,5,3,2,3,173,projection
20260823-161257,full_s42_fixed_epochs5_pat2_dirichlet_a01_lambda075_energycal,0.08520689527874732,0.007260215003043413,0.08199680831486603,0.0067234765738248825,0.017945553939380084,0.0003220429061912,0.0005367384292185307,0.962325971937133,0.9260712762647477,layer4_1_conv2,32,0.75,,5,3,2,4,174,projection
20260823-161257,full_s42_fixed_epochs5_pat2_dirichlet_a01_lambda075_energycal,0.02446033979391989,0.0005983082228340209,0.007926190058931873,6.282448885031044e-05,0.017924570369409917,0.00032129022292792797,0.0005354837339837104,0.32404251640453857,0.10500355243778564,fc,32,0.75,,5,3,2,4,174,projection
20260823-161257,full_s42_fixed_epochs5_pat2_dirichlet_a01_lambda075_energycal,0.09109660647152054,0.008298591710627079,0.08741888497108245,0.007642061449587345,0.019847382673845518,0.0003939185990020633,0.0006565302610397339,0.9596283369612911,0.9208865450990933,layer4_1_conv2,32,0.75,,5,3,2,5,175,projection
20260823-161257,full_s42_fixed_epochs5_pat2_dirichlet_a01_lambda075_energycal,0.0246853902807882,0.0006093684933148324,0.008180431284671597,6.691945600323379e-05,0.018040770952655907,0.0003254694165661931,0.0005424490373115987,0.33138756129118807,0.10981771577852091,fc,32,0.75,,5,3,2,5,175,projection
20260823-161257,full_s42_fixed_epochs5_pat2_dirichlet_a01_lambda075_energycal,0.08703736870143694,0.007575503550469875,0.08359015615260396,0.006987314205616713,0.01878600643161256,0.0003529140376485884,0.0005881893448531628,0.9603938790859141,0.9223564029856893,layer4_1_conv2,32,0.75,,5,3,3,1,176,projection
20260823-161257,full_s42_fixed_epochs5_pat2_dirichlet_a01_lambda075_energycal,0.024132374295639906,0.0005823714891448617,0.008024167867036934,6.438726995838806e-05,0.017629251039726932,0.00031079049222171307,0.0005179842191864736,0.3325063571754186,0.11056047756206705,fc,32,0.75,,5,3,3,1,176,projection
20260823-161257,full_s42_fixed_epochs5_pat2_dirichlet_a01_lambda075_energycal,0.08307624688643417,0.0069016627967357635,0.07985784891394879,0.006377276033163071,0.017737879593259863,0.00031463237246498466,0.0005243867635726929,0.961259709085258,0.9240202283106748,layer4_1_conv2,32,0.75,,5,3,3,2,177,projection
20260823-161257,full_s42_fixed_epochs5_pat2_dirichlet_a01_lambda075_energycal,0.02355956537118178,0.0005550531204789877,0.0078715730410557,6.196166214067489e-05,0.017200432322840162,0.00029585487209260464,0.0004930914583383128,0.3341136781192178,0.1116319499063523,fc,32,0.75,,5,3,3,2,177,projection
20260823-161257,full_s42_fixed_epochs5_pat2_dirichlet_a01_lambda075_energycal,0.0795365781348295,0.006326067261397839,0.07652420696866735,0.005855954252183437,0.016794881314236322,0.0002820680383592844,0.00047011300921440125,0.9621259647220979,0.9256863719924276,layer4_1_conv2,32,0.75,,5,3,3,3,178,projection
20260823-161257,full_s42_fixed_epochs5_pat2_dirichlet_a01_lambda075_energycal,0.023047323747888978,0.0005311791319400072,0.007721177199486998,5.9616577345877886e-05,0.01682074743874391,0.0002829375443980098,0.0004715625545941293,0.3350140469213576,0.11223441163462562,fc,32,0.75,,5,3,3,3,178,projection
20260823-161257,full_s42_fixed_epochs5_pat2_dirichlet_a01_lambda075_energycal,0.07616264947630519,0.00580074917525053,0.07334090256212393,0.005378887988626957,0.015909632960437504,0.0002531164209358394,0.0004218611866235733,0.9629510405220458,0.927274706442491,layer4_1_conv2,32,0.75,,5,3,3,4,179,projection
20260823-161257,full_s42_fixed_epochs5_pat2_dirichlet_a01_lambda075_energycal,0.022552632188156667,0.0005086212186142802,0.007585343264471167,5.7537432439858094e-05,0.016451452383573092,0.00027065028552897274,0.00045108378617442213,0.33633959890741927,0.11312432579320365,fc,32,0.75,,5,3,3,4,179,projection
20260823-161257,full_s42_fixed_epochs5_pat2_dirichlet_a01_lambda075_energycal,0.07952035901494757,0.006323487497866154,0.07659062190226466,0.005866123363375664,0.016565592450115504,0.0002744188532233238,0.00045736413449048996,0.96315739580436,0.9276721690926365,layer4_1_conv2,32,0.75,,5,3,3,5,180,projection
20260823-161257,full_s42_fixed_epochs5_pat2_dirichlet_a01_lambda075_energycal,0.022705228097481874,0.0005155273829586804,0.007608588937006953,5.789062561234459e-05,0.016570518021610706,0.0002745820675045252,0.0004576367573463358,0.3351029509300893,0.11229398772205382,fc,32,0.75,,5,3,3,5,180,projection
20260823-161257,full_s42_fixed_epochs5_pat2_dirichlet_a01_lambda075_energycal,0.07929930283912258,0.006288379430770874,0.07640923905717993,0.005838371813297272,0.016431822530482518,0.00027000479167327285,0.0004500076174736023,0.9635549912991564,0.9284382212575176,layer4_1_conv2,32,0.75,,6,3,1,1,181,projection
20260823-161257,full_s42_fixed_epochs5_pat2_dirichlet_a01_lambda075_energycal,0.023048229147439554,0.0005312208668328822,0.007681049480789788,5.8998521126341075e-05,0.016832510647549946,0.00028333341469988227,0.0004722223457065411,0.33325985400674835,0.11106213029259925,fc,32,0.75,,6,3,1,1,181,projection
20260823-161257,full_s42_fixed_epochs5_pat2_dirichlet_a01_lambda075_energycal,0.07957673696239546,0.006332457065582275,0.07666781259681091,0.005877953488379717,0.016513696248382233,0.0002727021637838334,0.0004545035772025585,0.9634450408923001,0.928226346819966,layer4_1_conv2,32,0.75,,6,3,1,2,182,projection
20260823-161257,full_s42_fixed_epochs5_pat2_dirichlet_a01_lambda075_energycal,0.023356812884406705,0.000545540708117187,0.007742145898973769,5.9940823120996356e-05,0.01706926946595972,0.00029135996010154486,0.00048559988499619067,0.3314727029449519,0.10987415279763235,fc,32,0.75,,6,3,1,2,182,projection
20260823-161257,full_s42_fixed_epochs5_pat2_dirichlet_a01_lambda075_energycal,0.08002250763616275,0.006403601728379726,0.07708941990861726,0.0059427786618471146,0.0166281109194704,0.00027649407275021076,0.00046082306653261185,0.963346715640538,0.9280368945354114,layer4_1_conv2,32,0.75,,6,3,1,3,183,projection
20260823-161257,full_s42_fixed_epochs5_pat2_dirichlet_a01_lambda075_energycal,0.023595419474929456,0.0005567438201978803,0.007775678137997502,6.04611705057323e-05,0.0172560022339577,0.00029776961309835315,0.000496282649692148,0.3295418479955101,0.10859782958029589,fc,32,0.75,,6,3,1,3,183,projection
20260823-161257,full_s42_fixed_epochs5_pat2_dirichlet_a01_lambda075_energycal,0.08018800128919822,0.0064301155507564545,0.07727725103523428,0.005971773527562618,0.016583279226011806,0.0002750051498878747,0.0004583420231938362,0.9637009252361047,0.9287194733009244,layer4_1_conv2,32,0.75,,6,3,1,4,184,projection
20260823-161257,full_s42_fixed_epochs5_pat2_dirichlet_a01_lambda075_energycal,0.023734234630764187,0.0005633138935081661,0.007824409523097256,6.122138438513502e-05,0.017356713262812115,0.00030125549528747797,0.000502092509123031,0.32966765707099305,0.10868076411867787,fc,32,0.75,,6,3,1,4,184,projection
20260823-161257,full_s42_fixed_epochs5_pat2_dirichlet_a01_lambda075_energycal,0.08796411726527223,0.007737685926258564,0.08473189766276785,0.007179494481533766,0.018300672888816663,0.0003349146281834692,0.0005581914447247982,0.9632552488106371,0.9278606743612424,layer4_1_conv2,32,0.75,,6,3,1,5,185,projection
20260823-161257,full_s42_fixed_epochs5_pat2_dirichlet_a01_lambda075_energycal,0.024337256734124017,0.0005923020653426647,0.007967258026194683,6.347720045596361e-05,0.017812774528251318,0.00031729493639431894,0.0005288248648867011,0.3273687792027746,0.10717031759671498,fc,32,0.75,,6,3,1,5,185,projection
20260823-161257,full_s42_fixed_epochs5_pat2_dirichlet_a01_lambda075_energycal,0.08594381786011139,0.007386339828372002,0.08280765298837774,0.0068571073934435844,0.01781962976167974,0.0003175392048433423,0.0005292324349284172,0.9635091278253625,0.9283498394027907,layer4_1_conv2,32,0.75,,6,3,2,1,186,projection
20260823-161257,full_s42_fixed_epochs5_pat2_dirichlet_a01_lambda075_energycal,0.024124560512421036,0.0005819944199174643,0.00791551796783933,6.265542469918728e-05,0.01765229221415821,0.00031160342041403055,0.000519338995218277,0.3281103489435117,0.10765640108383304,fc,32,0.75,,6,3,2,1,186,projection
20260823-161257,full_s42_fixed_epochs5_pat2_dirichlet_a01_lambda075_energycal,0.08389828394612829,0.007038922049105167,0.08087110987111577,0.006540136411786079,0.01729946157398896,0.0002992713707499206,0.000498785637319088,0.9639185221362062,0.929138917317248,layer4_1_conv2,32,0.75,,6,3,2,2,187,projection
20260823-161257,full_s42_fixed_epochs5_pat2_dirichlet_a01_lambda075_energycal,0.023909344184632763,0.0005716567393392324,0.007861493202217766,6.180307536851615e-05,0.01749034577908758,0.00030591219547204673,0.0005098536639707163,0.3288042173599466,0.10811221335368702,fc,32,0.75,,6,3,2,2,187,projection
20260823-161257,full_s42_fixed_epochs5_pat2_dirichlet_a01_lambda075_energycal,0.08201078318538978,0.006725768558681011,0.0790566799788461,0.006249958649277687,0.016896332454582684,0.0002854860504157841,0.00047580990940332413,0.963979087971081,0.9292556820455572,layer4_1_conv2,32,0.75,,6,3,2,3,188,projection
20260823-161257,full_s42_fixed_epochs5_pat2_dirichlet_a01_lambda075_energycal,0.023722186232618046,0.0005627421196550131,0.007800913205508759,6.085424683988094e-05,0.017353176519894317,0.00030113273533061147,0.0005018878728151321,0.3288446152902421,0.10813878100538735,fc,32,0.75,,6,3,2,3,188,projection
20260823-161257,full_s42_fixed_epochs5_pat2_dirichlet_a01_lambda075_energycal,0.07931841160846553,0.00629141042008996,0.07647477654244092,0.005848391447216272,0.01630372692917379,0.00026581151178106666,0.00044301897287368774,0.9641491173567435,0.9295835204997875,layer4_1_conv2,32,0.75,,6,3,2,4,189,projection
20260823-161257,full_s42_fixed_epochs5_pat2_dirichlet_a01_lambda075_energycal,0.02338974154859441,0.0005470800097100437,0.007700623603994341,5.929960389039479e-05,0.017107549078936933,0.00029266823548823595,0.0004877804058196489,0.3292308120632955,0.10839292761185701,fc,32,0.75,,6,3,2,4,189,projection
20260823-161257,full_s42_fixed_epochs5_pat2_dirichlet_a01_lambda075_energycal,0.08407563418910019,0.007068712264299393,0.0810020632138892,0.006561334244906902,0.01744782814168298,0.0003044267068617046,0.0005073780193924904,0.963442785714848,0.9282220013459865,layer4_1_conv2,32,0.75,,6,3,2,5,190,projection
20260823-161257,full_s42_fixed_epochs5_pat2_dirichlet_a01_lambda075_energycal,0.023822894069397926,0.0005675302818417549,0.007725308010440455,5.968038385617547e-05,0.017455942980535585,0.0003047099453397095,0.0005078498979855794,0.32428083623828563,0.10515806075140183,fc,32,0.75,,6,3,2,5,190,projection
20260823-161257,full_s42_fixed_epochs5_pat2_dirichlet_a01_lambda075_energycal,0.08028500861051927,0.006445682607591152,0.07737554850175905,0.005986975505948067,0.01658988552495809,0.00027522430173121393,0.0004587071016430855,0.9637608544968257,0.9288349846604514,layer4_1_conv2,32,0.75,,6,3,3,1,191,projection
20260823-161257,full_s42_fixed_epochs5_pat2_dirichlet_a01_lambda075_energycal,0.023339376584569037,0.0005447264993563294,0.007582366483155722,5.749228148488328e-05,0.017097968486264475,0.00029234052635729313,0.00048723421787144616,0.3248744222315196,0.10554339022026366,fc,32,0.75,,6,3,3,1,191,projection
20260823-161257,full_s42_fixed_epochs5_pat2_dirichlet_a01_lambda075_energycal,0.07666453573752803,0.005877451039850712,0.07390357846901621,0.005461738910526037,0.01579326315805201,0.00024942716117948294,0.0004157121293246746,0.9639865129039019,0.9292699970606249,layer4_1_conv2,32,0.75,,6,3,3,2,192,projection
20260823-161257,full_s42_fixed_epochs5_pat2_dirichlet_a01_lambda075_energycal,0.022821833761925692,0.0005208360962569714,0.007460362246581467,5.565700485021807e-05,0.01670650837554762,0.0002791074221022427,0.0004651790914067533,0.32689582810947465,0.10686088243537922,fc,32,0.75,,6,3,3,2,192,projection
20260823-161257,full_s42_fixed_epochs5_pat2_dirichlet_a01_lambda075_energycal,0.07347900569591424,0.005399164278060198,0.07084730527090166,0.005019340664148331,0.015096165955459723,0.0002278942265547812,0.00037982361391186714,0.9641843217652724,0.9296514063379584,layer4_1_conv2,32,0.75,,6,3,3,3,193,projection
20260823-161257,full_s42_fixed_epochs5_pat2_dirichlet_a01_lambda075_energycal,0.022369328820131294,0.0005003868718631566,0.007338276425776271,5.3850300901103765e-05,0.016368321445487506,0.00026792194694280624,0.0004465365709620528,0.3280508094267086,0.10761733356551867,fc,32,0.75,,6,3,3,3,193,projection
20260823-161257,full_s42_fixed_epochs5_pat2_dirichlet_a01_lambda075_energycal,0.07054257500175971,0.004976254887878895,0.06804029382530395,0.0046294815838336945,0.014424421105176433,0.0002080639242194593,0.00034677330404520035,0.964528071503013,0.9303144007173212,layer4_1_conv2,32,0.75,,6,3,3,4,194,projection
20260823-161257,full_s42_fixed_epochs5_pat2_dirichlet_a01_lambda075_energycal,0.02187427310395791,0.00047848382382653654,0.007215813224859728,5.206796049606055e-05,0.01599529629129671,0.00025584950344637036,0.000426415863330476,0.3298767090712653,0.10881864318768822,fc,32,0.75,,6,3,3,4,194,projection
20260823-161257,full_s42_fixed_epochs5_pat2_dirichlet_a01_lambda075_energycal,0.07558377975025708,0.005712907761335373,0.07294116786463697,0.0053204139694571495,0.015345896993128372,0.00023549655452370644,0.0003924937918782234,0.965037314958953,0.9312970192631853,layer4_1_conv2,32,0.75,,6,3,3,5,195,projection
20260823-161257,full_s42_fixed_epochs5_pat2_dirichlet_a01_lambda075_energycal,0.022134334406855218,0.0004899287596344948,0.007274060309717798,5.291195338941179e-05,0.01619290147815388,0.00026221005828119814,0.000437016806245083,0.3286324393592315,0.10799928019919895,fc,32,0.75,,6,3,3,5,195,projection
