{
  "round_id": 3,
  "global": {
    "acc": 0.0191,
    "loss": 4.640379118347168,
    "ema_loss": 4.6889439114356986,
    "forget_mean": 0.003999999724328518,
    "forget_max": 0.12999999523162842,
    "divergence": 0.004833580302637058,
    "bytes_last_round": 179644992,
    "bytes_cum": 538934976
  },
  "clients": [
    {
      "id": 0,
      "vloss": 4.691083693504334,
      "vacc": 1.72,
      "new_batch_size": 22,
      "replay_capacity": 2000,
      "last_lr": 0.00010800000000000002,
      "last_replay_ratio": 0.45,
      "last_ewc_lambda": 0.0
    },
    {
      "id": 1,
      "vloss": 4.648557543754578,
      "vacc": 3.1,
      "new_batch_size": 22,
      "replay_capacity": 2000,
      "last_lr": 0.00016200000000000003,
      "last_replay_ratio": 0.45,
      "last_ewc_lambda": 0.0
    }
  ]
}