{
  "round_id": 1,
  "global": {
    "acc": 0.0113,
    "loss": 4.6669703125,
    "ema_loss": 4.70196242980957,
    "forget_mean": 0.0007999999797903001,
    "forget_max": 0.030000001192092896,
    "divergence": 0.00034839878240676284,
    "bytes_last_round": 179644992,
    "bytes_cum": 179644992
  },
  "clients": [
    {
      "id": 0,
      "vloss": 4.727040100097656,
      "vacc": 1.44,
      "new_batch_size": 22,
      "replay_capacity": 2000,
      "last_lr": 0.00012,
      "last_replay_ratio": 0.5,
      "last_ewc_lambda": 0.0
    },
    {
      "id": 1,
      "vloss": 4.754493618011475,
      "vacc": 1.92,
      "new_batch_size": 22,
      "replay_capacity": 2000,
      "last_lr": 0.00012,
      "last_replay_ratio": 0.5,
      "last_ewc_lambda": 0.0
    }
  ]
}