{
  "round_id": 1,
  "global": {
    "acc": 0.0087,
    "loss": 4.7173584342956545,
    "ema_loss": 4.737909603729248,
    "forget_mean": 0.0010999999940395355,
    "forget_max": 0.03999999910593033,
    "divergence": 1.603208264727107e-05,
    "bytes_last_round": 179644992,
    "bytes_cum": 179644992
  },
  "clients": [
    {
      "id": 0,
      "vloss": 4.818755364418029,
      "vacc": 0.76,
      "new_batch_size": 22,
      "replay_capacity": 2000,
      "last_lr": 0.00012,
      "last_replay_ratio": 0.5,
      "last_ewc_lambda": 0.0
    },
    {
      "id": 1,
      "vloss": 4.781415057182312,
      "vacc": 1.14,
      "new_batch_size": 22,
      "replay_capacity": 2000,
      "last_lr": 0.00012,
      "last_replay_ratio": 0.5,
      "last_ewc_lambda": 0.0
    }
  ]
}