{
  "round_id": 2,
  "global": {
    "acc": 0.0099,
    "loss": 4.705351070404053,
    "ema_loss": 4.7281420437316894,
    "forget_mean": 0.0017000000225380063,
    "forget_max": 0.07999999821186066,
    "divergence": 0.001084118548075163,
    "bytes_last_round": 179644992,
    "bytes_cum": 359289984
  },
  "clients": [
    {
      "id": 0,
      "vloss": 4.800325918197632,
      "vacc": 0.88,
      "new_batch_size": 22,
      "replay_capacity": 2000,
      "last_lr": 8e-05,
      "last_replay_ratio": 0.5,
      "last_ewc_lambda": 0.0
    },
    {
      "id": 1,
      "vloss": 4.759434819221497,
      "vacc": 1.38,
      "new_batch_size": 22,
      "replay_capacity": 2000,
      "last_lr": 0.00012,
      "last_replay_ratio": 0.5,
      "last_ewc_lambda": 0.0
    }
  ]
}