{
  "round_id": 3,
  "global": {
    "acc": 0.0112,
    "loss": 4.618003539276123,
    "ema_loss": 4.633102943787383,
    "forget_mean": 0.0014999996637925506,
    "forget_max": 0.09999996423721313,
    "divergence": 0.0038209807238139674,
    "bytes_last_round": 359289984,
    "bytes_cum": 1077869952
  },
  "clients": [
    {
      "id": 0,
      "vloss": 4.712617349624634,
      "vacc": 1.22,
      "new_batch_size": 22,
      "replay_capacity": 2000,
      "last_lr": 9.559463927337865e-05,
      "last_replay_ratio": 0.5,
      "last_ewc_lambda": 0.0
    },
    {
      "id": 1,
      "vloss": 4.714185047149658,
      "vacc": 1.82,
      "new_batch_size": 22,
      "replay_capacity": 2000,
      "last_lr": 9.441460790373516e-05,
      "last_replay_ratio": 0.5,
      "last_ewc_lambda": 0.0
    },
    {
      "id": 2,
      "vloss": 4.74803512096405,
      "vacc": 1.26,
      "new_batch_size": 22,
      "replay_capacity": 2000,
      "last_lr": 8e-05,
      "last_replay_ratio": 0.5,
      "last_ewc_lambda": 0.0
    },
    {
      "id": 3,
      "vloss": 4.66807792186737,
      "vacc": 1.8,
      "new_batch_size": 22,
      "replay_capacity": 2000,
      "last_lr": 0.00012,
      "last_replay_ratio": 0.5,
      "last_ewc_lambda": 0.0
    }
  ]
}