{
  "round_id": 2,
  "global": {
    "acc": 0.0112,
    "loss": 4.625501321411133,
    "ema_loss": 4.639574117149353,
    "forget_mean": 0.0007999996305443347,
    "forget_max": 0.03999999910593033,
    "divergence": 0.003639780830243387,
    "bytes_last_round": 359289984,
    "bytes_cum": 718579968
  },
  "clients": [
    {
      "id": 0,
      "vloss": 4.736214327812195,
      "vacc": 1.16,
      "new_batch_size": 22,
      "replay_capacity": 2000,
      "last_lr": 9.470195562605238e-05,
      "last_replay_ratio": 0.5,
      "last_ewc_lambda": 0.0
    },
    {
      "id": 1,
      "vloss": 4.738242125511169,
      "vacc": 1.42,
      "new_batch_size": 22,
      "replay_capacity": 2000,
      "last_lr": 8.953515677892378e-05,
      "last_replay_ratio": 0.5,
      "last_ewc_lambda": 0.0
    },
    {
      "id": 2,
      "vloss": 4.76301257610321,
      "vacc": 1.14,
      "new_batch_size": 22,
      "replay_capacity": 2000,
      "last_lr": 8e-05,
      "last_replay_ratio": 0.5,
      "last_ewc_lambda": 0.0
    },
    {
      "id": 3,
      "vloss": 4.694275498390198,
      "vacc": 1.64,
      "new_batch_size": 22,
      "replay_capacity": 2000,
      "last_lr": 0.00012,
      "last_replay_ratio": 0.5,
      "last_ewc_lambda": 0.0
    }
  ]
}