{
  "round_id": 3,
  "global": {
    "acc": 0.0268,
    "loss": 4.611650846099853,
    "ema_loss": 4.668354314456939,
    "forget_mean": 0.005399999674409628,
    "forget_max": 0.12999999523162842,
    "divergence": 0.003760855604790959,
    "bytes_last_round": 179644992,
    "bytes_cum": 538934976
  },
  "clients": [
    {
      "id": 0,
      "vloss": 4.629783773422242,
      "vacc": 3.58,
      "new_batch_size": 22,
      "replay_capacity": 2000,
      "last_lr": 0.00010800000000000002,
      "last_replay_ratio": 0.45,
      "last_ewc_lambda": 0.0
    },
    {
      "id": 1,
      "vloss": 4.607135367393494,
      "vacc": 4.7,
      "new_batch_size": 22,
      "replay_capacity": 2000,
      "last_lr": 0.00016200000000000003,
      "last_replay_ratio": 0.45,
      "last_ewc_lambda": 0.0
    }
  ]
}