{
  "round_id": 1,
  "global": {
    "acc": 0.0189,
    "loss": 4.65096690826416,
    "ema_loss": 4.7179921459197995,
    "forget_mean": 0.003499999875202775,
    "forget_max": 0.12999999523162842,
    "divergence": 0.00013234382842390306,
    "bytes_last_round": 179644992,
    "bytes_cum": 179644992
  },
  "clients": [
    {
      "id": 0,
      "vloss": 4.7021061182022095,
      "vacc": 2.4,
      "new_batch_size": 22,
      "replay_capacity": 2000,
      "last_lr": 0.00012,
      "last_replay_ratio": 0.5,
      "last_ewc_lambda": 0.0
    },
    {
      "id": 1,
      "vloss": 4.671803998947143,
      "vacc": 3.02,
      "new_batch_size": 22,
      "replay_capacity": 2000,
      "last_lr": 0.00012,
      "last_replay_ratio": 0.5,
      "last_ewc_lambda": 0.0
    }
  ]
}