{
  "round_id": 1,
  "global": {
    "acc": 0.0142,
    "loss": 4.637360929107666,
    "ema_loss": 4.677624827423095,
    "forget_mean": 0.0022000002209097147,
    "forget_max": 0.09000000357627869,
    "divergence": 0.0012020678481508757,
    "bytes_last_round": 269467488,
    "bytes_cum": 269467488
  },
  "clients": [
    {
      "id": 0,
      "vloss": 4.708644866943359,
      "vacc": 2.62,
      "new_batch_size": 22,
      "replay_capacity": 2000,
      "last_lr": 0.00012,
      "last_replay_ratio": 0.5,
      "last_ewc_lambda": 0.0
    },
    {
      "id": 1,
      "vloss": 4.667981338500977,
      "vacc": 3.4,
      "new_batch_size": 22,
      "replay_capacity": 2000,
      "last_lr": 0.00012,
      "last_replay_ratio": 0.5,
      "last_ewc_lambda": 0.0
    },
    {
      "id": 2,
      "vloss": 4.677382254600525,
      "vacc": 2.66,
      "new_batch_size": 22,
      "replay_capacity": 2000,
      "last_lr": 0.00012,
      "last_replay_ratio": 0.5,
      "last_ewc_lambda": 0.0
    }
  ]
}