{
  "round_id": 3,
  "global": {
    "acc": 0.0172,
    "loss": 4.604985474395752,
    "ema_loss": 4.644136487779235,
    "forget_mean": 0.004700000397861004,
    "forget_max": 0.20000001788139343,
    "divergence": 0.003901269668701005,
    "bytes_last_round": 269467488,
    "bytes_cum": 808402464
  },
  "clients": [
    {
      "id": 0,
      "vloss": 4.638078379631042,
      "vacc": 3.6,
      "new_batch_size": 22,
      "replay_capacity": 2000,
      "last_lr": 8e-05,
      "last_replay_ratio": 0.5,
      "last_ewc_lambda": 0.0
    },
    {
      "id": 1,
      "vloss": 4.57101092338562,
      "vacc": 5.0,
      "new_batch_size": 22,
      "replay_capacity": 2000,
      "last_lr": 0.00012,
      "last_replay_ratio": 0.5,
      "last_ewc_lambda": 0.0
    },
    {
      "id": 2,
      "vloss": 4.605349183082581,
      "vacc": 4.32,
      "new_batch_size": 22,
      "replay_capacity": 2000,
      "last_lr": 9.576460689143458e-05,
      "last_replay_ratio": 0.5,
      "last_ewc_lambda": 0.0
    }
  ]
}