{
  "round_id": 2,
  "global": {
    "acc": 0.0216,
    "loss": 4.590277423095703,
    "ema_loss": 4.6569121811599725,
    "forget_mean": 0.003299999749287963,
    "forget_max": 0.06000000238418579,
    "divergence": 0.0026910997315085406,
    "bytes_last_round": 179644992,
    "bytes_cum": 359289984
  },
  "clients": [
    {
      "id": 0,
      "vloss": 4.577027463912964,
      "vacc": 3.86,
      "new_batch_size": 22,
      "replay_capacity": 2000,
      "last_lr": 0.00012,
      "last_replay_ratio": 0.5,
      "last_ewc_lambda": 0.0
    },
    {
      "id": 1,
      "vloss": 4.662689065933227,
      "vacc": 2.9,
      "new_batch_size": 22,
      "replay_capacity": 2000,
      "last_lr": 8e-05,
      "last_replay_ratio": 0.5,
      "last_ewc_lambda": 0.0
    }
  ]
}