{
  "round_id": 2,
  "global": {
    "acc": 0.0169,
    "loss": 4.619933237457276,
    "ema_loss": 4.673117913688659,
    "forget_mean": 0.0024999999441206455,
    "forget_max": 0.07000000029802322,
    "divergence": 0.002800319024205253,
    "bytes_last_round": 179644992,
    "bytes_cum": 359289984
  },
  "clients": [
    {
      "id": 0,
      "vloss": 4.6287119626998905,
      "vacc": 2.06,
      "new_batch_size": 22,
      "replay_capacity": 2000,
      "last_lr": 0.00012,
      "last_replay_ratio": 0.5,
      "last_ewc_lambda": 0.0
    },
    {
      "id": 1,
      "vloss": 4.688787126541138,
      "vacc": 2.2,
      "new_batch_size": 22,
      "replay_capacity": 2000,
      "last_lr": 8e-05,
      "last_replay_ratio": 0.5,
      "last_ewc_lambda": 0.0
    }
  ]
}