{
  "client_selection_k": 4,
  "aggregation": {
    "method": "FedAvg"
  },
  "client_params": [
    {
      "id": 0,
      "replay_ratio": 0.30000000000000004,
      "lr_scale": 1.150639510247398,
      "ewc_lambda": 0.0
    },
    {
      "id": 1,
      "replay_ratio": 0.30000000000000004,
      "lr_scale": 1.2,
      "ewc_lambda": 0.0
    },
    {
      "id": 2,
      "replay_ratio": 0.30000000000000004,
      "lr_scale": 0.8564885710303477,
      "ewc_lambda": 0.0
    },
    {
      "id": 3,
      "replay_ratio": 0.30000000000000004,
      "lr_scale": 0.8,
      "ewc_lambda": 0.0
    }
  ],
  "policy_source": "ControllerV4"
}