{
  "round_id": 2,
  "global": {
    "acc": 0.012,
    "loss": 4.641961315155029,
    "ema_loss": 4.671019087776184,
    "forget_mean": 0.0012000000569969416,
    "forget_max": 0.06000000238418579,
    "divergence": 0.0036052400481378973,
    "bytes_last_round": 269467488,
    "bytes_cum": 538934976
  },
  "clients": [
    {
      "id": 0,
      "vloss": 4.724087500572205,
      "vacc": 1.52,
      "new_batch_size": 22,
      "replay_capacity": 2000,
      "last_lr": 8e-05,
      "last_replay_ratio": 0.5,
      "last_ewc_lambda": 0.0
    },
    {
      "id": 1,
      "vloss": 4.662052011489868,
      "vacc": 3.12,
      "new_batch_size": 22,
      "replay_capacity": 2000,
      "last_lr": 0.00012,
      "last_replay_ratio": 0.5,
      "last_ewc_lambda": 0.0
    },
    {
      "id": 2,
      "vloss": 4.699925494194031,
      "vacc": 1.56,
      "new_batch_size": 22,
      "replay_capacity": 2000,
      "last_lr": 0.0001053004171518208,
      "last_replay_ratio": 0.5,
      "last_ewc_lambda": 0.0
    }
  ]
}