{
  "round_id": 1,
  "global": {
    "acc": 0.0108,
    "loss": 4.6568529006958,
    "ema_loss": 4.683472418899536,
    "forget_mean": 0.0007999999797903001,
    "forget_max": 0.030000001192092896,
    "divergence": 0.001793803053982223,
    "bytes_last_round": 269467488,
    "bytes_cum": 269467488
  },
  "clients": [
    {
      "id": 0,
      "vloss": 4.763992500305176,
      "vacc": 0.9,
      "new_batch_size": 22,
      "replay_capacity": 2000,
      "last_lr": 0.00012,
      "last_replay_ratio": 0.5,
      "last_ewc_lambda": 0.0
    },
    {
      "id": 1,
      "vloss": 4.712331080436707,
      "vacc": 2.24,
      "new_batch_size": 22,
      "replay_capacity": 2000,
      "last_lr": 0.00012,
      "last_replay_ratio": 0.5,
      "last_ewc_lambda": 0.0
    },
    {
      "id": 2,
      "vloss": 4.731316113471985,
      "vacc": 1.12,
      "new_batch_size": 22,
      "replay_capacity": 2000,
      "last_lr": 0.00012,
      "last_replay_ratio": 0.5,
      "last_ewc_lambda": 0.0
    }
  ]
}