{
  "round_id": 3,
  "global": {
    "acc": 0.0128,
    "loss": 4.626248357391358,
    "ema_loss": 4.657587868660736,
    "forget_mean": 0.0021000001579523087,
    "forget_max": 0.09000000357627869,
    "divergence": 0.004406045669439684,
    "bytes_last_round": 269467488,
    "bytes_cum": 808402464
  },
  "clients": [
    {
      "id": 0,
      "vloss": 4.6903733015060425,
      "vacc": 1.82,
      "new_batch_size": 22,
      "replay_capacity": 2000,
      "last_lr": 8e-05,
      "last_replay_ratio": 0.5,
      "last_ewc_lambda": 0.0
    },
    {
      "id": 1,
      "vloss": 4.612508368492127,
      "vacc": 3.84,
      "new_batch_size": 22,
      "replay_capacity": 2000,
      "last_lr": 0.00012,
      "last_replay_ratio": 0.5,
      "last_ewc_lambda": 0.0
    },
    {
      "id": 2,
      "vloss": 4.651040816307068,
      "vacc": 1.88,
      "new_batch_size": 22,
      "replay_capacity": 2000,
      "last_lr": 9.557947345017609e-05,
      "last_replay_ratio": 0.5,
      "last_ewc_lambda": 0.0
    }
  ]
}