{
  "round_id": 3,
  "global": {
    "acc": 0.0089,
    "loss": 4.633649180603028,
    "ema_loss": 4.653988800815582,
    "forget_mean": 0.001899999682791531,
    "forget_max": 0.05000000447034836,
    "divergence": 0.00029425153549412423,
    "bytes_last_round": 269467488,
    "bytes_cum": 808402464
  },
  "clients": [
    {
      "id": 0,
      "vloss": 4.688162779808044,
      "vacc": 1.28,
      "new_batch_size": 22,
      "replay_capacity": 2000,
      "last_lr": 0.00012,
      "last_replay_ratio": 0.5,
      "last_ewc_lambda": 0.0
    },
    {
      "id": 1,
      "vloss": 4.722733521461487,
      "vacc": 1.66,
      "new_batch_size": 22,
      "replay_capacity": 2000,
      "last_lr": 8.503990953745875e-05,
      "last_replay_ratio": 0.5,
      "last_ewc_lambda": 0.0
    },
    {
      "id": 2,
      "vloss": 4.743350291252137,
      "vacc": 1.5,
      "new_batch_size": 22,
      "replay_capacity": 2000,
      "last_lr": 8e-05,
      "last_replay_ratio": 0.5,
      "last_ewc_lambda": 0.0
    }
  ]
}