{
  "round_id": 1,
  "global": {
    "acc": 0.0071,
    "loss": 4.654053329467773,
    "ema_loss": 4.670821737289428,
    "forget_mean": 0.0017999999690800905,
    "forget_max": 0.06999999284744263,
    "divergence": 0.0013563568613461667,
    "bytes_last_round": 269467488,
    "bytes_cum": 269467488
  },
  "clients": [
    {
      "id": 0,
      "vloss": 4.750588989257812,
      "vacc": 1.2,
      "new_batch_size": 22,
      "replay_capacity": 2000,
      "last_lr": 0.00012,
      "last_replay_ratio": 0.5,
      "last_ewc_lambda": 0.0
    },
    {
      "id": 1,
      "vloss": 4.771190595626831,
      "vacc": 1.3,
      "new_batch_size": 22,
      "replay_capacity": 2000,
      "last_lr": 0.00012,
      "last_replay_ratio": 0.5,
      "last_ewc_lambda": 0.0
    },
    {
      "id": 2,
      "vloss": 4.77574942111969,
      "vacc": 1.24,
      "new_batch_size": 22,
      "replay_capacity": 2000,
      "last_lr": 0.00012,
      "last_replay_ratio": 0.5,
      "last_ewc_lambda": 0.0
    }
  ]
}