{
  "round_id": 2,
  "global": {
    "acc": 0.0083,
    "loss": 4.643768549346924,
    "ema_loss": 4.662705780906677,
    "forget_mean": 0.0017999997362494469,
    "forget_max": 0.06000000238418579,
    "divergence": 0.0005889594680197034,
    "bytes_last_round": 269467488,
    "bytes_cum": 538934976
  },
  "clients": [
    {
      "id": 0,
      "vloss": 4.719477677345276,
      "vacc": 1.26,
      "new_batch_size": 22,
      "replay_capacity": 2000,
      "last_lr": 0.00012,
      "last_replay_ratio": 0.5,
      "last_ewc_lambda": 0.0
    },
    {
      "id": 1,
      "vloss": 4.74958872795105,
      "vacc": 1.46,
      "new_batch_size": 22,
      "replay_capacity": 2000,
      "last_lr": 8.724761088026601e-05,
      "last_replay_ratio": 0.5,
      "last_ewc_lambda": 0.0
    },
    {
      "id": 2,
      "vloss": 4.753929591178894,
      "vacc": 1.38,
      "new_batch_size": 22,
      "replay_capacity": 2000,
      "last_lr": 8e-05,
      "last_replay_ratio": 0.5,
      "last_ewc_lambda": 0.0
    }
  ]
}