{
  "round_id": 2,
  "global": {
    "acc": 0.0117,
    "loss": 4.691689353942871,
    "ema_loss": 4.720810098526001,
    "forget_mean": 0.002400000346824527,
    "forget_max": 0.10999999940395355,
    "divergence": 0.0010082960358609747,
    "bytes_last_round": 179644992,
    "bytes_cum": 359289984
  },
  "clients": [
    {
      "id": 0,
      "vloss": 4.76423704624176,
      "vacc": 1.32,
      "new_batch_size": 22,
      "replay_capacity": 2000,
      "last_lr": 8e-05,
      "last_replay_ratio": 0.5,
      "last_ewc_lambda": 0.0
    },
    {
      "id": 1,
      "vloss": 4.73433039188385,
      "vacc": 1.64,
      "new_batch_size": 22,
      "replay_capacity": 2000,
      "last_lr": 0.00012,
      "last_replay_ratio": 0.5,
      "last_ewc_lambda": 0.0
    }
  ]
}