{
  "round_id": 2,
  "global": {
    "acc": 0.0169,
    "loss": 4.628413536071777,
    "ema_loss": 4.653270472358703,
    "forget_mean": 0.0034999996423721313,
    "forget_max": 0.25999999046325684,
    "divergence": 0.002976809265737401,
    "bytes_last_round": 359289984,
    "bytes_cum": 718579968
  },
  "clients": [
    {
      "id": 0,
      "vloss": 4.732611298561096,
      "vacc": 1.34,
      "new_batch_size": 22,
      "replay_capacity": 2000,
      "last_lr": 8e-05,
      "last_replay_ratio": 0.5,
      "last_ewc_lambda": 0.0
    },
    {
      "id": 1,
      "vloss": 4.688952469825745,
      "vacc": 2.36,
      "new_batch_size": 22,
      "replay_capacity": 2000,
      "last_lr": 0.00010182273997238614,
      "last_replay_ratio": 0.5,
      "last_ewc_lambda": 0.0
    },
    {
      "id": 2,
      "vloss": 4.662448453903198,
      "vacc": 2.02,
      "new_batch_size": 22,
      "replay_capacity": 2000,
      "last_lr": 0.00012,
      "last_replay_ratio": 0.5,
      "last_ewc_lambda": 0.0
    },
    {
      "id": 3,
      "vloss": 4.692205262184143,
      "vacc": 2.82,
      "new_batch_size": 22,
      "replay_capacity": 2000,
      "last_lr": 0.00010113271729045244,
      "last_replay_ratio": 0.5,
      "last_ewc_lambda": 0.0
    }
  ]
}