{
  "round_id": 1,
  "global": {
    "acc": 0.6248,
    "loss": 3.3513121742248537,
    "ema_loss": 4.278002826461792,
    "forget_mean": 0.0,
    "forget_max": 0.0,
    "divergence": 0.0020393075315399906,
    "bytes_last_round": 359289984,
    "bytes_cum": 359289984
  },
  "clients": [
    {
      "id": 0,
      "vloss": 1.3748997747898102,
      "vacc": 65.4,
      "new_batch_size": 1001,
      "replay_capacity": 2000,
      "last_lr": 0.00012,
      "last_replay_ratio": 0.5,
      "last_ewc_lambda": 0.0
    },
    {
      "id": 1,
      "vloss": 1.3699160933494567,
      "vacc": 64.4,
      "new_batch_size": 1001,
      "replay_capacity": 2000,
      "last_lr": 0.00012,
      "last_replay_ratio": 0.5,
      "last_ewc_lambda": 0.0
    },
    {
      "id": 2,
      "vloss": 1.3562575340270997,
      "vacc": 64.16,
      "new_batch_size": 1001,
      "replay_capacity": 2000,
      "last_lr": 0.00012,
      "last_replay_ratio": 0.5,
      "last_ewc_lambda": 0.0
    },
    {
      "id": 3,
      "vloss": 1.3584480464458466,
      "vacc": 65.2,
      "new_batch_size": 1001,
      "replay_capacity": 2000,
      "last_lr": 0.00012,
      "last_replay_ratio": 0.5,
      "last_ewc_lambda": 0.0
    }
  ]
}