{
  "round_id": 6,
  "global": {
    "acc": 0.6256,
    "loss": 3.1337313026428224,
    "ema_loss": 3.3645162280690912,
    "forget_mean": 0.06619999557733536,
    "forget_max": 0.33000001311302185,
    "divergence": 0.004940395571701808,
    "bytes_last_round": 359289984,
    "bytes_cum": 2155739904
  },
  "clients": [
    {
      "id": 0,
      "vloss": 1.5805790364742278,
      "vacc": 57.02,
      "new_batch_size": 1003,
      "replay_capacity": 2000,
      "last_lr": 0.00020970405074258834,
      "last_replay_ratio": 0.30000000000000004,
      "last_ewc_lambda": 0.0
    },
    {
      "id": 1,
      "vloss": 1.600397801399231,
      "vacc": 57.26,
      "new_batch_size": 1003,
      "replay_capacity": 2000,
      "last_lr": 0.00021870000000000003,
      "last_replay_ratio": 0.30000000000000004,
      "last_ewc_lambda": 0.0
    },
    {
      "id": 2,
      "vloss": 1.6493183374404907,
      "vacc": 56.46,
      "new_batch_size": 1003,
      "replay_capacity": 2000,
      "last_lr": 0.0001560950420702809,
      "last_replay_ratio": 0.30000000000000004,
      "last_ewc_lambda": 0.0
    },
    {
      "id": 3,
      "vloss": 1.5856634736061097,
      "vacc": 57.16,
      "new_batch_size": 1003,
      "replay_capacity": 2000,
      "last_lr": 0.00014580000000000005,
      "last_replay_ratio": 0.30000000000000004,
      "last_ewc_lambda": 0.0
    }
  ]
}