run_id,tag,raw_update_norm,raw_update_energy,projected_update_norm,projected_update_energy,removed_displacement_norm,removed_displacement_energy,removed_energy,retained_norm_fraction,retained_energy_fraction,layer,basis_rank,projection_lambda,shrinkage_factor,round,client,epoch,batch,local_optimizer_step,update_control
20260823-193110,full_s43_fixed_epochs5_pat2_dirichlet_a01_normmatched_lambda075,0.05232254789232776,0.002737649017944932,0.04968808586896821,0.0024689058773219585,0.0026344625974762657,6.940393177501392e-06,0.00026874314062297344,0.9496495845580591,0.9018343334512945,layer4_1_conv2,,0.0,0.949649545340808,1,0,1,1,111,shrinkage
20260823-193110,full_s43_fixed_epochs5_pat2_dirichlet_a01_normmatched_lambda075,0.008393256396840177,7.044675294309855e-05,0.0030396652547218903,9.239564860763494e-06,0.005353591250626027,2.866093927877955e-05,6.120718808233505e-05,0.3621556534203147,0.1311567173042951,fc,,0.0,0.3621556549114053,1,0,1,1,111,shrinkage
20260823-193110,full_s43_fixed_epochs5_pat2_dirichlet_a01_normmatched_lambda075,0.06848941083470561,0.00469079939648509,0.06504093874839761,0.00423032371327281,0.0034484711631930956,1.1891953363374341e-05,0.0004604756832122803,0.9496495583144868,0.9018342836069,layer4_1_conv2,,0.0,0.949649545340808,1,0,1,2,112,shrinkage
20260823-193110,full_s43_fixed_epochs5_pat2_dirichlet_a01_normmatched_lambda075,0.012086472633487378,0.0001460828207200393,0.004377184138992983,1.915974098665174e-05,0.007709288228401678,5.943312498857267e-05,0.00012692307973338757,0.3621556323112287,0.13115670201474589,fc,,0.0,0.3621556549114053,1,0,1,2,112,shrinkage
20260823-193110,full_s43_fixed_epochs5_pat2_dirichlet_a01_normmatched_lambda075,0.08386909812719537,0.0070340256206691265,0.07964625436504583,0.00634352583438158,0.004222844889634963,1.783241896191612e-05,0.0006904997862875462,0.9496495866004758,0.9018343373304545,layer4_1_conv2,,0.0,0.949649545340808,1,0,1,3,113,shrinkage
20260823-193110,full_s43_fixed_epochs5_pat2_dirichlet_a01_normmatched_lambda075,0.01533985395849489,0.00023531111946795136,0.0055554147584941874,3.0862633138895035e-05,0.009784439336308178,9.573525312589481e-05,0.00020444848632905632,0.36215564851696097,0.13115671375274057,fc,,0.0,0.3621556549114053,1,0,1,3,113,shrinkage
20260823-193110,full_s43_fixed_epochs5_pat2_dirichlet_a01_normmatched_lambda075,0.0970559312924516,0.009419853799045086,0.09216912357183221,0.008495147339999676,0.0048868077294669104,2.3880889784777537e-05,0.0009247064590454102,0.9496495715867758,0.9018343088149468,layer4_1_conv2,,0.0,0.949649545340808,1,0,1,4,114,shrinkage
20260823-193110,full_s43_fixed_epochs5_pat2_dirichlet_a01_normmatched_lambda075,0.01803970699911228,0.00032543102861382067,0.00653318166461978,4.268246266292408e-05,0.011506525126731061,0.00013240012049209327,0.0002827485659508966,0.36215564171531567,0.1311567088262321,fc,,0.0,0.3621556549114053,1,0,1,4,114,shrinkage
20260823-193110,full_s43_fixed_epochs5_pat2_dirichlet_a01_normmatched_lambda075,0.11145636216616138,0.01242252066731453,0.10584448625231356,0.011203055270016193,0.005611875426082383,3.149314579786733e-05,0.001219465397298336,0.94964956863134,0.9018343032016901,layer4_1_conv2,,0.0,0.949649545340808,1,0,1,5,115,shrinkage
20260823-193110,full_s43_fixed_epochs5_pat2_dirichlet_a01_normmatched_lambda075,0.020424977110769436,0.0004171796899754554,0.007397020882793583,5.471591794048436e-05,0.013027956313175274,0.00016972764569800347,0.00036246377203497104,0.36215565102853264,0.1311567155719003,fc,,0.0,0.3621556549114053,1,0,1,5,115,shrinkage
20260823-193110,full_s43_fixed_epochs5_pat2_dirichlet_a01_normmatched_lambda075,0.11738877495524308,0.013780124485492706,0.11147820245112772,0.01242738962173462,0.005910574901486599,3.493489566608332e-05,0.0013527348637580872,0.9496495937846792,0.9018343509754063,layer4_1_conv2,,0.0,0.949649545340808,1,0,2,1,116,shrinkage
20260823-193110,full_s43_fixed_epochs5_pat2_dirichlet_a01_normmatched_lambda075,0.02223694982442801,0.0004944819374941289,0.008053237022702107,6.48546265438199e-05,0.014183713374950597,0.00020117772510275245,0.00042962731095030904,0.3621556502257052,0.13115671499040332,fc,,0.0,0.3621556549114053,1,0,2,1,116,shrinkage
20260823-193110,full_s43_fixed_epochs5_pat2_dirichlet_a01_normmatched_lambda075,0.12130090084444094,0.014713908545672894,0.11519335162025748,0.013269508257508278,0.006107552504682643,3.730219759745523e-05,0.0014444002881646156,0.9496495971450706,0.9018343573577947,layer4_1_conv2,,0.0,0.949649545340808,1,0,2,2,117,shrinkage
20260823-193110,full_s43_fixed_epochs5_pat2_dirichlet_a01_normmatched_lambda075,0.023655397582632916,0.0005595778347924352,0.008566935317104655,7.339238072745502e-05,0.015088461564968002,0.00022766167239751667,0.00048618545406498015,0.3621556258853261,0.1311566973603923,fc,,0.0,0.3621556549114053,1,0,2,2,117,shrinkage
20260823-193110,full_s43_fixed_epochs5_pat2_dirichlet_a01_normmatched_lambda075,0.12388755834139506,0.015348127111792564,0.11764976799600968,0.013841467909514904,0.0062377914640533065,3.8910042349016294e-05,0.0015066592022776604,0.949649582016977,0.9018343286250193,layer4_1_conv2,,0.0,0.949649545340808,1,0,2,3,118,shrinkage
20260823-193110,full_s43_fixed_epochs5_pat2_dirichlet_a01_normmatched_lambda075,0.024758886400509234,0.0006130024557933211,0.008966570684737158,8.039938984438777e-05,0.015792315930279934,0.0002493972424417734,0.0005326030659489334,0.36215565351730583,0.13115671737454684,fc,,0.0,0.3621556549114053,1,0,2,3,118,shrinkage
20260823-193110,full_s43_fixed_epochs5_pat2_dirichlet_a01_normmatched_lambda075,0.12567015652380975,0.01579298824071884,0.11934260928769275,0.014242658391594887,0.0063275462262291195,4.0037841245066375e-05,0.0015503298491239548,0.9496495634990463,0.9018342934539291,layer4_1_conv2,,0.0,0.949649545340808,1,0,2,4,119,shrinkage
20260823-193110,full_s43_fixed_epochs5_pat2_dirichlet_a01_normmatched_lambda075,0.025545250049148167,0.0006525598000735044,0.009251356195537767,8.558759145671502e-05,0.016293893401898032,0.0002654909621924162,0.0005669722086167894,0.3621556327590641,0.13115670233911805,fc,,0.0,0.3621556549114053,1,0,2,4,119,shrinkage
20260823-193110,full_s43_fixed_epochs5_pat2_dirichlet_a01_normmatched_lambda075,0.1281391423840497,0.01641963981091976,0.1216872767045706,0.01480779331177473,0.006451860424279004,4.162650293437764e-05,0.001611846499145031,0.9496495328481127,0.9018342352386388,layer4_1_conv2,,0.0,0.949649545340808,1,0,2,5,120,shrinkage
20260823-193110,full_s43_fixed_epochs5_pat2_dirichlet_a01_normmatched_lambda075,0.026149368839842382,0.0006837894907221198,0.009470141737041847,8.968358451966196e-05,0.016679227132217464,0.0002781966177280992,0.0005941059062024578,0.3621556525912283,0.13115671670377838,fc,,0.0,0.3621556549114053,1,0,2,5,120,shrinkage
20260823-193110,full_s43_fixed_epochs5_pat2_dirichlet_a01_normmatched_lambda075,0.13203679078794714,0.017433714121580124,0.12591054206627844,0.015853464603424072,0.00612624881971135,3.7530924601014704e-05,0.0015802495181560516,0.9536019568098445,0.9093566920315644,layer4_1_conv2,,0.0,0.9536019748148297,2,0,1,1,121,shrinkage
20260823-193110,full_s43_fixed_epochs5_pat2_dirichlet_a01_normmatched_lambda075,0.027321507356543828,0.0007464647642336786,0.009143742611457397,8.360802894458175e-05,0.018177765374153637,0.0003304311539977789,0.0006628567352890968,0.3346719671111909,0.11200532557007406,fc,,0.0,0.3346719854942625,2,0,1,1,121,shrinkage
20260823-193110,full_s43_fixed_epochs5_pat2_dirichlet_a01_normmatched_lambda075,0.13657429420511222,0.01865253783762455,0.13023751090884747,0.016961809247732162,0.006336779973759664,4.015478043584153e-05,0.0016907285898923874,0.9536019326832622,0.9093566460172529,layer4_1_conv2,,0.0,0.9536019748148297,2,0,1,2,122,shrinkage
20260823-193110,full_s43_fixed_epochs5_pat2_dirichlet_a01_normmatched_lambda075,0.02829618289268037,0.0008006739662960172,0.009469939670660892,8.96797573659569e-05,0.018826243301103347,0.00035442743683233857,0.0007109942089300603,0.33467198408272114,0.11200533692986515,fc,,0.0,0.3346719854942625,2,0,1,2,122,shrinkage
20260823-193110,full_s43_fixed_epochs5_pat2_dirichlet_a01_normmatched_lambda075,0.13902480921935428,0.01932789757847786,0.13257432365699948,0.017575951293110847,0.0064504788068966545,4.160867683822289e-05,0.001751946285367012,0.9536019103455328,0.9093566034146491,layer4_1_conv2,,0.0,0.9536019748148297,2,0,1,3,123,shrinkage
20260823-193110,full_s43_fixed_epochs5_pat2_dirichlet_a01_normmatched_lambda075,0.029025611117373663,0.0008424861007370055,0.009714058614208773,9.436293476028368e-05,0.0193115521622455,0.0003729360469151288,0.0007481231659767218,0.33467197555038886,0.11200533121880009,fc,,0.0,0.3346719854942625,2,0,1,3,123,shrinkage
20260823-193110,full_s43_fixed_epochs5_pat2_dirichlet_a01_normmatched_lambda075,0.14015129226242926,0.019642384722828865,0.13364854101746873,0.017861932516098022,0.006502745655201644,4.228570105624385e-05,0.0017804522067308426,0.9536019173281377,0.9093566167319004,layer4_1_conv2,,0.0,0.9536019748148297,2,0,1,4,124,shrinkage
20260823-193110,full_s43_fixed_epochs5_pat2_dirichlet_a01_normmatched_lambda075,0.029480491854889983,0.0008690994000062346,0.009866294320948345,9.734376362757757e-05,0.01961419775609154,0.0003847167536150664,0.0007717556363786571,0.334671971197516,0.11200532830523098,fc,,0.0,0.3346719854942625,2,0,1,4,124,shrinkage
20260823-193110,full_s43_fixed_epochs5_pat2_dirichlet_a01_normmatched_lambda075,0.14172290338530594,0.020085381343960762,0.13514723168863949,0.0182647742331028,0.006575665393908825,4.32393753726501e-05,0.0018206071108579636,0.9536019123261327,0.9093566071920571,layer4_1_conv2,,0.0,0.9536019748148297,2,0,1,5,125,shrinkage
20260823-193110,full_s43_fixed_epochs5_pat2_dirichlet_a01_normmatched_lambda075,0.029836022998815166,0.0008901882683858275,0.009985281056805746,9.97058377834037e-05,0.019850742602155882,0.0003940519818570465,0.0007904824306024238,0.33467198551235455,0.11200533788678166,fc,,0.0,0.3346719854942625,2,0,1,5,125,shrinkage
20260823-193110,full_s43_fixed_epochs5_pat2_dirichlet_a01_normmatched_lambda075,0.13970569957139545,0.019517682492733,0.1332236195904003,0.017748532816767693,0.006482070941152382,4.201724368613213e-05,0.0017691496759653091,0.9536018931161607,0.9093565705547257,layer4_1_conv2,,0.0,0.9536019748148297,2,0,2,1,126,shrinkage
20260823-193110,full_s43_fixed_epochs5_pat2_dirichlet_a01_normmatched_lambda075,0.029907738428211955,0.000894472817890346,0.01000928187073614,0.00010018572356784716,0.019898457004914237,0.00039594859117642045,0.0007942870943224989,0.3346719744377057,0.11200533047403234,fc,,0.0,0.3346719854942625,2,0,2,1,126,shrinkage
20260823-193110,full_s43_fixed_epochs5_pat2_dirichlet_a01_normmatched_lambda075,0.13671065715270778,0.018689803779125214,0.13036755046244164,0.01699569821357727,0.006343106899973822,4.023500514449552e-05,0.0016941055655479431,0.9536019588935134,0.9093566960055459,layer4_1_conv2,,0.0,0.9536019748148297,2,0,2,2,127,shrinkage
20260823-193110,full_s43_fixed_epochs5_pat2_dirichlet_a01_normmatched_lambda075,0.029834924611261197,0.000890122726559639,0.009984913072541662,9.969848906621337e-05,0.01985001098826524,0.00039402293623425066,0.0007904242374934256,0.33467197261738196,0.11200532925560966,fc,,0.0,0.3346719854942625,2,0,2,2,127,shrinkage
20260823-193110,full_s43_fixed_epochs5_pat2_dirichlet_a01_normmatched_lambda075,0.13379250125224743,0.017900433391332626,0.1275847932809676,0.01627787947654724,0.006207710436538974,3.853566886391491e-05,0.0016225539147853851,0.9536019738537063,0.909356724537685,layer4_1_conv2,,0.0,0.9536019748148297,2,0,2,3,128,shrinkage
20260823-193110,full_s43_fixed_epochs5_pat2_dirichlet_a01_normmatched_lambda075,0.029654587992282065,0.0008793945889919996,0.009924559763239063,9.849688649410382e-05,0.019730029503744424,0.0003892740642186254,0.0007808977024978958,0.334671982825121,0.11200533608809811,fc,,0.0,0.3346719854942625,2,0,2,3,128,shrinkage
20260823-193110,full_s43_fixed_epochs5_pat2_dirichlet_a01_normmatched_lambda075,0.13022752779310462,0.016959208995103836,0.1241852275732152,0.015421970747411251,0.00604230255529713,3.650942016975023e-05,0.001537238247692585,0.953601974004383,0.9093567248250558,layer4_1_conv2,,0.0,0.9536019748148297,2,0,2,4,129,shrinkage
20260823-193110,full_s43_fixed_epochs5_pat2_dirichlet_a01_normmatched_lambda075,0.029358725030895292,0.0008619347354397178,0.00982554241303726,9.654128371039405e-05,0.019533183329978124,0.0003815452510025352,0.0007653934517293237,0.3346719723931292,0.11200532910550741,fc,,0.0,0.3346719854942625,2,0,2,4,129,shrinkage
20260823-193110,full_s43_fixed_epochs5_pat2_dirichlet_a01_normmatched_lambda075,0.12728973659055232,0.01620267704129219,0.12138374659489504,0.014734013937413692,0.005905995012980372,3.4880777093349025e-05,0.001468663103878498,0.9536019937361105,0.9093567624574852,layer4_1_conv2,,0.0,0.9536019748148297,2,0,2,5,130,shrinkage
20260823-193110,full_s43_fixed_epochs5_pat2_dirichlet_a01_normmatched_lambda075,0.029153247274750015,0.0008499118266627192,0.00975677454260172,9.519464947516099e-05,0.01939647186573898,0.0003762231208384037,0.0007547171771875583,0.33467196469232374,0.11200532395101995,fc,,0.0,0.3346719854942625,2,0,2,5,130,shrinkage
20260823-193110,full_s43_fixed_epochs5_pat2_dirichlet_a01_normmatched_lambda075,0.12340876933018739,0.0152297243475914,0.11768284851632423,0.013849252834916115,0.005725925401985464,3.278622170910239e-05,0.0013804715126752853,0.9536019940483879,0.9093567630530616,layer4_1_conv2,,0.0,0.9536019748148297,2,0,3,1,131,shrinkage
20260823-193110,full_s43_fixed_epochs5_pat2_dirichlet_a01_normmatched_lambda075,0.02875966629050025,0.0008271184051409364,0.009625054598256133,9.264167601941153e-05,0.019134611984355284,0.0003661333757918328,0.0007344767291215248,0.3346719847523208,0.11200533737805762,fc,,0.0,0.3346719854942625,2,0,3,1,131,shrinkage
20260823-193110,full_s43_fixed_epochs5_pat2_dirichlet_a01_normmatched_lambda075,0.11887550560575959,0.014131385833024979,0.1133599131510269,0.012850469909608364,0.005515590888498238,3.0421742849284783e-05,0.0012809159234166145,0.9536019432546123,0.909356666178973,layer4_1_conv2,,0.0,0.9536019748148297,2,0,3,2,132,shrinkage
20260823-193110,full_s43_fixed_epochs5_pat2_dirichlet_a01_normmatched_lambda075,0.028197721996711087,0.0007951115258038044,0.009436987425411226,8.90567316673696e-05,0.018760735448484903,0.000351965194568038,0.0007060547941364348,0.3346719790524899,0.11200533356291022,fc,,0.0,0.3346719854942625,2,0,3,2,132,shrinkage
20260823-193110,full_s43_fixed_epochs5_pat2_dirichlet_a01_normmatched_lambda075,0.11433118111087995,0.013071618974208832,0.10902643861812111,0.01188676431775093,0.005304743241264278,2.8140300855739042e-05,0.001184854656457901,0.95360196193885,0.909356701813624,layer4_1_conv2,,0.0,0.9536019748148297,2,0,3,3,133,shrinkage
20260823-193110,full_s43_fixed_epochs5_pat2_dirichlet_a01_normmatched_lambda075,0.027672936159343776,0.0007657913956791162,0.009261355929144106,8.577271364629269e-05,0.01841158013773388,0.0003389862831681967,0.0006800186820328236,0.3346719652665771,0.112005324335393,fc,,0.0,0.3346719854942625,2,0,3,3,133,shrinkage
20260823-193110,full_s43_fixed_epochs5_pat2_dirichlet_a01_normmatched_lambda075,0.11001533158973865,0.012103373184800148,0.10491083186441576,0.011006282642483711,0.005104496143641306,2.6055880880448967e-05,0.0010970905423164368,0.9536019239176751,0.9093566292994912,layer4_1_conv2,,0.0,0.9536019748148297,2,0,3,4,134,shrinkage
20260823-193110,full_s43_fixed_epochs5_pat2_dirichlet_a01_normmatched_lambda075,0.027114551523020267,0.0007351989042945206,0.00907448048074059,8.234619599534199e-05,0.018040070799233483,0.00032544415444135666,0.0006528527082991786,0.3346719739412379,0.11200533014172462,fc,,0.0,0.3346719854942625,2,0,3,4,134,shrinkage
20260823-193110,full_s43_fixed_epochs5_pat2_dirichlet_a01_normmatched_lambda075,0.10933566237534624,0.011954287067055702,0.1042627016080991,0.01087071094661951,0.005072960783815476,2.5734931114129722e-05,0.0010835761204361916,0.9536019569732718,0.9093566923432539,layer4_1_conv2,,0.0,0.9536019748148297,2,0,3,5,135,shrinkage
20260823-193110,full_s43_fixed_epochs5_pat2_dirichlet_a01_normmatched_lambda075,0.026728850678966572,0.0007144314586184919,0.008945397171380848,8.002013055374846e-05,0.017783453399901818,0.00031625121482647955,0.0006344113280647434,0.3346719722004413,0.11200532897653294,fc,,0.0,0.3346719854942625,2,0,3,5,135,shrinkage
20260823-193110,full_s43_fixed_epochs5_pat2_dirichlet_a01_normmatched_lambda075,0.11254875365149296,0.012667221948504448,0.10787592211071738,0.011637214571237564,0.004672829566341258,2.1835336156073026e-05,0.0010300073772668839,0.9584817122431671,0.9186871927045936,layer4_1_conv2,,0.0,0.958481713651625,3,0,1,1,136,shrinkage
20260823-193110,full_s43_fixed_epochs5_pat2_dirichlet_a01_normmatched_lambda075,0.02745999168433074,0.0007540511433035135,0.009303387755039869,8.655302372062579e-05,0.018156604556049925,0.0003296622890047729,0.0006674981195828877,0.3387979086806709,0.11478402292639624,fc,,0.0,0.3387979066471441,3,0,1,1,136,shrinkage
20260823-193110,full_s43_fixed_epochs5_pat2_dirichlet_a01_normmatched_lambda075,0.11575992402625498,0.013400360010564327,0.11095377238570521,0.012310739606618881,0.004806151830216264,2.3099095415091142e-05,0.001089620403945446,0.9584817312124383,0.9186872290679928,layer4_1_conv2,,0.0,0.958481713651625,3,0,1,2,137,shrinkage
20260823-193110,full_s43_fixed_epochs5_pat2_dirichlet_a01_normmatched_lambda075,0.027944757948946138,0.0007809094968251884,0.009467625203676425,8.963592699728906e-05,0.018477131920986135,0.00034140440402552485,0.0006912735698278993,0.33879789622702644,0.11478401448785894,fc,,0.0,0.3387979066471441,3,0,1,2,137,shrinkage
20260823-193110,full_s43_fixed_epochs5_pat2_dirichlet_a01_normmatched_lambda075,0.11918278636048141,0.014204536564648151,0.11423452254066545,0.013049526140093803,0.004948263234788137,2.4485309040755965e-05,0.001155010424554348,0.9584817239894913,0.9186872152218676,layer4_1_conv2,,0.0,0.958481713651625,3,0,1,3,138,shrinkage
20260823-193110,full_s43_fixed_epochs5_pat2_dirichlet_a01_normmatched_lambda075,0.028362303671600246,0.0008044202695600688,0.0096090887680543,9.233458695234731e-05,0.01875321471203245,0.0003516830620355904,0.0007120856826077215,0.3387978945333724,0.1147840133402461,fc,,0.0,0.3387979066471441,3,0,1,3,138,shrinkage
20260823-193110,full_s43_fixed_epochs5_pat2_dirichlet_a01_normmatched_lambda075,0.12056170376064329,0.01453512441366911,0.11555619077160528,0.013353233225643635,0.005005513528008651,2.5055165679077618e-05,0.0011818911880254745,0.9584817331465746,0.9186872327756616,layer4_1_conv2,,0.0,0.958481713651625,3,0,1,4,139,shrinkage
20260823-193110,full_s43_fixed_epochs5_pat2_dirichlet_a01_normmatched_lambda075,0.028543020016050052,0.0008147039916366339,0.009670315127229658,9.351499465992674e-05,0.018872704193010754,0.0003561789635568857,0.0007211889969767071,0.33879789601072113,0.11478401434129142,fc,,0.0,0.3387979066471441,3,0,1,4,139,shrinkage
20260823-193110,full_s43_fixed_epochs5_pat2_dirichlet_a01_normmatched_lambda075,0.1247855149349181,0.01557142473757267,0.11960463764269819,0.014305269345641136,0.005180878887005489,2.684150604181923e-05,0.0012661553919315338,0.9584817412908702,0.9186872483879784,layer4_1_conv2,,0.0,0.958481713651625,3,0,1,5,140,shrinkage
20260823-193110,full_s43_fixed_epochs5_pat2_dirichlet_a01_normmatched_lambda075,0.028841490874440275,0.0008318315958604217,0.009771436586254569,9.548097295919433e-05,0.019070054317693406,0.0003636669716797769,0.0007363506229012273,0.33879790156458767,0.114784018104568,fc,,0.0,0.3387979066471441,3,0,1,5,140,shrinkage
20260823-193110,full_s43_fixed_epochs5_pat2_dirichlet_a01_normmatched_lambda075,0.12310278848293117,0.015154296532273293,0.11799177504040984,0.01392205897718668,0.005111014975766827,2.612247408251278e-05,0.0012322375550866127,0.9584817411083258,0.9186872480380477,layer4_1_conv2,,0.0,0.958481713651625,3,0,2,1,141,shrinkage
20260823-193110,full_s43_fixed_epochs5_pat2_dirichlet_a01_normmatched_lambda075,0.028675661668526833,0.0008222935721278191,0.009715253965645373,9.438615961698815e-05,0.01896040852057935,0.00035949709126725793,0.0007279074125108309,0.3387979003918998,0.11478401730995967,fc,,0.0,0.3387979066471441,3,0,2,1,141,shrinkage
20260823-193110,full_s43_fixed_epochs5_pat2_dirichlet_a01_normmatched_lambda075,0.12163820462768096,0.014795852825045586,0.11658799285779385,0.01359276007860899,0.005050207892940282,2.5504599761916324e-05,0.001203092746436596,0.9584816975444092,0.9186871645276122,layer4_1_conv2,,0.0,0.958481713651625,3,0,2,2,142,shrinkage
20260823-193110,full_s43_fixed_epochs5_pat2_dirichlet_a01_normmatched_lambda075,0.028443462326781865,0.0008090305491350591,0.009636585216018404,9.286377462558448e-05,0.018806876899422748,0.00035369861871004105,0.0007161667745094746,0.3387978968701277,0.1147840149236217,fc,,0.0,0.3387979066471441,3,0,2,2,142,shrinkage
20260823-193110,full_s43_fixed_epochs5_pat2_dirichlet_a01_normmatched_lambda075,0.1189952025368087,0.014159858226776123,0.11405472761611134,0.01300848089158535,0.00494047516423261,2.4408294848399237e-05,0.001151377335190773,0.9584817302263162,0.9186872271776328,layer4_1_conv2,,0.0,0.958481713651625,3,0,2,3,143,shrinkage
20260823-193110,full_s43_fixed_epochs5_pat2_dirichlet_a01_normmatched_lambda075,0.028106370524399744,0.0007899680640548468,0.009522379166789231,9.067570499610156e-05,0.01858399219658106,0.0003453647659625858,0.0006992923590587452,0.3387978948944208,0.11478401358489097,fc,,0.0,0.3387979066471441,3,0,2,3,143,shrinkage
20260823-193110,full_s43_fixed_epochs5_pat2_dirichlet_a01_normmatched_lambda075,0.11558753386049712,0.013360477983951569,0.1107885393224901,0.012274100445210934,0.004798994533188544,2.303034852957353e-05,0.001086377538740635,0.9584817291473755,0.9186872251093429,layer4_1_conv2,,0.0,0.958481713651625,3,0,2,4,144,shrinkage
20260823-193110,full_s43_fixed_epochs5_pat2_dirichlet_a01_normmatched_lambda075,0.027681287558964648,0.000766253680922091,0.009378362045964452,8.795367466518655e-05,0.018302925431065743,0.0003349970793351531,0.0006783000062569045,0.3387978982548176,0.11478401586188172,fc,,0.0,0.3387979066471441,3,0,2,4,144,shrinkage
20260823-193110,full_s43_fixed_epochs5_pat2_dirichlet_a01_normmatched_lambda075,0.11561686674071356,0.013367259874939919,0.11081665065283527,0.012280330061912537,0.004800212409307543,2.304203917447012e-05,0.001086929813027382,0.958481697150266,0.9186871637720542,layer4_1_conv2,,0.0,0.958481713651625,3,0,2,5,145,shrinkage
20260823-193110,full_s43_fixed_epochs5_pat2_dirichlet_a01_normmatched_lambda075,0.02748826910891149,0.0007556049386039376,0.009312967556998524,8.673136471770704e-05,0.01817530116415222,0.00033034157240763307,0.0006688735738862306,0.33879788938690686,0.11478400985302277,fc,,0.0,0.3387979066471441,3,0,2,5,145,shrinkage
20260823-193110,full_s43_fixed_epochs5_pat2_dirichlet_a01_normmatched_lambda075,0.1111862089536204,0.012362373061478138,0.10656995213088816,0.011357154697179794,0.004616259124798202,2.1309848307282664e-05,0.0010052183642983437,0.9584817499744249,0.9186872650340361,layer4_1_conv2,,0.0,0.958481713651625,3,0,3,1,146,shrinkage
20260823-193110,full_s43_fixed_epochs5_pat2_dirichlet_a01_normmatched_lambda075,0.027019069603024186,0.0007300301222130656,0.009154004167946034,8.379579230677336e-05,0.017865065889553472,0.00031916057923808694,0.0006462343299062923,0.33879790468141974,0.11478402021652037,fc,,0.0,0.3387979066471441,3,0,3,1,146,shrinkage
20260823-193110,full_s43_fixed_epochs5_pat2_dirichlet_a01_normmatched_lambda075,0.10688977671970977,0.011425424367189407,0.10245189594859791,0.010496390983462334,0.004437878729288836,1.9694767615874298e-05,0.0009290333837270737,0.9584817097826949,0.9186871879879582,layer4_1_conv2,,0.0,0.958481713651625,3,0,3,2,147,shrinkage
20260823-193110,full_s43_fixed_epochs5_pat2_dirichlet_a01_normmatched_lambda075,0.02646992017122418,0.0007006566738709807,0.008967953295369958,8.042418630793691e-05,0.017501967412123093,0.0003063188632950187,0.0006202324875630438,0.3387978972871684,0.11478401520620676,fc,,0.0,0.3387979066471441,3,0,3,2,147,shrinkage
20260823-193110,full_s43_fixed_epochs5_pat2_dirichlet_a01_normmatched_lambda075,0.10226393528497484,0.01045791245996952,0.09801811408146935,0.00960755068808794,0.00424582189150358,1.8027003534371033e-05,0.0008503617718815804,0.9584817346244908,0.9186872356087729,layer4_1_conv2,,0.0,0.958481713651625,3,0,3,3,148,shrinkage
20260823-193110,full_s43_fixed_epochs5_pat2_dirichlet_a01_normmatched_lambda075,0.02574741611613829,0.0006629294366575778,0.008723170923406102,7.609371095895767e-05,0.017024246411386196,0.0002898249658755958,0.0005868357256986201,0.338797916033931,0.11478402790893456,fc,,0.0,0.3387979066471441,3,0,3,3,148,shrinkage
20260823-193110,full_s43_fixed_epochs5_pat2_dirichlet_a01_normmatched_lambda075,0.0979152582537361,0.009587397798895836,0.09384999307031357,0.008807821199297905,0.004065272332802847,1.65264391398523e-05,0.0007795765995979309,0.9584818009376244,0.9186873627286318,layer4_1_conv2,,0.0,0.958481713651625,3,0,3,4,149,shrinkage
20260823-193110,full_s43_fixed_epochs5_pat2_dirichlet_a01_normmatched_lambda075,0.02513570461880257,0.0006318036466836929,0.008515923972880283,7.252096111187711e-05,0.016619781006366616,0.0002762171206995845,0.0005592826855718158,0.33879790131325827,0.11478401793426829,fc,,0.0,0.3387979066471441,3,0,3,4,149,shrinkage
20260823-193110,full_s43_fixed_epochs5_pat2_dirichlet_a01_normmatched_lambda075,0.09924299514587216,0.009849172085523605,0.09512259587415436,0.009048308245837688,0.0041203975343636345,1.697767584118992e-05,0.0008008638396859169,0.9584817118259941,0.9186871919048878,layer4_1_conv2,,0.0,0.958481713651625,3,0,3,5,150,shrinkage
20260823-193110,full_s43_fixed_epochs5_pat2_dirichlet_a01_normmatched_lambda075,0.024892260342526642,0.0006196246249601245,0.008433445888104768,7.112300954759121e-05,0.01645881538936978,0.0002708926040213555,0.0005485016154125333,0.3387979143740848,0.11478402678422969,fc,,0.0,0.3387979066471441,3,0,3,5,150,shrinkage
20260823-193110,full_s43_fixed_epochs5_pat2_dirichlet_a01_normmatched_lambda075,0.10249221276440626,0.010504653677344322,0.0986502178811216,0.009731865487992764,0.0038419942529002273,1.4760919839318376e-05,0.0007727881893515587,0.962514275185803,0.9264337299364517,layer4_1_conv2,,0.0,0.962514273844429,4,0,1,1,151,shrinkage
20260823-193110,full_s43_fixed_epochs5_pat2_dirichlet_a01_normmatched_lambda075,0.025559486255151177,0.0006532873376272619,0.00882576565486699,7.789413939462975e-05,0.01673372079273266,0.0002800174115691334,0.0005753931982326321,0.3453029363251882,0.11923411783479698,fc,,0.0,0.34530293384785954,4,0,1,1,151,shrinkage
20260823-193110,full_s43_fixed_epochs5_pat2_dirichlet_a01_normmatched_lambda075,0.10617131657625475,0.011272348463535309,0.10219140835675225,0.010443083941936493,0.003979908136704557,1.583966877660714e-05,0.0008292645215988159,0.9625142802421214,0.9264337396700087,layer4_1_conv2,,0.0,0.962514273844429,4,0,1,2,152,shrinkage
20260823-193110,full_s43_fixed_epochs5_pat2_dirichlet_a01_normmatched_lambda075,0.026125682715656802,0.0006825512973591685,0.009021275126280384,8.138340490404516e-05,0.017104408324937453,0.0002925607841461897,0.0006011678924551234,0.3453029428729166,0.11923412235669668,fc,,0.0,0.34530293384785954,4,0,1,2,152,shrinkage
20260823-193110,full_s43_fixed_epochs5_pat2_dirichlet_a01_normmatched_lambda075,0.10864517551703318,0.011803774163126945,0.10457253263879059,0.010935414582490921,0.004072642468650473,1.6586416677455418e-05,0.0008683595806360245,0.9625142777038996,0.9264337347838595,layer4_1_conv2,,0.0,0.962514273844429,4,0,1,3,153,shrinkage
20260823-193110,full_s43_fixed_epochs5_pat2_dirichlet_a01_normmatched_lambda075,0.026403996373891955,0.0006971710245124996,0.009117377449315874,8.312657155329362e-05,0.01728661875814614,0.00029882718808948994,0.000614044452959206,0.34530293521518046,0.1192341170682191,fc,,0.0,0.34530293384785954,4,0,1,3,153,shrinkage
20260823-193110,full_s43_fixed_epochs5_pat2_dirichlet_a01_normmatched_lambda075,0.11135418068332899,0.01239975355565548,0.10717998928052887,0.011487550102174282,0.004174191411744282,1.742387394187972e-05,0.0009122034534811974,0.9625142821115018,0.9264337432686196,layer4_1_conv2,,0.0,0.962514273844429,4,0,1,4,154,shrinkage
20260823-193110,full_s43_fixed_epochs5_pat2_dirichlet_a01_normmatched_lambda075,0.026689087711349344,0.0007123074028640985,0.009215820691160335,8.493135101161897e-05,0.017473267358527025,0.00030531507218256593,0.0006273760518524796,0.3453029489367436,0.11923412654441141,fc,,0.0,0.34530293384785954,4,0,1,4,154,shrinkage
20260823-193110,full_s43_fixed_epochs5_pat2_dirichlet_a01_normmatched_lambda075,0.11639493912910447,0.013547781854867935,0.11203178751456094,0.012551121413707733,0.00436314806823227,1.9037061065318994e-05,0.000996660441160202,0.9625142497844864,0.9264336810381926,layer4_1_conv2,,0.0,0.962514273844429,4,0,1,5,155,shrinkage
20260823-193110,full_s43_fixed_epochs5_pat2_dirichlet_a01_normmatched_lambda075,0.027088199395739927,0.000733770546503365,0.009353634583813396,8.749047992751002e-05,0.017734564922487935,0.00031451479298993945,0.000646280066575855,0.34530292867249096,0.11923411254979938,fc,,0.0,0.34530293384785954,4,0,1,5,155,shrinkage
20260823-193110,full_s43_fixed_epochs5_pat2_dirichlet_a01_normmatched_lambda075,0.11499832513615801,0.013224614784121513,0.11068753352102788,0.01225173007696867,0.004310794843148207,1.8582952179713175e-05,0.0009728847071528435,0.9625143095777599,0.9264337961419516,layer4_1_conv2,,0.0,0.962514273844429,4,0,2,1,156,shrinkage
20260823-193110,full_s43_fixed_epochs5_pat2_dirichlet_a01_normmatched_lambda075,0.026920966991536954,0.0007247384637594223,0.009295888924095398,8.64135508891195e-05,0.017625077113446165,0.0003106433432549238,0.0006383249128703028,0.34530293532983836,0.11923411714740254,fc,,0.0,0.34530293384785954,4,0,2,1,156,shrinkage
20260823-193110,full_s43_fixed_epochs5_pat2_dirichlet_a01_normmatched_lambda075,0.11298102023335621,0.012764710932970047,0.10874584305151742,0.01182565838098526,0.004235174761730643,1.793670526240021e-05,0.000939052551984787,0.9625142597129035,0.9264337001506785,layer4_1_conv2,,0.0,0.962514273844429,4,0,2,2,157,shrinkage
20260823-193110,full_s43_fixed_epochs5_pat2_dirichlet_a01_normmatched_lambda075,0.02664047797014266,0.0007097150664776564,0.009199035085501937,8.462224650429562e-05,0.017441441681688125,0.00030420388793572783,0.0006250928199733607,0.3453029294673978,0.11923411309876672,fc,,0.0,0.34530293384785954,4,0,2,2,157,shrinkage
20260823-193110,full_s43_fixed_epochs5_pat2_dirichlet_a01_normmatched_lambda075,0.11050486676337631,0.012211325578391552,0.10636251186442962,0.011312983930110931,0.0041423544060485915,1.715910002531018e-05,0.0008983416482806206,0.9625142763366549,0.9264337321518744,layer4_1_conv2,,0.0,0.962514273844429,4,0,2,3,158,shrinkage
20260823-193110,full_s43_fixed_epochs5_pat2_dirichlet_a01_normmatched_lambda075,0.026330315009956543,0.0006932854885235429,0.009091934609983207,8.266327495221049e-05,0.017238380158687585,0.0002971617504954338,0.0006106222135713324,0.34530291819695985,0.11923410531533629,fc,,0.0,0.34530293384785954,4,0,2,3,158,shrinkage
20260823-193110,full_s43_fixed_epochs5_pat2_dirichlet_a01_normmatched_lambda075,0.10724075827928357,0.011500580236315727,0.10322076710945485,0.010654526762664318,0.004019996865464737,1.616037479834631e-05,0.0008460534736514091,0.9625143347144227,0.9264338445307481,layer4_1_conv2,,0.0,0.962514273844429,4,0,2,4,159,shrinkage
20260823-193110,full_s43_fixed_epochs5_pat2_dirichlet_a01_normmatched_lambda075,0.025939370317343446,0.0006728509324602783,0.00895694086046481,8.022678957786411e-05,0.016982429850161292,0.00028840292361564934,0.0005926241428824142,0.34530294108473664,0.11923412112176912,fc,,0.0,0.34530293384785954,4,0,2,4,159,shrinkage
20260823-193110,full_s43_fixed_epochs5_pat2_dirichlet_a01_normmatched_lambda075,0.10740663246905788,0.011536184698343277,0.10338041183727373,0.010687509551644325,0.004026214860373306,1.621040610189084e-05,0.0008486751466989517,0.9625142271084233,0.9264336373861255,layer4_1_conv2,,0.0,0.962514273844429,4,0,2,5,160,shrinkage
20260823-193110,full_s43_fixed_epochs5_pat2_dirichlet_a01_normmatched_lambda075,0.02563361324263231,0.0006570821278728545,0.00885136200653792,7.834660937078297e-05,0.016782251530879262,0.00028164396644569933,0.0005787355185020715,0.3453029396502268,0.11923412013108818,fc,,0.0,0.34530293384785954,4,0,2,5,160,shrinkage
20260823-193110,full_s43_fixed_epochs5_pat2_dirichlet_a01_normmatched_lambda075,0.1032498068637404,0.010660522617399693,0.0993794142894265,0.009876267984509468,0.0038703931898328666,1.497994344390463e-05,0.0007842546328902245,0.9625142875141481,0.9264337536688685,layer4_1_conv2,,0.0,0.962514273844429,4,0,3,1,161,shrinkage
20260823-193110,full_s43_fixed_epochs5_pat2_dirichlet_a01_normmatched_lambda075,0.02510060249468764,0.0006300402455963194,0.008667312031875167,7.512229785788804e-05,0.016433290778908833,0.0002700530458241701,0.0005549179477384314,0.3453029477563154,0.11923412572920071,fc,,0.0,0.34530293384785954,4,0,3,1,161,shrinkage
20260823-193110,full_s43_fixed_epochs5_pat2_dirichlet_a01_normmatched_lambda075,0.0986544896845693,0.00973270833492279,0.09495635524915412,0.00901670940220356,0.0036981344283737263,1.3676198250323068e-05,0.0007159989327192307,0.9625142814357529,0.9264337419677838,layer4_1_conv2,,0.0,0.962514273844429,4,0,3,2,162,shrinkage
20260823-193110,full_s43_fixed_epochs5_pat2_dirichlet_a01_normmatched_lambda075,0.02453089534790172,0.0006017648265697062,0.00847059003764583,7.175089558586478e-05,0.016060304975769712,0.0002579333959147334,0.0005300139309838414,0.34530292993852635,0.11923411342413086,fc,,0.0,0.34530293384785954,4,0,3,2,162,shrinkage
20260823-193110,full_s43_fixed_epochs5_pat2_dirichlet_a01_normmatched_lambda075,0.09420422941893321,0.008874436840415001,0.09067291686586686,0.008221577852964401,0.0035313133130569847,1.2470173714973498e-05,0.0006528589874505997,0.962514288638121,0.9264337558325482,layer4_1_conv2,,0.0,0.962514273844429,4,0,3,3,163,shrinkage
20260823-193110,full_s43_fixed_epochs5_pat2_dirichlet_a01_normmatched_lambda075,0.023977175806354833,0.0005749049596488476,0.0082793893648344,6.854828825453296e-05,0.015697786552971688,0.0002464205026626587,0.0005063566713943146,0.3453029427527515,0.11923412227370993,fc,,0.0,0.34530293384785954,4,0,3,3,163,shrinkage
20260823-193110,full_s43_fixed_epochs5_pat2_dirichlet_a01_normmatched_lambda075,0.09049438115125162,0.008189233019948006,0.08710213735902096,0.007586782332509756,0.003392247024823766,1.1507339877425693e-05,0.0006024506874382496,0.96251431581635,0.9264338081514165,layer4_1_conv2,,0.0,0.962514273844429,4,0,3,4,164,shrinkage
20260823-193110,full_s43_fixed_epochs5_pat2_dirichlet_a01_normmatched_lambda075,0.023387410860570966,0.0005469709867611527,0.008075742041278701,6.521760951727629e-05,0.015311669272701422,0.0002344472159165889,0.00048175337724387646,0.34530295334630917,0.1192341295896834,fc,,0.0,0.34530293384785954,4,0,3,4,164,shrinkage
20260823-193110,full_s43_fixed_epochs5_pat2_dirichlet_a01_normmatched_lambda075,0.09161127380590696,0.008392625488340855,0.0881771556324821,0.007775210775434971,0.0034341144740667752,1.1793142220994923e-05,0.0006174147129058838,0.962514240543139,0.9264336632483358,layer4_1_conv2,,0.0,0.962514273844429,4,0,3,5,165,shrinkage
20260823-193110,full_s43_fixed_epochs5_pat2_dirichlet_a01_normmatched_lambda075,0.023182276537303977,0.0005374179454520345,0.008004908391279432,6.407855835277587e-05,0.015177368371958943,0.00023035251069813967,0.0004733393870992586,0.34530294634343867,0.1192341247534597,fc,,0.0,0.34530293384785954,4,0,3,5,165,shrinkage
20260823-193110,full_s43_fixed_epochs5_pat2_dirichlet_a01_normmatched_lambda075,0.09503315928823283,0.009031301364302635,0.09165812720364086,0.00840121228247881,0.003375029826560199,1.1390826330170967e-05,0.0006300890818238258,0.9644857425569153,0.9302327475955644,layer4_1_conv2,,0.0,0.9644857463062282,5,0,1,1,166,shrinkage
20260823-193110,full_s43_fixed_epochs5_pat2_dirichlet_a01_normmatched_lambda075,0.023902981950026627,0.0005713525461032987,0.008341696298093844,6.958389712963253e-05,0.015561285910336183,0.00024215361918322742,0.0005017686489736661,0.3489814080742571,0.12178802318149115,fc,,0.0,0.3489813983670708,5,0,1,1,166,shrinkage
20260823-193110,full_s43_fixed_epochs5_pat2_dirichlet_a01_normmatched_lambda075,0.09878894044167914,0.00975925475358963,0.0952805219223966,0.009078377857804298,0.0035084136997479286,1.2308966688578948e-05,0.0006808768957853317,0.9644857156722542,0.9302326957358201,layer4_1_conv2,,0.0,0.9644857463062282,5,0,1,2,167,shrinkage
20260823-193110,full_s43_fixed_epochs5_pat2_dirichlet_a01_normmatched_lambda075,0.024563660054622353,0.0006033733952790499,0.008572260515159776,7.348365033976734e-05,0.015991399305267946,0.00025572485174052417,0.0005298897449392825,0.3489814016354888,0.12178801868747031,fc,,0.0,0.3489813983670708,5,0,1,2,167,shrinkage
20260823-193110,full_s43_fixed_epochs5_pat2_dirichlet_a01_normmatched_lambda075,0.10175397137148469,0.010353870689868927,0.09814026097359367,0.009631510823965073,0.0036137144853574275,1.3058932381682098e-05,0.0007223598659038544,0.9644858048370609,0.9302328677321932,layer4_1_conv2,,0.0,0.9644857463062282,5,0,1,3,168,shrinkage
20260823-193110,full_s43_fixed_epochs5_pat2_dirichlet_a01_normmatched_lambda075,0.024978092399708572,0.0006239050999283791,0.008716889590967556,7.598416414111853e-05,0.01626120208718514,0.00026442669332027435,0.0005479209357872605,0.34898139743727025,0.12178801575726997,fc,,0.0,0.3489813983670708,5,0,1,3,168,shrinkage
20260823-193110,full_s43_fixed_epochs5_pat2_dirichlet_a01_normmatched_lambda075,0.10441254762748692,0.010901980102062225,0.10070441037312869,0.01014137826859951,0.0037081317564899314,1.3750241123489104e-05,0.0007606018334627151,0.9644857123150776,0.9302326892599226,layer4_1_conv2,,0.0,0.9644857463062282,5,0,1,4,169,shrinkage
20260823-193110,full_s43_fixed_epochs5_pat2_dirichlet_a01_normmatched_lambda075,0.025246532260486787,0.0006373873911798,0.008810570844147486,7.762615859974176e-05,0.016435962158652534,0.0002701408520806581,0.0005597612325800583,0.34898142656751574,0.12178803608909838,fc,,0.0,0.3489813983670708,5,0,1,4,169,shrinkage
20260823-193110,full_s43_fixed_epochs5_pat2_dirichlet_a01_normmatched_lambda075,0.10954850773756923,0.012000875547528267,0.10565797731854315,0.01116360817104578,0.003890531526787927,1.51362355609308e-05,0.0008372673764824867,0.9644857743900437,0.9302328090007622,layer4_1_conv2,,0.0,0.9644857463062282,5,0,1,5,170,shrinkage
20260823-193110,full_s43_fixed_epochs5_pat2_dirichlet_a01_normmatched_lambda075,0.025325558812751173,0.0006413839291781187,0.008838149341595363,7.811288378434256e-05,0.016487409314668255,0.0002718346659094095,0.0005632710453937761,0.348981414662623,0.1217880277799256,fc,,0.0,0.3489813983670708,5,0,1,5,170,shrinkage
20260823-193110,full_s43_fixed_epochs5_pat2_dirichlet_a01_normmatched_lambda075,0.10902914645297025,0.011887354776263237,0.10515706047125548,0.01105800736695528,0.0038720869628676336,1.4993057448009495e-05,0.0008293474093079567,0.9644857718538135,0.930232804108446,layer4_1_conv2,,0.0,0.9644857463062282,5,0,2,1,171,shrinkage
20260823-193110,full_s43_fixed_epochs5_pat2_dirichlet_a01_normmatched_lambda075,0.025252161836082497,0.0006376716773957014,0.008812535254174593,7.766077760607004e-05,0.016439626298517813,0.0002702613128349185,0.0005600108997896314,0.3489814183585055,0.12178803035951422,fc,,0.0,0.3489813983670708,5,0,2,1,171,shrinkage
20260823-193110,full_s43_fixed_epochs5_pat2_dirichlet_a01_normmatched_lambda075,0.1066246446925568,0.01136881485581398,0.10283795346036871,0.010575644671916962,0.0037866928230909738,1.4339042536448687e-05,0.0007931701838970184,0.9644857786573949,0.9302328172323614,layer4_1_conv2,,0.0,0.9644857463062282,5,0,2,2,172,shrinkage
20260823-193110,full_s43_fixed_epochs5_pat2_dirichlet_a01_normmatched_lambda075,0.025105910066515837,0.0006303067202679813,0.008761495996877972,7.676381210330874e-05,0.01634441399410737,0.0002671398688107729,0.0005535429081646726,0.34898141408398187,0.12178802737605562,fc,,0.0,0.3489813983670708,5,0,2,2,172,shrinkage
20260823-193110,full_s43_fixed_epochs5_pat2_dirichlet_a01_normmatched_lambda075,0.1040245223767689,0.010821101255714893,0.10033016647913913,0.010066142305731773,0.0036943513906690377,1.3648232197738253e-05,0.00075495894998312,0.9644857211240144,0.9302327062521102,layer4_1_conv2,,0.0,0.9644857463062282,5,0,2,3,173,shrinkage
20260823-193110,full_s43_fixed_epochs5_pat2_dirichlet_a01_normmatched_lambda075,0.02484795882041266,0.0006174210575409234,0.008671475647739315,7.519448990933597e-05,0.016176482721321953,0.00026167859323322773,0.0005422265676315874,0.3489814077048323,0.12178802292364639,fc,,0.0,0.3489813983670708,5,0,2,3,173,shrinkage
20260823-193110,full_s43_fixed_epochs5_pat2_dirichlet_a01_normmatched_lambda075,0.10081920611348295,0.010164512321352959,0.09723868743893785,0.00945536233484745,0.003580517101058915,1.2820102710975334e-05,0.0007091499865055084,0.9644857481766436,0.9302327584358601,layer4_1_conv2,,0.0,0.9644857463062282,5,0,2,4,174,shrinkage
20260823-193110,full_s43_fixed_epochs5_pat2_dirichlet_a01_normmatched_lambda075,0.02452550843079831,0.0006015005637891591,0.00855894640831907,7.325556362047791e-05,0.01596656202732691,0.0002549311029724777,0.0005282450001686811,0.34898140572576397,0.12178802154233029,fc,,0.0,0.3489813983670708,5,0,2,4,174,shrinkage
20260823-193110,full_s43_fixed_epochs5_pat2_dirichlet_a01_normmatched_lambda075,0.10243293174404917,0.010492505505681038,0.09879510576702283,0.009760472923517227,0.0036378274003952076,1.3233788195066154e-05,0.0007320325821638107,0.9644857770339305,0.9302328141007445,layer4_1_conv2,,0.0,0.9644857463062282,5,0,2,5,175,shrinkage
20260823-193110,full_s43_fixed_epochs5_pat2_dirichlet_a01_normmatched_lambda075,0.024435305889893656,0.0005970841739326715,0.008527467561108905,7.271770300576463e-05,0.015907838295019322,0.0002530593192204833,0.0005243664709269069,0.34898141236839725,0.12178802617864133,fc,,0.0,0.3489813983670708,5,0,2,5,175,shrinkage
20260823-193110,full_s43_fixed_epochs5_pat2_dirichlet_a01_normmatched_lambda075,0.0978707722978522,0.009578688070178032,0.09439496371554747,0.008910409174859524,0.003475805614211114,1.2081224667781498e-05,0.0006682788953185081,0.9644857345998382,0.9302327322465896,layer4_1_conv2,,0.0,0.9644857463062282,5,0,3,1,176,shrinkage
20260823-193110,full_s43_fixed_epochs5_pat2_dirichlet_a01_normmatched_lambda075,0.02390784447625898,0.000571585027500987,0.00834339350364508,6.961221515666693e-05,0.01556445102306289,0.00024225213564932346,0.0005019728123443201,0.3489814195474734,0.12178803118936968,fc,,0.0,0.3489813983670708,5,0,3,1,176,shrinkage
20260823-193110,full_s43_fixed_epochs5_pat2_dirichlet_a01_normmatched_lambda075,0.09361822085417879,0.008764371275901794,0.09029344301555099,0.008152905851602554,0.003324779492901098,1.1054158676415682e-05,0.0006114654242992401,0.9644857827002874,0.9302328250309861,layer4_1_conv2,,0.0,0.9644857463062282,5,0,3,2,177,shrinkage
20260823-193110,full_s43_fixed_epochs5_pat2_dirichlet_a01_normmatched_lambda075,0.02333675901825427,0.0005446043214760721,0.008144095011647241,6.632628355873749e-05,0.015192663918354134,0.0002308170369360596,0.0004782780379173346,0.34898140762720475,0.12178802286946527,fc,,0.0,0.3489813983670708,5,0,3,2,177,shrinkage
20260823-193110,full_s43_fixed_epochs5_pat2_dirichlet_a01_normmatched_lambda075,0.08983466890300076,0.008070267736911774,0.08664425752005865,0.00750722736120224,0.0031904096347158506,1.0178713637287728e-05,0.0005630403757095337,0.9644857445137693,0.9302327513702797,layer4_1_conv2,,0.0,0.9644857463062282,5,0,3,3,178,shrinkage
20260823-193110,full_s43_fixed_epochs5_pat2_dirichlet_a01_normmatched_lambda075,0.022824339515321496,0.0005209504743106663,0.00796527058475898,6.344553548842669e-05,0.014859069487987743,0.00022079194604884833,0.00045750493882223964,0.34898142745432187,0.12178803670805613,fc,,0.0,0.3489813983670708,5,0,3,3,178,shrinkage
20260823-193110,full_s43_fixed_epochs5_pat2_dirichlet_a01_normmatched_lambda075,0.08596206444009652,0.007389476522803307,0.08290918886588604,0.006873933598399162,0.0030528769825124797,9.320057870354503e-06,0.0005155429244041443,0.9644857810931483,0.9302328219308604,layer4_1_conv2,,0.0,0.9644857463062282,5,0,3,4,179,shrinkage
20260823-193110,full_s43_fixed_epochs5_pat2_dirichlet_a01_normmatched_lambda075,0.022272882826276628,0.0004960813093930483,0.007772822224675728,6.0416765336412936e-05,0.014500061226429831,0.0002102517755702138,0.00043566454405663535,0.3489814176863389,0.12178802989036694,fc,,0.0,0.3489813983670708,5,0,3,4,179,shrinkage
20260823-193110,full_s43_fixed_epochs5_pat2_dirichlet_a01_normmatched_lambda075,0.08709030819392832,0.007584721781313419,0.08399736226377387,0.007055556867271662,0.003092945774710776,9.566313565301243e-06,0.0005291649140417576,0.9644857620291429,0.9302327851569364,layer4_1_conv2,,0.0,0.9644857463062282,5,0,3,5,180,shrinkage
20260823-193110,full_s43_fixed_epochs5_pat2_dirichlet_a01_normmatched_lambda075,0.021974739664698668,0.00048288918333128095,0.007668775487643344,5.881011747987941e-05,0.014305964126801808,0.00020466060959734023,0.00042407906585140154,0.3489814034048764,0.12178801992243707,fc,,0.0,0.3489813983670708,5,0,3,5,180,shrinkage
20260823-193110,full_s43_fixed_epochs5_pat2_dirichlet_a01_normmatched_lambda075,0.0898973108358437,0.0080815264955163,0.08681014363429122,0.0075360010378062725,0.00308716690953891,9.530599527352024e-06,0.0005455254577100277,0.9656589593965745,0.9324972258628751,layer4_1_conv2,,0.0,0.9656589725897565,6,0,1,1,181,shrinkage
20260823-193110,full_s43_fixed_epochs5_pat2_dirichlet_a01_normmatched_lambda075,0.022697188431986284,0.000515162362717092,0.007985986500078274,6.377598037943244e-05,0.014711200842105799,0.00021641943021677434,0.0004513863823376596,0.35184915188984056,0.12379782568560008,fc,,0.0,0.3518491605343309,6,0,1,1,181,shrinkage
20260823-193110,full_s43_fixed_epochs5_pat2_dirichlet_a01_normmatched_lambda075,0.09332597725729799,0.008709738031029701,0.09012106411304972,0.00812180619686842,0.0032049107621021384,1.027145299303811e-05,0.0005879318341612816,0.9656589382888284,0.9324971850971074,layer4_1_conv2,,0.0,0.9656589725897565,6,0,1,2,182,shrinkage
20260823-193110,full_s43_fixed_epochs5_pat2_dirichlet_a01_normmatched_lambda075,0.023294406919879697,0.000542629393748939,0.008196118319953379,6.717635551467538e-05,0.01509828938301546,0.00022795834229327738,0.00047545303823426366,0.351849194879425,0.12379785593729961,fc,,0.0,0.3518491605343309,6,0,1,2,182,shrinkage
20260823-193110,full_s43_fixed_epochs5_pat2_dirichlet_a01_normmatched_lambda075,0.09593316088565243,0.009203171357512474,0.09263872103022158,0.008581932634115219,0.003294444425716886,1.0853364074137062e-05,0.0006212387233972549,0.9656590085741295,0.9324973208403706,layer4_1_conv2,,0.0,0.9656589725897565,6,0,1,3,183,shrinkage
20260823-193110,full_s43_fixed_epochs5_pat2_dirichlet_a01_normmatched_lambda075,0.023721014551212616,0.0005626865313388407,0.0083462193784924,6.965937791392207e-05,0.01537479506257054,0.0002363843232160434,0.0004930271534249187,0.3518491740930087,0.12379784130993234,fc,,0.0,0.3518491605343309,6,0,1,3,183,shrinkage
20260823-193110,full_s43_fixed_epochs5_pat2_dirichlet_a01_normmatched_lambda075,0.09725481972941664,0.00945849996060133,0.09391498948685277,0.008820025250315666,0.0033398313151321176,1.115447321353713e-05,0.0006384747102856636,0.9656589745181166,0.9324972550673805,layer4_1_conv2,,0.0,0.9656589725897565,6,0,1,4,184,shrinkage
20260823-193110,full_s43_fixed_epochs5_pat2_dirichlet_a01_normmatched_lambda075,0.02392953848045159,0.0005726228118874133,0.0084195882239033,7.088946586009115e-05,0.015509950651215203,0.0002405585692031309,0.0005017333460273221,0.35184916879117384,0.12379783757903998,fc,,0.0,0.3518491605343309,6,0,1,4,184,shrinkage
20260823-193110,full_s43_fixed_epochs5_pat2_dirichlet_a01_normmatched_lambda075,0.1017351883176254,0.010350048542022705,0.09824149243391417,0.009651390835642815,0.0034936917194560682,1.22058818305959e-05,0.0006986577063798904,0.965658923510284,0.9324971565550405,layer4_1_conv2,,0.0,0.9656589725897565,6,0,1,5,185,shrinkage
20260823-193110,full_s43_fixed_epochs5_pat2_dirichlet_a01_normmatched_lambda075,0.024203505929094205,0.0005858096992596984,0.008515983780277127,7.25219797459431e-05,0.015687522186863454,0.0002460983523633331,0.0005132877195137553,0.35184918272688565,0.12379784738557734,fc,,0.0,0.3518491605343309,6,0,1,5,185,shrinkage
20260823-193110,full_s43_fixed_epochs5_pat2_dirichlet_a01_normmatched_lambda075,0.10132159492198185,0.01026606559753418,0.0978421063907996,0.009573077782988548,0.0034794888137550228,1.2106842405046336e-05,0.0006929878145456314,0.9656589640751166,0.9324972348986275,layer4_1_conv2,,0.0,0.9656589725897565,6,0,2,1,186,shrinkage
20260823-193110,full_s43_fixed_epochs5_pat2_dirichlet_a01_normmatched_lambda075,0.02414630689928333,0.0005830441368743777,0.008495857948697711,7.217960228445008e-05,0.01565044815497308,0.0002449365274515003,0.0005108645345899276,0.35184916617413947,0.12379783573743723,fc,,0.0,0.3518491605343309,6,0,2,1,186,shrinkage
20260823-193110,full_s43_fixed_epochs5_pat2_dirichlet_a01_normmatched_lambda075,0.09946469477130097,0.009893225505948067,0.0960489758022377,0.009225405752658844,0.0034157207293584345,1.1667148100968916e-05,0.0006678197532892227,0.965658981039282,0.9324972676618245,layer4_1_conv2,,0.0,0.9656589725897565,6,0,2,2,187,shrinkage
20260823-193110,full_s43_fixed_epochs5_pat2_dirichlet_a01_normmatched_lambda075,0.02395091512650228,0.0005736463353969157,0.008427109626790325,7.101617666194215e-05,0.015523805417563808,0.00024098853464238346,0.0005026301587349735,0.3518491707845234,0.12379783898175668,fc,,0.0,0.3518491605343309,6,0,2,2,187,shrinkage
20260823-193110,full_s43_fixed_epochs5_pat2_dirichlet_a01_normmatched_lambda075,0.09702919870318369,0.009414665400981903,0.09369711079426739,0.008779148571193218,0.0033320831988686984,1.1102778444183059e-05,0.0006355168297886848,0.9656589155280021,0.9324971411387171,layer4_1_conv2,,0.0,0.9656589725897565,6,0,2,3,188,shrinkage
20260823-193110,full_s43_fixed_epochs5_pat2_dirichlet_a01_normmatched_lambda075,0.023705638691309643,0.0005619573057629168,0.008340809183277441,6.956909783184528e-05,0.01536482967196744,0.00023607799084857106,0.0004923882079310715,0.3518491651665617,0.12379783502840636,fc,,0.0,0.3518491605343309,6,0,2,3,188,shrinkage
20260823-193110,full_s43_fixed_epochs5_pat2_dirichlet_a01_normmatched_lambda075,0.0945394920271272,0.00893771555274725,0.09129290522468338,0.008334394544363022,0.0032465841621355214,1.0540308721829206e-05,0.0006033210083842278,0.9656589354054044,0.9324971795282989,layer4_1_conv2,,0.0,0.9656589725897565,6,0,2,4,189,shrinkage
20260823-193110,full_s43_fixed_epochs5_pat2_dirichlet_a01_normmatched_lambda075,0.023389705463897514,0.0005470783216878772,0.008229648619609382,6.772711640223861e-05,0.01516005712646057,0.0002298273320775479,0.00047935120528563857,0.35184917707972047,0.1237978434116765,fc,,0.0,0.3518491605343309,6,0,2,4,189,shrinkage
20260823-193110,full_s43_fixed_epochs5_pat2_dirichlet_a01_normmatched_lambda075,0.09450131604436286,0.008930498734116554,0.09125603984087217,0.00832766480743885,0.0032452731272436864,1.0531797670410015e-05,0.0006028339266777039,0.9656589311204172,0.9324971712526267,layer4_1_conv2,,0.0,0.9656589725897565,6,0,2,5,190,shrinkage
20260823-193110,full_s43_fixed_epochs5_pat2_dirichlet_a01_normmatched_lambda075,0.023150496026087788,0.0005359454662539065,0.008145482794717865,6.634888995904475e-05,0.015005013623274128,0.00022515043383464217,0.00046959657629486173,0.35184916925922016,0.12379783790840332,fc,,0.0,0.3518491605343309,6,0,2,5,190,shrinkage
20260823-193110,full_s43_fixed_epochs5_pat2_dirichlet_a01_normmatched_lambda075,0.09097138012956557,0.008275792002677917,0.08784732811791157,0.0077171530574560165,0.0031240516183706885,9.75969851424452e-06,0.0005586389452219009,0.9656589577161017,0.9324972226173478,layer4_1_conv2,,0.0,0.9656589725897565,6,0,3,1,191,shrinkage
20260823-193110,full_s43_fixed_epochs5_pat2_dirichlet_a01_normmatched_lambda075,0.02272652822851231,0.0005164950853213668,0.007996309773532518,6.394096999429166e-05,0.014730218250491096,0.000216979329707101,0.0004525541153270751,0.35184915589088905,0.12379782850113115,fc,,0.0,0.3518491605343309,6,0,3,1,191,shrinkage
20260823-193110,full_s43_fixed_epochs5_pat2_dirichlet_a01_normmatched_lambda075,0.08739233758858975,0.007637420669198036,0.08439119357991275,0.007121873553842306,0.003001143524702305,9.006862455862574e-06,0.0005155471153557301,0.9656589571638963,0.9324972215508636,layer4_1_conv2,,0.0,0.9656589725897565,6,0,3,2,192,shrinkage
20260823-193110,full_s43_fixed_epochs5_pat2_dirichlet_a01_normmatched_lambda075,0.022249700473258752,0.0004950491711497307,0.007828539071409136,6.128602399257943e-05,0.014421162692342088,0.00020796993339899927,0.00043376314715715125,0.3518491891977612,0.12379785193912202,fc,,0.0,0.3518491605343309,6,0,3,2,192,shrinkage
20260823-193110,full_s43_fixed_epochs5_pat2_dirichlet_a01_normmatched_lambda075,0.08398565025248532,0.0070535894483327866,0.08110149594616473,0.006577452644705772,0.0028841542716696016,8.318345862790011e-06,0.00047613680362701416,0.9656589631960938,0.9324972332009548,layer4_1_conv2,,0.0,0.9656589725897565,6,0,3,3,193,shrinkage
20260823-193110,full_s43_fixed_epochs5_pat2_dirichlet_a01_normmatched_lambda075,0.021748313430048478,0.00047298913705162704,0.007652125827630107,5.855502968188375e-05,0.014096187517554815,0.00019870250253006816,0.0004144341073697433,0.3518491607288304,0.1237978319055823,fc,,0.0,0.3518491605343309,6,0,3,3,193,shrinkage
20260823-193110,full_s43_fixed_epochs5_pat2_dirichlet_a01_normmatched_lambda075,0.08069348860740354,0.006511439103633165,0.07792238844244744,0.006071898620575666,0.0027710981090290124,7.678984729864169e-06,0.00043954048305749893,0.9656589371363248,0.9324971828712565,layer4_1_conv2,,0.0,0.9656589725897565,6,0,3,4,194,shrinkage
20260823-193110,full_s43_fixed_epochs5_pat2_dirichlet_a01_normmatched_lambda075,0.02126718324253846,0.0004522930830717087,0.007482840575039378,5.599290307145566e-05,0.013784341929417031,0.00019000808242708445,0.000396300180000253,0.35184916073287303,0.12379783190842712,fc,,0.0,0.3518491605343309,6,0,3,4,194,shrinkage
20260823-193110,full_s43_fixed_epochs5_pat2_dirichlet_a01_normmatched_lambda075,0.08047290346851949,0.006475888192653656,0.07770937992205923,0.006038747727870941,0.0027635230689459682,7.637059752596542e-06,0.00043714046478271484,0.9656589556565294,0.9324972186396588,layer4_1_conv2,,0.0,0.9656589725897565,6,0,3,5,195,shrinkage
20260823-193110,full_s43_fixed_epochs5_pat2_dirichlet_a01_normmatched_lambda075,0.020837525337763552,0.00043420246220193803,0.0073316660410865635,5.375332693802193e-05,0.013505860112839111,0.0001824082573875785,0.0003804491352639161,0.35184917221429785,0.12379783998788665,fc,,0.0,0.3518491605343309,6,0,3,5,195,shrinkage
20260823-193110,full_s43_fixed_epochs5_pat2_dirichlet_a01_normmatched_lambda075,0.05073206839929385,0.00257374276407063,0.048160963755451536,0.002319478429853916,0.0025711063992021675,6.610588116018334e-06,0.0002542643342167139,0.949319932638936,0.9012083345055939,layer4_1_conv2,,0.0,0.9493198824150432,1,1,1,1,131,shrinkage
20260823-193110,full_s43_fixed_epochs5_pat2_dirichlet_a01_normmatched_lambda075,0.008777212227214542,7.703945448156446e-05,0.003305146534374436,1.0923993613687344e-05,0.005472065720571302,2.9943503250251524e-05,6.611546086787712e-05,0.37655994281721133,0.14179739053450144,fc,,0.0,0.3765599485428503,1,1,1,1,131,shrinkage
20260823-193110,full_s43_fixed_epochs5_pat2_dirichlet_a01_normmatched_lambda075,0.07030975150988328,0.004943461157381535,0.06674644339923025,0.004455087706446648,0.0035633052751993964,1.2697144484263845e-05,0.0004883734509348869,0.9493198591357254,0.9012081949494735,layer4_1_conv2,,0.0,0.9493198824150432,1,1,1,2,132,shrinkage
20260823-193110,full_s43_fixed_epochs5_pat2_dirichlet_a01_normmatched_lambda075,0.012831121982949915,0.00016463769134134054,0.004831686430994304,2.3345193767454475e-05,0.007999435628531323,6.399097037501633e-05,0.00014129249757388607,0.3765599327490365,0.14179738295195893,fc,,0.0,0.3765599485428503,1,1,1,2,132,shrinkage
20260823-193110,full_s43_fixed_epochs5_pat2_dirichlet_a01_normmatched_lambda075,0.08675557055060583,0.007526529021561146,0.08235879061286594,0.006782970391213894,0.004396781163305802,1.933168459800072e-05,0.0007435586303472519,0.9493199121412592,0.901208295587888,layer4_1_conv2,,0.0,0.9493198824150432,1,1,1,3,133,shrinkage
20260823-193110,full_s43_fixed_epochs5_pat2_dirichlet_a01_normmatched_lambda075,0.01632844079889512,0.00026661797892302275,0.006148637045728298,3.780573752010241e-05,0.01017980466160976,0.0001036284229485318,0.00022881224140292034,0.37655996193735486,0.1417974049342621,fc,,0.0,0.3765599485428503,1,1,1,3,133,shrinkage
20260823-193110,full_s43_fixed_epochs5_pat2_dirichlet_a01_normmatched_lambda075,0.10159563019390522,0.010321672074496746,0.0964467537078154,0.009301976300776005,0.005148876947602771,2.6510933821555227e-05,0.0010196957737207413,0.9493199020837542,0.9012082764923087,layer4_1_conv2,,0.0,0.9493198824150432,1,1,1,4,134,shrinkage
20260823-193110,full_s43_fixed_epochs5_pat2_dirichlet_a01_normmatched_lambda075,0.019278380978187726,0.0003716559731401503,0.00725946611749252,5.2699848311021924e-05,0.012018914921357617,0.00014445431588683277,0.0003189561248291284,0.3765599469014617,0.1417973936104317,fc,,0.0,0.3765599485428503,1,1,1,4,134,shrinkage
20260823-193110,full_s43_fixed_epochs5_pat2_dirichlet_a01_normmatched_lambda075,0.11471351810444977,0.013159191235899925,0.10889982991334456,0.011859172955155373,0.005813692497637065,3.37990204570815e-05,0.0013000182807445526,0.9493199381627221,0.9012083449932744,layer4_1_conv2,,0.0,0.9493198824150432,1,1,1,5,135,shrinkage
20260823-193110,full_s43_fixed_epochs5_pat2_dirichlet_a01_normmatched_lambda075,0.02176202576912338,0.0004735857655759901,0.008194707592182745,6.71532325213775e-05,0.013567318208650888,0.00018407212337478995,0.0004064325330546126,0.3765599617940736,0.1417974048263541,fc,,0.0,0.3765599485428503,1,1,1,5,135,shrinkage
20260823-193110,full_s43_fixed_epochs5_pat2_dirichlet_a01_normmatched_lambda075,0.12525162107499807,0.0156879685819149,0.11890385896657274,0.01413812767714262,0.0063477651421670256,4.029412230011076e-05,0.0015498409047722816,0.9493199205411926,0.9012083115363363,layer4_1_conv2,,0.0,0.9493198824150432,1,1,2,1,136,shrinkage
20260823-193110,full_s43_fixed_epochs5_pat2_dirichlet_a01_normmatched_lambda075,0.02376687549872549,0.0005648643709719181,0.008949653360776256,8.009629527805373e-05,0.014817223091901354,0.00021955010015517473,0.0004847680756938644,0.37655994626875483,0.1417973931339275,fc,,0.0,0.3765599485428503,1,1,2,1,136,shrinkage
20260823-193110,full_s43_fixed_epochs5_pat2_dirichlet_a01_normmatched_lambda075,0.13321515361809247,0.017746277153491974,0.1264637980178546,0.015993092209100723,0.006751357332168016,4.558082582661882e-05,0.0017531849443912506,0.9493199128111732,0.9012082968598136,layer4_1_conv2,,0.0,0.9493198824150432,1,1,2,2,137,shrinkage
20260823-193110,full_s43_fixed_epochs5_pat2_dirichlet_a01_normmatched_lambda075,0.025367969712643906,0.0006435338873416185,0.0095525610397569,9.125142241828144e-05,0.01581540822760506,0.00025012713740579784,0.0005522824649233371,0.37655993553933137,0.1417973850533854,fc,,0.0,0.3765599485428503,1,1,2,2,137,shrinkage
20260823-193110,full_s43_fixed_epochs5_pat2_dirichlet_a01_normmatched_lambda075,0.137136991279082,0.01880655437707901,0.13018687945688212,0.016948623582720757,0.006950116702197071,4.830412217415869e-05,0.0018579307943582535,0.9493199336125439,0.9012083363541247,layer4_1_conv2,,0.0,0.9493198824150432,1,1,2,3,138,shrinkage
20260823-193110,full_s43_fixed_epochs5_pat2_dirichlet_a01_normmatched_lambda075,0.02647892688982778,0.0007011335692368448,0.009970902823663,9.941890311893076e-05,0.016508022971488238,0.0002725148224271834,0.000601714666117914,0.37655992877466077,0.14179737995877756,fc,,0.0,0.3765599485428503,1,1,2,3,138,shrinkage
20260823-193110,full_s43_fixed_epochs5_pat2_dirichlet_a01_normmatched_lambda075,0.13999329514711656,0.01959812268614769,0.13289841509664055,0.017661988735198975,0.007094874161837626,5.033723937231116e-05,0.0019361339509487152,0.9493198581902075,0.9012081931542755,layer4_1_conv2,,0.0,0.9493198824150432,1,1,2,4,139,shrinkage
20260823-193110,full_s43_fixed_epochs5_pat2_dirichlet_a01_normmatched_lambda075,0.027338870498703354,0.0007474138401448727,0.010294723729839557,0.00010598133667372167,0.017044147638116607,0.0002905029687099159,0.000641432503471151,0.37655995079708293,0.14179739654430148,fc,,0.0,0.3765599485428503,1,1,2,4,139,shrinkage
20260823-193110,full_s43_fixed_epochs5_pat2_dirichlet_a01_normmatched_lambda075,0.14064734334403017,0.019781675189733505,0.13351931840844988,0.017827408388257027,0.007128021372295469,5.080868868390098e-05,0.0019542668014764786,0.9493198750427528,0.9012082251511883,layer4_1_conv2,,0.0,0.9493198824150432,1,1,2,5,140,shrinkage
20260823-193110,full_s43_fixed_epochs5_pat2_dirichlet_a01_normmatched_lambda075,0.027893961635388688,0.000778073095716536,0.010503748659412577,0.0001103287359001115,0.017390212013738204,0.0003024194738827646,0.0006677443598164245,0.3765599450056823,0.14179739218268247,fc,,0.0,0.3765599485428503,1,1,2,5,140,shrinkage
20260823-193110,full_s43_fixed_epochs5_pat2_dirichlet_a01_normmatched_lambda075,0.14743314569567553,0.02173653244972229,0.14106906211245224,0.019900480285286903,0.006364087870337212,4.050161442137323e-05,0.0018360521644353867,0.9568341057013072,0.9155315058332202,layer4_1_conv2,,0.0,0.9568340930071614,2,1,1,1,141,shrinkage
20260823-193110,full_s43_fixed_epochs5_pat2_dirichlet_a01_normmatched_lambda075,0.0292342709178081,0.0008546425960958004,0.010399844262721973,0.00010815676068887115,0.01883442715871325,0.0003547356463968754,0.0007464858354069293,0.35574152993112246,0.12655203611773572,fc,,0.0,0.3557415347517921,2,1,1,1,141,shrinkage
20260823-193110,full_s43_fixed_epochs5_pat2_dirichlet_a01_normmatched_lambda075,0.15232024867399888,0.023201458156108856,0.14574519897351493,0.02124166302382946,0.0065750437895325505,4.323120083427057e-05,0.001959795132279396,0.9568340404002615,0.9155313808686896,layer4_1_conv2,,0.0,0.9568340930071614,2,1,1,2,142,shrinkage
20260823-193110,full_s43_fixed_epochs5_pat2_dirichlet_a01_normmatched_lambda075,0.030212779957887168,0.0009128120727837086,0.010747940178516944,0.00011551821808097884,0.019464838846318198,0.000378879951313138,0.0007972938547027297,0.355741517116208,0.12655202700014132,fc,,0.0,0.3557415347517921,2,1,1,2,142,shrinkage
20260823-193110,full_s43_fixed_epochs5_pat2_dirichlet_a01_normmatched_lambda075,0.1564048714819951,0.024462483823299408,0.14965351091157614,0.02239617332816124,0.006751360565276047,4.5580869482364506e-05,0.0020663104951381683,0.9568340774398695,0.9155314517502061,layer4_1_conv2,,0.0,0.9568340930071614,2,1,1,3,143,shrinkage
20260823-193110,full_s43_fixed_epochs5_pat2_dirichlet_a01_normmatched_lambda075,0.0310052811576214,0.0009613274596631527,0.011029865834463198,0.00012165794032625854,0.019975414454885702,0.0003990171826444566,0.0008396695193368942,0.35574151959437883,0.1265520287633178,fc,,0.0,0.3557415347517921,2,1,1,3,143,shrinkage
20260823-193110,full_s43_fixed_epochs5_pat2_dirichlet_a01_normmatched_lambda075,0.15858482890101247,0.0251491479575634,0.1517393704847998,0.02302483655512333,0.006845460425634249,4.6860328438924626e-05,0.002124311402440071,0.956834090223816,0.9155314762144376,layer4_1_conv2,,0.0,0.9568340930071614,2,1,1,4,144,shrinkage
20260823-193110,full_s43_fixed_epochs5_pat2_dirichlet_a01_normmatched_lambda075,0.031523897470193366,0.0009937561117112637,0.011214358758089207,0.0001257618423551321,0.02030953780569366,0.0004124773258809,0.0008679942693561316,0.35574150590651626,0.12655201902463598,fc,,0.0,0.3557415347517921,2,1,1,4,144,shrinkage
20260823-193110,full_s43_fixed_epochs5_pat2_dirichlet_a01_normmatched_lambda075,0.15869613640411293,0.02518446370959282,0.15184586424061253,0.02305716648697853,0.006850264853391326,4.692612856160849e-05,0.0021272972226142883,0.9568340331483781,0.9155313669909915,layer4_1_conv2,,0.0,0.9568340930071614,2,1,1,5,145,shrinkage
20260823-193110,full_s43_fixed_epochs5_pat2_dirichlet_a01_normmatched_lambda075,0.03171354760588214,0.0010057491017505527,0.011281825763657917,0.00012727959256153554,0.02043172153887723,0.00041745524504221976,0.0008784695091890171,0.35574152421741034,0.12655203205252635,fc,,0.0,0.3557415347517921,2,1,1,5,145,shrinkage
20260823-193110,full_s43_fixed_epochs5_pat2_dirichlet_a01_normmatched_lambda075,0.15801770918399663,0.024969596415758133,0.15119672221142214,0.02286044880747795,0.006820980061097382,4.652576899388805e-05,0.002109147608280182,0.9568340345661378,0.9155313697041129,layer4_1_conv2,,0.0,0.9568340930071614,2,1,2,1,146,shrinkage
20260823-193110,full_s43_fixed_epochs5_pat2_dirichlet_a01_normmatched_lambda075,0.031738262910104,0.0010073173325508833,0.01129061785649572,0.00012747805158142,0.020447644172627434,0.0004181061522103846,0.0008798392809694633,0.3557415189506577,0.12655202830532117,fc,,0.0,0.3557415347517921,2,1,2,1,146,shrinkage
20260823-193110,full_s43_fixed_epochs5_pat2_dirichlet_a01_normmatched_lambda075,0.1549903760698714,0.024022016674280167,0.14830006963367462,0.021992910653352737,0.006690302317643308,4.476014510146342e-05,0.002029106020927429,0.956834052501552,0.9155314040265425,layer4_1_conv2,,0.0,0.9568340930071614,2,1,2,2,147,shrinkage
20260823-193110,full_s43_fixed_epochs5_pat2_dirichlet_a01_normmatched_lambda075,0.03151126144855715,0.0009929595980793238,0.011209864867257573,0.00012566107034217566,0.020301397377292578,0.000412146735470742,0.0008672985277371481,0.3557415460995724,0.12655204762131428,fc,,0.0,0.3557415347517921,2,1,2,2,147,shrinkage
20260823-193110,full_s43_fixed_epochs5_pat2_dirichlet_a01_normmatched_lambda075,0.1515864107600056,0.022978439927101135,0.14504304688783332,0.02103748545050621,0.0065433670770506614,4.2815652705030516e-05,0.001940954476594925,0.9568340998420244,0.9155314946204972,layer4_1_conv2,,0.0,0.9568340930071614,2,1,2,3,148,shrinkage
20260823-193110,full_s43_fixed_epochs5_pat2_dirichlet_a01_normmatched_lambda075,0.03117215997164116,0.0009717035572975874,0.011089231125231606,0.00012297104694880545,0.020082927988201184,0.00040332399657927454,0.0008487325103487819,0.3557415057320385,0.12655201890049803,fc,,0.0,0.3557415347517921,2,1,2,3,148,shrinkage
20260823-193110,full_s43_fixed_epochs5_pat2_dirichlet_a01_normmatched_lambda075,0.14614653092891017,0.021358808502554893,0.13983797668814982,0.019554659724235535,0.006308549764202296,3.979780012741685e-05,0.0018041487783193588,0.9568340473040102,0.915531394080173,layer4_1_conv2,,0.0,0.9568340930071614,2,1,2,4,149,shrinkage
20260823-193110,full_s43_fixed_epochs5_pat2_dirichlet_a01_normmatched_lambda075,0.030577500640971804,0.000934983545448631,0.01087768667702877,0.00011832406744360924,0.019699813953818156,0.0003880826698150486,0.0008166594780050218,0.3557415239639763,0.1265520318722123,fc,,0.0,0.3557415347517921,2,1,2,4,149,shrinkage
20260823-193110,full_s43_fixed_epochs5_pat2_dirichlet_a01_normmatched_lambda075,0.14126343971218702,0.019955359399318695,0.13516567120212936,0.01826975867152214,0.0060977664334788025,3.71827554772608e-05,0.0016856007277965546,0.956834064620815,0.91553142721879,layer4_1_conv2,,0.0,0.9568340930071614,2,1,2,5,150,shrinkage
20260823-193110,full_s43_fixed_epochs5_pat2_dirichlet_a01_normmatched_lambda075,0.03001434353167323,0.0009008608176372945,0.010677348549507791,0.00011400577204767615,0.019336995062179917,0.0003739193780347705,0.0007868550455896184,0.35574153198587566,0.1265520375796578,fc,,0.0,0.3557415347517921,2,1,2,5,150,shrinkage
20260823-193110,full_s43_fixed_epochs5_pat2_dirichlet_a01_normmatched_lambda075,0.1366278891410632,0.018667180091142654,0.1307302236197654,0.017090391367673874,0.005897668784856898,3.478249709587544e-05,0.0015767887234687805,0.9568341020389427,0.91553149882467,layer4_1_conv2,,0.0,0.9568340930071614,2,1,3,1,151,shrinkage
20260823-193110,full_s43_fixed_epochs5_pat2_dirichlet_a01_normmatched_lambda075,0.029380813198437494,0.000863232184201479,0.010451975351885889,0.00010924378875643015,0.01892883687995185,0.00035830086562782526,0.0007539883954450488,0.3557415270058535,0.12655203403645637,fc,,0.0,0.3557415347517921,2,1,3,1,151,shrinkage
20260823-193110,full_s43_fixed_epochs5_pat2_dirichlet_a01_normmatched_lambda075,0.13135589517045504,0.01725437119603157,0.12568580726268982,0.015796922147274017,0.005670098377744164,3.2150015613297e-05,0.001457449048757553,0.956834157306702,0.9155316045888268,layer4_1_conv2,,0.0,0.9568340930071614,2,1,3,2,152,shrinkage
20260823-193110,full_s43_fixed_epochs5_pat2_dirichlet_a01_normmatched_lambda075,0.02857874956766378,0.0008167449268512428,0.010166648080461346,0.00010336073319194838,0.018412101772918216,0.0003390054916962981,0.0007133841936592944,0.3557415294322283,0.12655203576278096,fc,,0.0,0.3557415347517921,2,1,3,2,152,shrinkage
20260823-193110,full_s43_fixed_epochs5_pat2_dirichlet_a01_normmatched_lambda075,0.1264070135619274,0.015978733077645302,0.12095053725732396,0.014629032462835312,0.005456475416401103,2.9773123969789594e-05,0.00134970061480999,0.9568340699550639,0.915531437426772,layer4_1_conv2,,0.0,0.9568340930071614,2,1,3,3,153,shrinkage
20260823-193110,full_s43_fixed_epochs5_pat2_dirichlet_a01_normmatched_lambda075,0.027853723070359066,0.0007758298888802528,0.009908725896275365,9.818284888751805e-05,0.01794499603666286,0.0003220228827558458,0.0006776470399927348,0.3557415240772562,0.12655203195280904,fc,,0.0,0.3557415347517921,2,1,3,3,153,shrinkage
20260823-193110,full_s43_fixed_epochs5_pat2_dirichlet_a01_normmatched_lambda075,0.12181592756785573,0.014839120209217072,0.11655763392863598,0.013585682027041912,0.005258296936441823,2.764968667179346e-05,0.0012534381821751595,0.9568341041750005,0.9155315029123757,layer4_1_conv2,,0.0,0.9568340930071614,2,1,3,4,154,shrinkage
20260823-193110,full_s43_fixed_epochs5_pat2_dirichlet_a01_normmatched_lambda075,0.027091304262501004,0.000733938766643405,0.009637502539692892,9.288145520258695e-05,0.017453802903863877,0.0003046352358069271,0.000641057311440818,0.3557415488863282,0.12655204960404384,fc,,0.0,0.3557415347517921,2,1,3,4,154,shrinkage
20260823-193110,full_s43_fixed_epochs5_pat2_dirichlet_a01_normmatched_lambda075,0.11680222597909841,0.013642759993672371,0.1117603461316037,0.012490374967455864,0.005041875793766562,2.5420511519769207e-05,0.001152385026216507,0.9568340431423203,0.9155313861160796,layer4_1_conv2,,0.0,0.9568340930071614,2,1,3,5,155,shrinkage
20260823-193110,full_s43_fixed_epochs5_pat2_dirichlet_a01_normmatched_lambda075,0.02634785636708505,0.0006942095351405442,0.00937302712702514,8.785363752394915e-05,0.01697483018916506,0.0002881448599509895,0.000606355897616595,0.35574154483149356,0.12655204671909756,fc,,0.0,0.3557415347517921,2,1,3,5,155,shrinkage
20260823-193110,full_s43_fixed_epochs5_pat2_dirichlet_a01_normmatched_lambda075,0.12336416435124918,0.01521871704608202,0.1188114927779442,0.014116170816123486,0.004552672582412176,2.072682764264755e-05,0.0011025462299585342,0.9630956720920805,0.927553273602496,layer4_1_conv2,,0.0,0.9630956733286804,3,1,1,1,156,shrinkage
20260823-193110,full_s43_fixed_epochs5_pat2_dirichlet_a01_normmatched_lambda075,0.027416683324363228,0.0007516745245084167,0.010077369599485155,0.00010155337804462761,0.017339314393485815,0.0003006518236361444,0.000650121146463789,0.3675634094854254,0.13510285999255053,fc,,0.0,0.36756341042135254,3,1,1,1,156,shrinkage
20260823-193110,full_s43_fixed_epochs5_pat2_dirichlet_a01_normmatched_lambda075,0.12895045822863832,0.016628220677375793,0.12419162070124123,0.01542355865240097,0.004758830634289186,2.2646469005849212e-05,0.001204662024974823,0.9630956136739016,0.9275531610779092,layer4_1_conv2,,0.0,0.9630956733286804,3,1,1,2,157,shrinkage
20260823-193110,full_s43_fixed_epochs5_pat2_dirichlet_a01_normmatched_lambda075,0.02832258149627172,0.0008021686226129532,0.010410344482673967,0.0001083752722479403,0.017912237497270184,0.000320848252158612,0.0006937933503650129,0.3675634046297773,0.13510285642303344,fc,,0.0,0.36756341042135254,3,1,1,2,157,shrinkage
20260823-193110,full_s43_fixed_epochs5_pat2_dirichlet_a01_normmatched_lambda075,0.1337619600897914,0.01789226196706295,0.1288255597929671,0.016596024855971336,0.0049363962433226025,2.4368007871089503e-05,0.0012962371110916138,0.9630956342632043,0.9275532007368438,layer4_1_conv2,,0.0,0.9630956733286804,3,1,1,3,158,shrinkage
20260823-193110,full_s43_fixed_epochs5_pat2_dirichlet_a01_normmatched_lambda075,0.028968215265143083,0.0008391574956476688,0.010647655141317687,0.00011337256000842899,0.01832055930731887,0.000335642893332988,0.0007257849356392398,0.3675633808938797,0.13510283897413927,fc,,0.0,0.36756341042135254,3,1,1,3,158,shrinkage
20260823-193110,full_s43_fixed_epochs5_pat2_dirichlet_a01_normmatched_lambda075,0.13665595656197058,0.018674850463867188,0.13161275834706634,0.017321918159723282,0.005043197144286507,2.5433837436139584e-05,0.0013529323041439056,0.9630956575784734,0.9275532456465121,layer4_1_conv2,,0.0,0.9630956733286804,3,1,1,4,159,shrinkage
20260823-193110,full_s43_fixed_epochs5_pat2_dirichlet_a01_normmatched_lambda075,0.029323819803227767,0.0008598864078521729,0.010778362825492499,0.00011617310519795865,0.018545457464120486,0.0003439339925535023,0.0007437133026542142,0.367563397191047,0.13510285095462343,fc,,0.0,0.36756341042135254,3,1,1,4,159,shrinkage
20260823-193110,full_s43_fixed_epochs5_pat2_dirichlet_a01_normmatched_lambda075,0.13821699190412381,0.019103936851024628,0.13311618557480231,0.017719918861985207,0.005100806048344454,2.6018222342827357e-05,0.001384017989039421,0.963095663861215,0.9275532577482746,layer4_1_conv2,,0.0,0.9630956733286804,3,1,1,5,160,shrinkage
20260823-193110,full_s43_fixed_epochs5_pat2_dirichlet_a01_normmatched_lambda075,0.029378721034477143,0.0008631092496216297,0.010798542172603978,0.00011660851305350661,0.01858017764189651,0.00034522300120443106,0.0007465007365681231,0.36756338575567815,0.13510284254817742,fc,,0.0,0.36756341042135254,3,1,1,5,160,shrinkage
20260823-193110,full_s43_fixed_epochs5_pat2_dirichlet_a01_normmatched_lambda075,0.1385155185843208,0.01918654888868332,0.13340369642847014,0.01779654622077942,0.00511182297359702,2.6130734113394283e-05,0.0013900026679039001,0.9630956718200578,0.9275532730785286,layer4_1_conv2,,0.0,0.9630956733286804,3,1,2,1,161,shrinkage
20260823-193110,full_s43_fixed_epochs5_pat2_dirichlet_a01_normmatched_lambda075,0.02937940258909868,0.0008631492964923382,0.01079879315673419,0.00011661393364192918,0.01858060996089319,0.0003452390665188432,0.000746535362850409,0.36756340173986785,0.13510285429858346,fc,,0.0,0.36756341042135254,3,1,2,1,161,shrinkage
20260823-193110,full_s43_fixed_epochs5_pat2_dirichlet_a01_normmatched_lambda075,0.13813141825164177,0.01908028870820999,0.13303377847506628,0.017697986215353012,0.005097648196515485,2.5986017135437578e-05,0.0013823024928569794,0.9630957254975199,0.9275533764715943,layer4_1_conv2,,0.0,0.9630956733286804,3,1,2,2,162,shrinkage
20260823-193110,full_s43_fixed_epochs5_pat2_dirichlet_a01_normmatched_lambda075,0.029197280199071637,0.0008524811710231006,0.010731851281217885,0.00011517263192217797,0.01846542895857256,0.0003409720666240901,0.0007373085391009226,0.3675633897420047,0.13510284547863288,fc,,0.0,0.36756341042135254,3,1,2,2,162,shrinkage
20260823-193110,full_s43_fixed_epochs5_pat2_dirichlet_a01_normmatched_lambda075,0.13627931956363107,0.01857205294072628,0.13125002611250844,0.01722656935453415,0.00502929787323303,2.5293837097706273e-05,0.001345483586192131,0.9630956959043637,0.9275533194695107,layer4_1_conv2,,0.0,0.9630956733286804,3,1,2,3,163,shrinkage
20260823-193110,full_s43_fixed_epochs5_pat2_dirichlet_a01_normmatched_lambda075,0.028865583067752845,0.0008332218858413398,0.010609931898551328,0.00011257065489189699,0.018255651359815703,0.0003332688065711409,0.0007206512309494428,0.3675634014960953,0.13510285411937972,fc,,0.0,0.36756341042135254,3,1,2,3,163,shrinkage
20260823-193110,full_s43_fixed_epochs5_pat2_dirichlet_a01_normmatched_lambda075,0.1333339635888741,0.0177779458463192,0.12841335621951894,0.016489990055561066,0.00492060109245525,2.4212315111071803e-05,0.001287955790758133,0.9630956191737651,0.9275531716716982,layer4_1_conv2,,0.0,0.9630956733286804,3,1,2,4,164,shrinkage
20260823-193110,full_s43_fixed_epochs5_pat2_dirichlet_a01_normmatched_lambda075,0.028387622754815482,0.0008058571256697178,0.010434250717374033,0.0001088735880330205,0.01795337167298372,0.0003223235544282943,0.0006969835376366973,0.3675633851941349,0.13510284213537196,fc,,0.0,0.36756341042135254,3,1,2,4,164,shrinkage
20260823-193110,full_s43_fixed_epochs5_pat2_dirichlet_a01_normmatched_lambda075,0.12920348260580683,0.016693539917469025,0.1244353190877104,0.015484148636460304,0.004768168826560909,2.2735433958587237e-05,0.0012093912810087204,0.9630957043732029,0.9275533357821161,layer4_1_conv2,,0.0,0.9630956733286804,3,1,2,5,165,shrinkage
20260823-193110,full_s43_fixed_epochs5_pat2_dirichlet_a01_normmatched_lambda075,0.027735201855207732,0.0007692414219491184,0.010194444963159244,0.00010392670810688287,0.017540757044566247,0.0003076781576965004,0.0006653147138422355,0.36756339529741233,0.1351028495625618,fc,,0.0,0.36756341042135254,3,1,2,5,165,shrinkage
20260823-193110,full_s43_fixed_epochs5_pat2_dirichlet_a01_normmatched_lambda075,0.12524910781260865,0.01568733900785446,0.12062687239898452,0.014550842344760895,0.004622235006430297,2.1365056454669684e-05,0.001136496663093567,0.9630956619624016,0.9275532540907966,layer4_1_conv2,,0.0,0.9630956733286804,3,1,3,1,166,shrinkage
20260823-193110,full_s43_fixed_epochs5_pat2_dirichlet_a01_normmatched_lambda075,0.027130434830488097,0.0007360604940913618,0.009972154213285483,9.94438596535474e-05,0.017158280163745612,0.0002944065781775862,0.0006366166344378144,0.3675633758025572,0.13510283523137187,fc,,0.0,0.36756341042135254,3,1,3,1,166,shrinkage
20260823-193110,full_s43_fixed_epochs5_pat2_dirichlet_a01_normmatched_lambda075,0.12091139167812837,0.014619564637541771,0.1164492399723627,0.013560425490140915,0.004462154381042778,1.9910821720259264e-05,0.001059139147400856,0.9630956881412455,0.9275533045162591,layer4_1_conv2,,0.0,0.9630956733286804,3,1,3,2,167,shrinkage
20260823-193110,full_s43_fixed_epochs5_pat2_dirichlet_a01_normmatched_lambda075,0.026451725893486613,0.0006996938027441502,0.009722686036040543,9.453062375541776e-05,0.016729039863471403,0.00027986077475361526,0.0006051631789887324,0.3675633898215551,0.13510284553711246,fc,,0.0,0.36756341042135254,3,1,3,2,167,shrinkage
20260823-193110,full_s43_fixed_epochs5_pat2_dirichlet_a01_normmatched_lambda075,0.11693844954152548,0.0136746009811759,0.11262291313168606,0.012683920562267303,0.004315535716278234,1.8623848518473096e-05,0.000990680418908596,0.9630956590688595,0.9275532485172809,layer4_1_conv2,,0.0,0.9630956733286804,3,1,3,3,168,shrinkage
20260823-193110,full_s43_fixed_epochs5_pat2_dirichlet_a01_normmatched_lambda075,0.02580175279914903,0.0006657304475083947,0.009483780087168759,8.994208474177867e-05,0.0163179729668179,0.0002662762417457998,0.000575788362766616,0.36756340396694076,0.1351028559357645,fc,,0.0,0.36756341042135254,3,1,3,3,168,shrinkage
20260823-193110,full_s43_fixed_epochs5_pat2_dirichlet_a01_normmatched_lambda075,0.11263632114631933,0.012686940841376781,0.10847955538199763,0.011767813935875893,0.004156768680529911,1.7278725863434374e-05,0.0009191269055008888,0.9630956895429683,0.9275533072162457,layer4_1_conv2,,0.0,0.9630956733286804,3,1,3,4,169,shrinkage
20260823-193110,full_s43_fixed_epochs5_pat2_dirichlet_a01_normmatched_lambda075,0.025119926029331153,0.0006310106837190688,0.009233165634141454,8.525134762749076e-05,0.0158867609795196,0.00025238917442038655,0.000545759336091578,0.36756340856101233,0.13510285931298965,fc,,0.0,0.36756341042135254,3,1,3,4,169,shrinkage
20260823-193110,full_s43_fixed_epochs5_pat2_dirichlet_a01_normmatched_lambda075,0.10815214839549375,0.011696887202560902,0.10416087094713926,0.010849487036466599,0.003991283222272643,1.5930341760395095e-05,0.0008474001660943031,0.9630957173984276,0.9275533608711919,layer4_1_conv2,,0.0,0.9630956733286804,3,1,3,5,170,shrinkage
20260823-193110,full_s43_fixed_epochs5_pat2_dirichlet_a01_normmatched_lambda075,0.024398536513668457,0.0005952885840088129,0.008968009276873417,8.042519039008766e-05,0.01543052729904592,0.00023810117272660136,0.0005148633936187252,0.3675634098729402,0.13510286027742305,fc,,0.0,0.36756341042135254,3,1,3,5,170,shrinkage
20260823-193110,full_s43_fixed_epochs5_pat2_dirichlet_a01_normmatched_lambda075,0.11522833759850114,0.01327756978571415,0.11143353975985856,0.01241743378341198,0.0037947937762366894,1.4400459804164711e-05,0.0008601360023021698,0.9670671475634312,0.9352188678964712,layer4_1_conv2,,0.0,0.9670671982868453,4,1,1,1,171,shrinkage
20260823-193110,full_s43_fixed_epochs5_pat2_dirichlet_a01_normmatched_lambda075,0.025359664435712213,0.0006431125802919269,0.009836367586588138,9.675412729848176e-05,0.015523298279364033,0.00024097278947010636,0.0005463584529934451,0.3878745166965333,0.1504466407025693,fc,,0.0,0.38787448321553575,4,1,1,1,171,shrinkage
20260823-193110,full_s43_fixed_epochs5_pat2_dirichlet_a01_normmatched_lambda075,0.12045228550611357,0.014508753083646297,0.1164854557875007,0.013568861410021782,0.003966833052183794,1.5735764463897794e-05,0.0009398916736245155,0.9670672108715486,0.9352189903428761,layer4_1_conv2,,0.0,0.9670671982868453,4,1,1,2,172,shrinkage
20260823-193110,full_s43_fixed_epochs5_pat2_dirichlet_a01_normmatched_lambda075,0.026061370716654524,0.000679195043630898,0.010108540724711188,0.00010218259558314458,0.0159528304474723,0.00025449279928579926,0.0005770124480477534,0.3878744842170302,0.15044661550662716,fc,,0.0,0.38787448321553575,4,1,1,2,172,shrinkage
20260823-193110,full_s43_fixed_epochs5_pat2_dirichlet_a01_normmatched_lambda075,0.12601343251146194,0.01587938517332077,0.1218634607586604,0.014850703068077564,0.004149977754645392,1.722231536405161e-05,0.001028682105243206,0.9670672271194258,0.9352190217684553,layer4_1_conv2,,0.0,0.9670671982868453,4,1,1,3,173,shrinkage
20260823-193110,full_s43_fixed_epochs5_pat2_dirichlet_a01_normmatched_lambda075,0.02664432099019883,0.0007099198410287499,0.010334652415986991,0.00010680504055926576,0.016309668454148527,0.0002660052850842476,0.0006031148004694842,0.387874490019416,0.15044662000782202,fc,,0.0,0.38787448321553575,4,1,1,3,173,shrinkage
20260823-193110,full_s43_fixed_epochs5_pat2_dirichlet_a01_normmatched_lambda075,0.12900960997707997,0.016643479466438293,0.1247609579757694,0.0155652966350317,0.004248649798281127,1.805102510843426e-05,0.0010781828314065933,0.9670671665307307,0.9352189045817758,layer4_1_conv2,,0.0,0.9670671982868453,4,1,1,4,174,shrinkage
20260823-193110,full_s43_fixed_epochs5_pat2_dirichlet_a01_normmatched_lambda075,0.02691851498103992,0.0007246064487844706,0.010441004814655921,0.00010901458153966814,0.01647750966191488,0.00027150832465849817,0.0006155918672448024,0.3878744730907352,0.1504466068754155,fc,,0.0,0.38787448321553575,4,1,1,4,174,shrinkage
20260823-193110,full_s43_fixed_epochs5_pat2_dirichlet_a01_normmatched_lambda075,0.13005696717445422,0.016914814710617065,0.12577382859554817,0.01581905595958233,0.004283142573985476,1.8345310309086926e-05,0.0010957587510347366,0.9670672116076582,0.9352189917666108,layer4_1_conv2,,0.0,0.9670671982868453,4,1,1,5,175,shrinkage
20260823-193110,full_s43_fixed_epochs5_pat2_dirichlet_a01_normmatched_lambda075,0.02700019980768937,0.000729010789655149,0.01047268843227907,0.00010967720299959183,0.016527511254291034,0.0002731586282607168,0.0006193335866555572,0.38787447896206156,0.15044661143009075,fc,,0.0,0.38787448321553575,4,1,1,5,175,shrinkage
20260823-193110,full_s43_fixed_epochs5_pat2_dirichlet_a01_normmatched_lambda075,0.13004519415184757,0.01691175252199173,0.12576243958886457,0.01581619121134281,0.004282754606027136,1.8341987015446648e-05,0.0010955613106489182,0.9670671831364854,0.9352189366995366,layer4_1_conv2,,0.0,0.9670671982868453,4,1,2,1,176,shrinkage
20260823-193110,full_s43_fixed_epochs5_pat2_dirichlet_a01_normmatched_lambda075,0.02686660600687694,0.0007218145183287561,0.010420870778517452,0.00010859454778255895,0.016445734628551284,0.0002704621874727309,0.0006132199705461971,0.38787447792438173,0.15044661062511175,fc,,0.0,0.38787448321553575,4,1,2,1,176,shrinkage
20260823-193110,full_s43_fixed_epochs5_pat2_dirichlet_a01_normmatched_lambda075,0.12900291055530416,0.016641750931739807,0.12475448577781609,0.015563681721687317,0.0042484293037955345,1.8049151549348608e-05,0.0010780692100524902,0.9670672176371807,0.9352190034285183,layer4_1_conv2,,0.0,0.9670671982868453,4,1,2,2,177,shrinkage
20260823-193110,full_s43_fixed_epochs5_pat2_dirichlet_a01_normmatched_lambda075,0.02669442506150432,0.00071259232936427,0.010354086631713371,0.00010720710997702554,0.016340339338049344,0.0002670066896826029,0.0006053852193872444,0.3878744946878389,0.15044662362934635,fc,,0.0,0.38787448321553575,4,1,2,2,177,shrinkage
20260823-193110,full_s43_fixed_epochs5_pat2_dirichlet_a01_normmatched_lambda075,0.12685183372311154,0.01609138771891594,0.12267424913022651,0.015048971399664879,0.004177588385612783,1.7452244719606824e-05,0.0010424163192510605,0.967067211641546,0.9352189918321546,layer4_1_conv2,,0.0,0.9670671982868453,4,1,2,3,178,shrinkage
20260823-193110,full_s43_fixed_epochs5_pat2_dirichlet_a01_normmatched_lambda075,0.026360078135769505,0.0006948537193238735,0.01022440207853287,0.00010453839786350727,0.01613567703253309,0.00026036007329821587,0.0005903153214603662,0.3878744981661792,0.15044662632766537,fc,,0.0,0.38787448321553575,4,1,2,3,178,shrinkage
20260823-193110,full_s43_fixed_epochs5_pat2_dirichlet_a01_normmatched_lambda075,0.12394415957362179,0.015362154692411423,0.11986233261302384,0.014366978779435158,0.004081830353162423,1.6661339031998068e-05,0.000995175912976265,0.9670672101481848,0.9352189889437931,layer4_1_conv2,,0.0,0.9670671982868453,4,1,2,4,179,shrinkage
20260823-193110,full_s43_fixed_epochs5_pat2_dirichlet_a01_normmatched_lambda075,0.025830463062223218,0.000667212822008878,0.010018977572617483,0.0001003799116006121,0.015811485312157134,0.0002500030677765608,0.0005668329104082659,0.38787448558249554,0.15044661656588554,fc,,0.0,0.38787448321553575,4,1,2,4,179,shrinkage
20260823-193110,full_s43_fixed_epochs5_pat2_dirichlet_a01_normmatched_lambda075,0.11936148121939633,0.014247163198888302,0.11543056791069833,0.01332421600818634,0.003930909951734832,1.545205304864794e-05,0.0009229471907019615,0.9670671537539598,0.935218879869785,layer4_1_conv2,,0.0,0.9670671982868453,4,1,2,5,180,shrinkage
20260823-193110,full_s43_fixed_epochs5_pat2_dirichlet_a01_normmatched_lambda075,0.02514155117273606,0.0006320975953713059,0.009751766026744085,9.509694064036012e-05,0.015389784236879837,0.00023684545885771513,0.0005370006547309458,0.3878744775827146,0.15044661036006376,fc,,0.0,0.38787448321553575,4,1,2,5,180,shrinkage
20260823-193110,full_s43_fixed_epochs5_pat2_dirichlet_a01_normmatched_lambda075,0.11538215633249407,0.013313041999936104,0.11158229857896337,0.012450609356164932,0.0037998596354390656,1.443893324903911e-05,0.0008624326437711716,0.967067197612595,0.9352189646982778,layer4_1_conv2,,0.0,0.9670671982868453,4,1,3,1,181,shrinkage
20260823-193110,full_s43_fixed_epochs5_pat2_dirichlet_a01_normmatched_lambda075,0.024535311974606865,0.000601981533691287,0.009516622298410372,9.05660999706015e-05,0.01501869131723489,0.00022556108888238668,0.0005114154337206855,0.3878745176853558,0.15044664146964734,fc,,0.0,0.38787448321553575,4,1,3,1,181,shrinkage
20260823-193110,full_s43_fixed_epochs5_pat2_dirichlet_a01_normmatched_lambda075,0.11162491605793957,0.012460121884942055,0.10794879256182116,0.011652941815555096,0.0036761229333909596,1.3513879821402952e-05,0.0008071800693869591,0.9670671779568434,0.9352189266814133,layer4_1_conv2,,0.0,0.9670671982868453,4,1,3,2,182,shrinkage
20260823-193110,full_s43_fixed_epochs5_pat2_dirichlet_a01_normmatched_lambda075,0.023909833517172796,0.0005716801388189197,0.00927401391930806,8.600733417551965e-05,0.014635819225721953,0.00021420720440801233,0.0004856728046434,0.3878744664887428,0.15044660175392688,fc,,0.0,0.38787448321553575,4,1,3,2,182,shrinkage
20260823-193110,full_s43_fixed_epochs5_pat2_dirichlet_a01_normmatched_lambda075,0.10681280516809091,0.011408975347876549,0.10329515893716983,0.010669889859855175,0.003517646687371019,1.2373838217172306e-05,0.0007390854880213737,0.9670671861357317,0.935218942500482,layer4_1_conv2,,0.0,0.9670671982868453,4,1,3,3,183,shrinkage
20260823-193110,full_s43_fixed_epochs5_pat2_dirichlet_a01_normmatched_lambda075,0.023192494777826964,0.000537891814019531,0.008995776839177683,8.092400094028562e-05,0.01419671760572754,0.0002015467907767743,0.0004569678130792454,0.3878744794535014,0.15044661181132465,fc,,0.0,0.38787448321553575,4,1,3,3,183,shrinkage
20260823-193110,full_s43_fixed_epochs5_pat2_dirichlet_a01_normmatched_lambda075,0.10220952441183338,0.010446786880493164,0.09884347231063405,0.00977003201842308,0.003366047505741078,1.1330275810905732e-05,0.0006767548620700836,0.9670671386001516,0.9352188505602849,layer4_1_conv2,,0.0,0.9670671982868453,4,1,3,4,184,shrinkage
20260823-193110,full_s43_fixed_epochs5_pat2_dirichlet_a01_normmatched_lambda075,0.022452163537497273,0.0005040996475145221,0.008708621339135286,7.584008562844247e-05,0.013743542687740999,0.0001888849656097591,0.0004282595618860796,0.38787448365904914,0.15044661507377402,fc,,0.0,0.38787448321553575,4,1,3,4,184,shrinkage
20260823-193110,full_s43_fixed_epochs5_pat2_dirichlet_a01_normmatched_lambda075,0.09816770612100104,0.009636898525059223,0.09493476560370338,0.009012609720230103,0.0032329391940423436,1.0451895832375158e-05,0.0006242888048291206,0.9670671685725981,0.935218908531022,layer4_1_conv2,,0.0,0.9670671982868453,4,1,3,5,185,shrinkage
20260823-193110,full_s43_fixed_epochs5_pat2_dirichlet_a01_normmatched_lambda075,0.021749044750018705,0.00047302094753831625,0.008435900055501837,7.116440974641591e-05,0.013313145349766305,0.0001772398391040042,0.00040185653779190034,0.3878745090859488,0.1504466347986658,fc,,0.0,0.38787448321553575,4,1,3,5,185,shrinkage
20260823-193110,full_s43_fixed_epochs5_pat2_dirichlet_a01_normmatched_lambda075,0.1043192823321031,0.010882512666285038,0.1010220434446515,0.010205453261733055,0.0032972414759509807,1.0871801350731403e-05,0.0006770594045519829,0.968392814695995,0.9377846435548317,layer4_1_conv2,,0.0,0.968392818752583,5,1,1,1,186,shrinkage
20260823-193110,full_s43_fixed_epochs5_pat2_dirichlet_a01_normmatched_lambda075,0.02272746817717445,0.0005165378097444773,0.009220216408931286,8.501239062752575e-05,0.013507252109016422,0.0001824458595365286,0.0004315254191169515,0.4056860331759828,0.1645811575140646,fc,,0.0,0.40568602728490616,5,1,1,1,186,shrinkage
20260823-193110,full_s43_fixed_epochs5_pat2_dirichlet_a01_normmatched_lambda075,0.11062207444412045,0.012237243354320526,0.10712561937017338,0.011475898325443268,0.0034964551460825084,1.2225198588566855e-05,0.0007613450288772583,0.9683927905753271,0.9377845968382695,layer4_1_conv2,,0.0,0.968392818752583,5,1,1,2,187,shrinkage
20260823-193110,full_s43_fixed_epochs5_pat2_dirichlet_a01_normmatched_lambda075,0.023492331738753872,0.0005518896505236626,0.009530510200698741,9.083062468562275e-05,0.01396182117563335,0.0001949324505403638,0.0004610590258380398,0.40568600455172515,0.16458113428914237,fc,,0.0,0.40568602728490616,5,1,1,2,187,shrinkage
20260823-193110,full_s43_fixed_epochs5_pat2_dirichlet_a01_normmatched_lambda075,0.11523920792612151,0.013280075043439865,0.11159681638560313,0.01245384942740202,0.0036423899791983155,1.3267004760564305e-05,0.0008262256160378456,0.9683927752883075,0.9377845672305906,layer4_1_conv2,,0.0,0.968392818752583,5,1,1,3,188,shrinkage
20260823-193110,full_s43_fixed_epochs5_pat2_dirichlet_a01_normmatched_lambda075,0.02397678009974212,0.0005748859839513898,0.009727044189352848,9.4615388661623e-05,0.01424973512985565,0.00020305495127104223,0.0004802705952897668,0.4056860074158776,0.16458113661303547,fc,,0.0,0.40568602728490616,5,1,1,3,188,shrinkage
20260823-193110,full_s43_fixed_epochs5_pat2_dirichlet_a01_normmatched_lambda075,0.11851701750719922,0.014046283438801765,0.11477102455228945,0.013172388076782227,0.003745992411689945,1.4032459148438647e-05,0.0008738953620195389,0.9683927841444187,0.9377845843829784,layer4_1_conv2,,0.0,0.968392818752583,5,1,1,4,189,shrinkage
20260823-193110,full_s43_fixed_epochs5_pat2_dirichlet_a01_normmatched_lambda075,0.024272604254892485,0.0005891593173146248,0.009847056356538916,9.696451888885349e-05,0.014425547934067513,0.00020809643319807947,0.0004921947984257713,0.4056860258228823,0.16458115154796438,fc,,0.0,0.40568602728490616,5,1,1,4,189,shrinkage
20260823-193110,full_s43_fixed_epochs5_pat2_dirichlet_a01_normmatched_lambda075,0.11972798117937479,0.014334789477288723,0.1159437136514465,0.01344294473528862,0.003784267531229074,1.4320680747914594e-05,0.000891844742000103,0.9683927892991133,0.937784594366517,layer4_1_conv2,,0.0,0.968392818752583,5,1,1,5,190,shrinkage
20260823-193110,full_s43_fixed_epochs5_pat2_dirichlet_a01_normmatched_lambda075,0.024434978347154728,0.0005970681668259203,0.009912929594933865,9.826617315411568e-05,0.014522049967571334,0.0002108899352606386,0.0004988019936718047,0.4056860396640438,0.16458116277829615,fc,,0.0,0.40568602728490616,5,1,1,5,190,shrinkage
20260823-193110,full_s43_fixed_epochs5_pat2_dirichlet_a01_normmatched_lambda075,0.11975180871579098,0.014340495690703392,0.11596678884405812,0.01344829611480236,0.003785020548320789,1.4326380551210605e-05,0.0008921995759010315,0.9683927957972149,0.9377846069519463,layer4_1_conv2,,0.0,0.968392818752583,5,1,2,1,191,shrinkage
20260823-193110,full_s43_fixed_epochs5_pat2_dirichlet_a01_normmatched_lambda075,0.024335601614506278,0.0005922215059399605,0.009872613769661767,9.746850264491513e-05,0.014462988901094183,0.00020917804795317352,0.0004947530032950453,0.4056860366984629,0.16458116037210663,fc,,0.0,0.40568602728490616,5,1,2,1,191,shrinkage
20260823-193110,full_s43_fixed_epochs5_pat2_dirichlet_a01_normmatched_lambda075,0.11872727967296867,0.01409616693854332,0.11497464246391532,0.013219168409705162,0.003752638272086399,1.4082294001127593e-05,0.0008769985288381577,0.9683927971786274,0.9377846096274464,layer4_1_conv2,,0.0,0.968392818752583,5,1,2,2,192,shrinkage
20260823-193110,full_s43_fixed_epochs5_pat2_dirichlet_a01_normmatched_lambda075,0.02411304148352887,0.0005814387695863843,0.009782323865167608,9.569386020302773e-05,0.014330717445122713,0.00020536946249194443,0.00048574490938335657,0.4056860214772042,0.16458114802200252,fc,,0.0,0.40568602728490616,5,1,2,2,192,shrinkage
20260823-193110,full_s43_fixed_epochs5_pat2_dirichlet_a01_normmatched_lambda075,0.11646117188446786,0.013563204556703568,0.1127801615392176,0.01271936483681202,0.003681012876074503,1.3549855793826282e-05,0.0008438397198915482,0.9683928103617067,0.9377846351602444,layer4_1_conv2,,0.0,0.968392818752583,5,1,2,3,193,shrinkage
20260823-193110,full_s43_fixed_epochs5_pat2_dirichlet_a01_normmatched_lambda075,0.023756498809139766,0.0005643712356686592,0.00963767919941053,9.288486035075039e-05,0.014118819182998418,0.00019934105512220412,0.0004714863753179088,0.40568600940904026,0.1645811382302319,fc,,0.0,0.40568602728490616,5,1,2,3,193,shrinkage
20260823-193110,full_s43_fixed_epochs5_pat2_dirichlet_a01_normmatched_lambda075,0.11381566663491868,0.012954005971550941,0.11021827142155671,0.012148067355155945,0.0035973957942098205,1.2941256500198506e-05,0.0008059386163949966,0.9683927940702471,0.9377846036071802,layer4_1_conv2,,0.0,0.968392818752583,5,1,2,4,194,shrinkage
20260823-193110,full_s43_fixed_epochs5_pat2_dirichlet_a01_normmatched_lambda075,0.023333899187868226,0.0005444708513095975,0.009466236405587566,8.96096316864714e-05,0.01386766231422446,0.0001923120580613613,0.0004548612196231261,0.4056860076994443,0.16458113684311357,fc,,0.0,0.40568602728490616,5,1,2,4,194,shrinkage
20260823-193110,full_s43_fixed_epochs5_pat2_dirichlet_a01_normmatched_lambda075,0.10988169197951372,0.012073986232280731,0.10640863784205787,0.01132279820740223,0.003473053908474705,1.2062103451171424e-05,0.0007511880248785019,0.9683927861421776,0.9377845882522093,layer4_1_conv2,,0.0,0.968392818752583,5,1,2,5,195,shrinkage
20260823-193110,full_s43_fixed_epochs5_pat2_dirichlet_a01_normmatched_lambda075,0.022814032922804872,0.0005204800982028246,0.009255333722772924,8.566120231989771e-05,0.013558698433142488,0.00018383830320090055,0.0004348188958829269,0.4056859983541668,0.16458112926061702,fc,,0.0,0.40568602728490616,5,1,2,5,195,shrinkage
20260823-193110,full_s43_fixed_epochs5_pat2_dirichlet_a01_normmatched_lambda075,0.10682425286870716,0.011411421000957489,0.10344783794684458,0.010701455175876617,0.003376416677207616,1.1400189578125719e-05,0.0007099658250808716,0.9683928056486163,0.9377846260319989,layer4_1_conv2,,0.0,0.968392818752583,5,1,3,1,196,shrinkage
20260823-193110,full_s43_fixed_epochs5_pat2_dirichlet_a01_normmatched_lambda075,0.022326677154484487,0.0004984805127605796,0.009057620914797775,8.204049663618207e-05,0.013269055821852086,0.00017606784240342677,0.0004164400161243975,0.4056860253823521,0.1645811511905304,fc,,0.0,0.40568602728490616,5,1,3,1,196,shrinkage
20260823-193110,full_s43_fixed_epochs5_pat2_dirichlet_a01_normmatched_lambda075,0.10315754875294648,0.01064147986471653,0.0998970300672698,0.009979416616261005,0.003260522530434165,1.063100717146881e-05,0.0006620632484555244,0.9683928251001257,0.9377846637054027,layer4_1_conv2,,0.0,0.968392818752583,5,1,3,2,197,shrinkage
20260823-193110,full_s43_fixed_epochs5_pat2_dirichlet_a01_normmatched_lambda075,0.021748644634728462,0.0004730035434477031,0.008823120996933838,7.784746412653476e-05,0.01292552344413692,0.00016706915630493313,0.00039515607932116836,0.40568601607683574,0.1645811436402946,fc,,0.0,0.40568602728490616,5,1,3,2,197,shrinkage
20260823-193110,full_s43_fixed_epochs5_pat2_dirichlet_a01_normmatched_lambda075,0.09954149139628915,0.009908508509397507,0.09639525718707782,0.00929204560816288,0.003146228951644618,9.898756616166793e-06,0.0006164629012346268,0.9683927358825104,0.9377844909100137,layer4_1_conv2,,0.0,0.968392818752583,5,1,3,3,198,shrinkage
20260823-193110,full_s43_fixed_epochs5_pat2_dirichlet_a01_normmatched_lambda075,0.021177293158518008,0.00044847774552181363,0.008591331743153342,7.381098112091422e-05,0.012585961056725131,0.00015840641572140157,0.0003746667644008994,0.40568601845593777,0.16458114557063147,fc,,0.0,0.40568602728490616,5,1,3,3,198,shrinkage
20260823-193110,full_s43_fixed_epochs5_pat2_dirichlet_a01_normmatched_lambda075,0.09551047377983884,0.009122250601649284,0.0924916555694021,0.00855470634996891,0.003018819707514065,9.113272426475305e-06,0.0005675442516803741,0.9683928045693143,0.9377846239416221,layer4_1_conv2,,0.0,0.968392818752583,5,1,3,4,199,shrinkage
20260823-193110,full_s43_fixed_epochs5_pat2_dirichlet_a01_normmatched_lambda075,0.020571927058007942,0.0004232041828799993,0.00834574338020331,6.965143256820738e-05,0.012226183886576808,0.00014947957242839038,0.0003535527503117919,0.40568602818152616,0.16458115346170205,fc,,0.0,0.40568602728490616,5,1,3,4,199,shrinkage
20260823-193110,full_s43_fixed_epochs5_pat2_dirichlet_a01_normmatched_lambda075,0.09142566254690997,0.008358651772141457,0.08853594911103747,0.007838614284992218,0.0028897099752261545,8.350423740921542e-06,0.0005200374871492386,0.9683927536823723,0.9377845253845278,layer4_1_conv2,,0.0,0.968392818752583,5,1,3,5,200,shrinkage
20260823-193110,full_s43_fixed_epochs5_pat2_dirichlet_a01_normmatched_lambda075,0.01992324171099847,0.0003969355602748692,0.008082581070519523,6.53281167615205e-05,0.011840661160884069,0.00014020125672686845,0.0003316074435133487,0.40568604184817963,0.16458116455044292,fc,,0.0,0.40568602728490616,5,1,3,5,200,shrinkage
20260823-193110,full_s43_fixed_epochs5_pat2_dirichlet_a01_normmatched_lambda075,0.09789854509321698,0.009584125131368637,0.09490605681685155,0.009007159620523453,0.0029924930896158483,8.955014891398605e-06,0.0005769655108451843,0.9694327604816185,0.9397998770950111,layer4_1_conv2,,0.0,0.9694327095524636,6,1,1,1,201,shrinkage
20260823-193110,full_s43_fixed_epochs5_pat2_dirichlet_a01_normmatched_lambda075,0.02098270824045745,0.0004402740451041609,0.008508320313079614,7.239151454996318e-05,0.012474388444876866,0.00015561036707367748,0.00036788253055419773,0.40549199920124906,0.16442376141622578,fc,,0.0,0.4054919724634197,6,1,1,1,201,shrinkage
20260823-193110,full_s43_fixed_epochs5_pat2_dirichlet_a01_normmatched_lambda075,0.10467554209154029,0.010956969112157822,0.10147589879395628,0.01029735803604126,0.003199647683792858,1.0237745300401002e-05,0.0006596110761165619,0.9694327515898044,0.9397998598549795,layer4_1_conv2,,0.0,0.9694327095524636,6,1,1,2,202,shrinkage
20260823-193110,full_s43_fixed_epochs5_pat2_dirichlet_a01_normmatched_lambda075,0.021854792488355226,0.00047763195470906794,0.008861943242817815,7.853403803892434e-05,0.012992848806774914,0.00016881412011571229,0.0003990979166701436,0.4054919875143943,0.16442375193837372,fc,,0.0,0.4054919724634197,6,1,1,2,202,shrinkage
20260823-193110,full_s43_fixed_epochs5_pat2_dirichlet_a01_normmatched_lambda075,0.10925512045256813,0.011936681345105171,0.10591549212926012,0.01121809147298336,0.003339632789733318,1.1153147170261946e-05,0.0007185898721218109,0.9694327523554571,0.9397998613394769,layer4_1_conv2,,0.0,0.9694327095524636,6,1,1,3,203,shrinkage
20260823-193110,full_s43_fixed_epochs5_pat2_dirichlet_a01_normmatched_lambda075,0.022450374628109473,0.0005040193209424615,0.009103447136767634,8.287274977192283e-05,0.01334692851532642,0.00017814050079323351,0.00042114657117053866,0.40549199234160965,0.164423755853168,fc,,0.0,0.4054919724634197,6,1,1,3,203,shrinkage
20260823-193110,full_s43_fixed_epochs5_pat2_dirichlet_a01_normmatched_lambda075,0.11292094447184167,0.01275113970041275,0.10946926244397436,0.011983519420027733,0.0034516871417616776,1.1914144124602899e-05,0.0007676202803850174,0.9694327563056467,0.9397998689983633,layer4_1_conv2,,0.0,0.9694327095524636,6,1,1,4,204,shrinkage
20260823-193110,full_s43_fixed_epochs5_pat2_dirichlet_a01_normmatched_lambda075,0.02282044623406601,0.0005207727663218975,0.009253508133283152,8.562741277273744e-05,0.01356693851312109,0.00018406182061880827,0.00043514535354916006,0.40549198899842975,0.1644237531419027,fc,,0.0,0.4054919724634197,6,1,1,4,204,shrinkage
20260823-193110,full_s43_fixed_epochs5_pat2_dirichlet_a01_normmatched_lambda075,0.11448217843438303,0.013106169179081917,0.11098276494252114,0.0123171741142869,0.003499409630946247,1.2245867765159346e-05,0.0007889950647950172,0.9694326790447334,0.939799719199849,layer4_1_conv2,,0.0,0.9694327095524636,6,1,1,5,205,shrinkage
20260823-193110,full_s43_fixed_epochs5_pat2_dirichlet_a01_normmatched_lambda075,0.023039167234642575,0.000530803226865828,0.009342197497652487,8.72766540851444e-05,0.013696970004733655,0.00018760698731057346,0.00044352657278068364,0.40549197818249266,0.16442374437035112,fc,,0.0,0.4054919724634197,6,1,1,5,205,shrinkage
20260823-193110,full_s43_fixed_epochs5_pat2_dirichlet_a01_normmatched_lambda075,0.11503685979887796,0.013233479112386703,0.11152049643651946,0.01243682112544775,0.0035163649407013533,1.2364822396193631e-05,0.0007966579869389534,0.9694327247066179,0.9397998077320974,layer4_1_conv2,,0.0,0.9694327095524636,6,1,2,1,206,shrinkage
20260823-193110,full_s43_fixed_epochs5_pat2_dirichlet_a01_normmatched_lambda075,0.02308182374937133,0.0005327705875970423,0.009359494035937829,8.760012860875577e-05,0.013722329302123984,0.0001883023214759305,0.00044517045898828655,0.4054919636145627,0.16442373255599382,fc,,0.0,0.4054919724634197,6,1,2,1,206,shrinkage
20260823-193110,full_s43_fixed_epochs5_pat2_dirichlet_a01_normmatched_lambda075,0.11413424077805928,0.013026624917984009,0.11064546404560678,0.012242418713867664,0.003488774237052301,1.2171545677119866e-05,0.0007842062041163445,0.9694326898863188,0.9397997402202237,layer4_1_conv2,,0.0,0.9694327095524636,6,1,2,2,207,shrinkage
20260823-193110,full_s43_fixed_epochs5_pat2_dirichlet_a01_normmatched_lambda075,0.02295159773974843,0.0005267758388072252,0.00930668909477049,8.661446190671995e-05,0.013644909236296337,0.00018618354806676507,0.0004401613769005053,0.4054919923353667,0.16442375584810506,fc,,0.0,0.4054919724634197,6,1,2,2,207,shrinkage
20260823-193110,full_s43_fixed_epochs5_pat2_dirichlet_a01_normmatched_lambda075,0.11183857177525881,0.012507866136729717,0.10841997035836134,0.011754889972507954,0.003418601990691078,1.1686839570757002e-05,0.0007529761642217636,0.9694327157202329,0.9397997903087061,layer4_1_conv2,,0.0,0.9694327095524636,6,1,2,3,208,shrinkage
20260823-193110,full_s43_fixed_epochs5_pat2_dirichlet_a01_normmatched_lambda075,0.0226672637000867,0.0005138048436492682,0.00919139372777248,8.448171865893528e-05,0.013475869880548517,0.0001815990690374747,0.00042932312499033287,0.4054919839194055,0.1644237490228954,fc,,0.0,0.4054919724634197,6,1,2,3,208,shrinkage
20260823-193110,full_s43_fixed_epochs5_pat2_dirichlet_a01_normmatched_lambda075,0.10888719772438796,0.011856421828269958,0.10555881610583387,0.011142663657665253,0.00332838648651515,1.1078156603616662e-05,0.0007137581706047058,0.9694327552906744,0.9397998670304686,layer4_1_conv2,,0.0,0.9694327095524636,6,1,2,4,209,shrinkage
20260823-193110,full_s43_fixed_epochs5_pat2_dirichlet_a01_normmatched_lambda075,0.022294423705144166,0.0004970413283444941,0.009040209994230478,8.172539673978463e-05,0.013254213820241055,0.00017567418399266899,0.0004153159316047095,0.40549197924073543,0.16442374522856903,fc,,0.0,0.4054919724634197,6,1,2,4,209,shrinkage
20260823-193110,full_s43_fixed_epochs5_pat2_dirichlet_a01_normmatched_lambda075,0.10568628571042275,0.01116959098726511,0.10245574109028961,0.010497178882360458,0.0032305432772349713,1.043640986608807e-05,0.0006724121049046516,0.9694326979284262,0.9397997558127872,layer4_1_conv2,,0.0,0.9694327095524636,6,1,2,5,210,shrinkage
20260823-193110,full_s43_fixed_epochs5_pat2_dirichlet_a01_normmatched_lambda075,0.02184039816095548,0.00047700299182906747,0.00885610623114901,7.843061757739633e-05,0.01298429203347641,0.00016859183961059898,0.00039857237425167114,0.40549197710970536,0.16442374350033784,fc,,0.0,0.4054919724634197,6,1,2,5,210,shrinkage
20260823-193110,full_s43_fixed_epochs5_pat2_dirichlet_a01_normmatched_lambda075,0.10258309463409421,0.010523291304707527,0.09944740852834018,0.009889787063002586,0.0031356870983002432,9.8325335784466e-06,0.0006335042417049408,0.9694327206940015,0.939799799952174,layer4_1_conv2,,0.0,0.9694327095524636,6,1,3,1,211,shrinkage
20260823-193110,full_s43_fixed_epochs5_pat2_dirichlet_a01_normmatched_lambda075,0.02141033495174385,0.0004584024427458644,0.008681719651415018,7.53722561057657e-05,0.012728616468891426,0.000162017677212134,0.0003830301866400987,0.40549200519200196,0.1644237662746305,fc,,0.0,0.4054919724634197,6,1,3,1,211,shrinkage
20260823-193110,full_s43_fixed_epochs5_pat2_dirichlet_a01_normmatched_lambda075,0.09902152336121493,0.009805262088775635,0.0959946998037066,0.009214982390403748,0.0030268195562721417,9.161636626231484e-06,0.0005902796983718872,0.9694326702441554,0.9397997021367132,layer4_1_conv2,,0.0,0.9694327095524636,6,1,3,2,212,shrinkage
20260823-193110,full_s43_fixed_epochs5_pat2_dirichlet_a01_normmatched_lambda075,0.0209005143122983,0.00043683149851858616,0.008474991100373508,7.182547415141016e-05,0.012425523642313351,0.00015439363778568804,0.000365006024367176,0.4054919880792907,0.16442375239649565,fc,,0.0,0.4054919724634197,6,1,3,2,212,shrinkage
20260823-193110,full_s43_fixed_epochs5_pat2_dirichlet_a01_normmatched_lambda075,0.0953996966904241,0.009101102128624916,0.09248358974004187,0.008553214371204376,0.0029161101067221775,8.503698154527228e-06,0.0005478877574205399,0.9694327440070892,0.9397998451531144,layer4_1_conv2,,0.0,0.9694327095524636,6,1,3,3,213,shrinkage
20260823-193110,full_s43_fixed_epochs5_pat2_dirichlet_a01_normmatched_lambda075,0.020361772024681184,0.0004146017599850893,0.008256535731892032,6.817038229200989e-05,0.012105237201954706,0.0001465367677155882,0.0003464313776930794,0.40549200344076186,0.16442376485440285,fc,,0.0,0.4054919724634197,6,1,3,3,213,shrinkage
20260823-193110,full_s43_fixed_epochs5_pat2_dirichlet_a01_normmatched_lambda075,0.09185280009405529,0.008436936885118484,0.08904511591587344,0.007929032668471336,0.002807691206422836,7.88312991062412e-06,0.0005079042166471481,0.9694327862045922,0.9397999269683982,layer4_1_conv2,,0.0,0.9694327095524636,6,1,3,4,214,shrinkage
20260823-193110,full_s43_fixed_epochs5_pat2_dirichlet_a01_normmatched_lambda075,0.019879201836851764,0.0003951826656702906,0.008060857001865054,6.497741560451686e-05,0.011818344621250372,0.00013967326958663762,0.0003302052500657737,0.4054919844378238,0.16442374944332433,fc,,0.0,0.4054919724634197,6,1,3,4,214,shrinkage
20260823-193110,full_s43_fixed_epochs5_pat2_dirichlet_a01_normmatched_lambda075,0.08800093033841348,0.007744163740426302,0.08531098219461049,0.007277963683009148,0.0026899498607211724,7.235830253193853e-06,0.0004662000574171543,0.9694327306147944,0.9397998191872566,layer4_1_conv2,,0.0,0.9694327095524636,6,1,3,5,215,shrinkage
20260823-193110,full_s43_fixed_epochs5_pat2_dirichlet_a01_normmatched_lambda075,0.019330550717411025,0.00037367019103839993,0.00783838328139976,6.144025246612728e-05,0.011492167897470276,0.0001320699229836464,0.00031222993857227266,0.4054919798192676,0.1644237456977493,fc,,0.0,0.4054919724634197,6,1,3,5,215,shrinkage
20260823-193110,full_s43_fixed_epochs5_pat2_dirichlet_a01_normmatched_lambda075,0.05741623612373306,0.003296624170616269,0.05458301755709767,0.0029793058056384325,0.002833218893283949,8.027129297261126e-06,0.0003173183649778366,0.9506547492850324,0.9037444523381878,layer4_1_conv2,,0.0,0.9506547720513243,1,2,1,1,76,shrinkage
20260823-193110,full_s43_fixed_epochs5_pat2_dirichlet_a01_normmatched_lambda075,0.008353422730902428,6.977967132115737e-05,0.002980310515329445,8.882250767783262e-06,0.005373112308704103,2.887033588194754e-05,6.0897420553374104e-05,0.3567771692319801,0.127289948485185,fc,,0.0,0.35677717606326786,1,2,1,1,76,shrinkage
20260823-193110,full_s43_fixed_epochs5_pat2_dirichlet_a01_normmatched_lambda075,0.07389029806544317,0.005459776148200035,0.07024415986553911,0.004934241995215416,0.003646135509485724,1.3294304153532721e-05,0.0005255341529846191,0.9506547098148833,0.90374437729322,layer4_1_conv2,,0.0,0.9506547720513243,1,2,1,2,77,shrinkage
20260823-193110,full_s43_fixed_epochs5_pat2_dirichlet_a01_normmatched_lambda075,0.011347505520034579,0.00012876588152721524,0.00404853090245878,1.6390602468163706e-05,0.007298974899826411,5.3275034588295966e-05,0.00011237527905905154,0.35677716968816625,0.12728994881069858,fc,,0.0,0.35677717606326786,1,2,1,2,77,shrinkage
20260823-193110,full_s43_fixed_epochs5_pat2_dirichlet_a01_normmatched_lambda075,0.08948592788070923,0.008007731288671494,0.08507022186927476,0.007236942648887634,0.0044157061111960594,1.9498460460454226e-05,0.0007707886397838593,0.9506547440920442,0.9037444424647102,layer4_1_conv2,,0.0,0.9506547720513243,1,2,1,3,78,shrinkage
20260823-193110,full_s43_fixed_epochs5_pat2_dirichlet_a01_normmatched_lambda075,0.01413798857909956,0.00019988272106274962,0.005044111570079013,2.5443061531404965e-05,0.00909387744597347,8.269860700238496e-05,0.00017443965953134466,0.35677717108470525,0.12728994980720504,fc,,0.0,0.35677717606326786,1,2,1,3,78,shrinkage
20260823-193110,full_s43_fixed_epochs5_pat2_dirichlet_a01_normmatched_lambda075,0.1029938783577004,0.010607738979160786,0.09791162003116001,0.009586685337126255,0.005082259191742054,2.5829358492046595e-05,0.0010210536420345306,0.9506547533933078,0.903744460149291,layer4_1_conv2,,0.0,0.9506547720513243,1,2,2,1,79,shrinkage
20260823-193110,full_s43_fixed_epochs5_pat2_dirichlet_a01_normmatched_lambda075,0.01642786256478002,0.0002698746684473008,0.005861086210574666,3.43523315677885e-05,0.010566776151493297,0.00011165675823576748,0.0002355223368795123,0.3567771636427219,0.12728994449694553,fc,,0.0,0.35677717606326786,1,2,2,1,79,shrinkage
20260823-193110,full_s43_fixed_epochs5_pat2_dirichlet_a01_normmatched_lambda075,0.11424525102213304,0.013051977381110191,0.10860778594387765,0.01179565116763115,0.005637460819481621,3.178096449119039e-05,0.001256326213479042,0.9506547096897426,0.9037443770552888,layer4_1_conv2,,0.0,0.9506547720513243,1,2,2,2,80,shrinkage
20260823-193110,full_s43_fixed_epochs5_pat2_dirichlet_a01_normmatched_lambda075,0.018415881605760086,0.0003391446953173727,0.006570366178263819,4.31697117164731e-05,0.011845515858796653,0.000140316245961003,0.0002959749836008996,0.3567771730357319,0.12728995119936862,fc,,0.0,0.35677717606326786,1,2,2,2,80,shrinkage
20260823-193110,full_s43_fixed_epochs5_pat2_dirichlet_a01_normmatched_lambda075,0.12263297297478219,0.01503884606063366,0.11658162213274645,0.013591274619102478,0.006051355344381195,3.6618901503970847e-05,0.0014475714415311813,0.950654781538403,0.903744513661829,layer4_1_conv2,,0.0,0.9506547720513243,1,2,2,3,81,shrinkage
20260823-193110,full_s43_fixed_epochs5_pat2_dirichlet_a01_normmatched_lambda075,0.020045385878135213,0.00040181749500334263,0.007151735894395172,5.114732630318031e-05,0.012893650235481748,0.00016624621639493853,0.0003506701687001623,0.3567771624788739,0.1272899436664768,fc,,0.0,0.35677717606326786,1,2,2,3,81,shrinkage
20260823-193110,full_s43_fixed_epochs5_pat2_dirichlet_a01_normmatched_lambda075,0.12910571704822274,0.01666828617453575,0.1227349611896039,0.015063870698213577,0.006370754581114731,4.058651393279433e-05,0.001604415476322174,0.9506547347067577,0.9037444246203757,layer4_1_conv2,,0.0,0.9506547720513243,1,2,3,1,82,shrinkage
20260823-193110,full_s43_fixed_epochs5_pat2_dirichlet_a01_normmatched_lambda075,0.02136896710725889,0.00045663275523111224,0.007623959512773622,5.81247586524114e-05,0.013745007484872316,0.00018892523075919598,0.00039850799657870084,0.35677716543369176,0.12728994577489985,fc,,0.0,0.35677717606326786,1,2,3,1,82,shrinkage
20260823-193110,full_s43_fixed_epochs5_pat2_dirichlet_a01_normmatched_lambda075,0.13312392327271705,0.017721978947520256,0.12655488421049643,0.016016138717532158,0.0065690338530451624,4.315220576245338e-05,0.0017058402299880981,0.950654706526615,0.9037443710412043,layer4_1_conv2,,0.0,0.9506547720513243,1,2,3,2,83,shrinkage
20260823-193110,full_s43_fixed_epochs5_pat2_dirichlet_a01_normmatched_lambda075,0.02229849236212084,0.0004972227616235614,0.007955592989211347,6.329145980998874e-05,0.01434289952084606,0.00020571876666508615,0.00043393130181357265,0.3567771695061217,0.1272899486807999,fc,,0.0,0.35677717606326786,1,2,3,2,83,shrinkage
20260823-193110,full_s43_fixed_epochs5_pat2_dirichlet_a01_normmatched_lambda075,0.1351936564196646,0.018277324736118317,0.12852249677890146,0.016518032178282738,0.006671165547414259,4.450444976100698e-05,0.001759292557835579,0.9506547879727825,0.9037445258955763,layer4_1_conv2,,0.0,0.9506547720513243,1,2,3,3,84,shrinkage
20260823-193110,full_s43_fixed_epochs5_pat2_dirichlet_a01_normmatched_lambda075,0.02298805572557952,0.0005284507060423493,0.008201612871735157,6.726645369781181e-05,0.014786441736387237,0.0002186388592235744,0.0004611842523445375,0.35677714416748035,0.12728993060030308,fc,,0.0,0.35677717606326786,1,2,3,3,84,shrinkage
20260823-193110,full_s43_fixed_epochs5_pat2_dirichlet_a01_normmatched_lambda075,0.13638732794208108,0.01860150322318077,0.12965726270116967,0.016811005771160126,0.0067300676910869274,4.529381112661213e-05,0.0017904974520206451,0.9506547613883203,0.9037444753502841,layer4_1_conv2,,0.0,0.9506547720513243,1,2,4,1,85,shrinkage
20260823-193110,full_s43_fixed_epochs5_pat2_dirichlet_a01_normmatched_lambda075,0.02349430516800822,0.0005519823753274977,0.008382231527254758,7.026180537650362e-05,0.015112074278644966,0.00022837478900328279,0.0004817205699509941,0.3567771622660582,0.1272899435146212,fc,,0.0,0.35677717606326786,1,2,4,1,85,shrinkage
20260823-193110,full_s43_fixed_epochs5_pat2_dirichlet_a01_normmatched_lambda075,0.13620404359762212,0.01855154149234295,0.12948301636682885,0.01676585152745247,0.006721023246301427,4.517215347732417e-05,0.00178568996489048,0.9506547158713679,0.9037443888084711,layer4_1_conv2,,0.0,0.9506547720513243,1,2,4,2,86,shrinkage
20260823-193110,full_s43_fixed_epochs5_pat2_dirichlet_a01_normmatched_lambda075,0.02379303961974859,0.0005661087343469262,0.008488813177440345,7.205994916148484e-05,0.015304226933365276,0.00023421936202794313,0.0004940487851854414,0.3567771631159937,0.1272899441210964,fc,,0.0,0.35677717606326786,1,2,4,2,86,shrinkage
20260823-193110,full_s43_fixed_epochs5_pat2_dirichlet_a01_normmatched_lambda075,0.13537539868106765,0.018326498568058014,0.12869526473904583,0.01656247116625309,0.006680133450725815,4.4624182919505984e-05,0.001764027401804924,0.9506547422419075,0.9037444389470274,layer4_1_conv2,,0.0,0.9506547720513243,1,2,4,3,87,shrinkage
20260823-193110,full_s43_fixed_epochs5_pat2_dirichlet_a01_normmatched_lambda075,0.023926487980350193,0.0005724768270738423,0.008536424413734837,7.287054177140817e-05,0.015390063173609778,0.00023685404448769987,0.0004996062853024341,0.3567771593033394,0.12728994140056046,fc,,0.0,0.35677717606326786,1,2,4,3,87,shrinkage
20260823-193110,full_s43_fixed_epochs5_pat2_dirichlet_a01_normmatched_lambda075,0.13995900332971992,0.019588522613048553,0.13367616108143432,0.017869316041469574,0.006282841428139074,3.9474096411140636e-05,0.0017192065715789795,0.9551094099070978,0.9122339848930843,layer4_1_conv2,,0.0,0.9551094320464086,2,2,1,1,88,shrinkage
20260823-193110,full_s43_fixed_epochs5_pat2_dirichlet_a01_normmatched_lambda075,0.024922046393594362,0.0006211083964444697,0.008321260423597565,6.924337503733113e-05,0.016600785868374473,0.0002755860914476216,0.0005518650214071386,0.33389153892821394,0.111483559767851,fc,,0.0,0.3338915440151166,2,2,1,1,88,shrinkage
20260823-193110,full_s43_fixed_epochs5_pat2_dirichlet_a01_normmatched_lambda075,0.14402530367878338,0.020743288099765778,0.13755991887292912,0.018922731280326843,0.006465379586155453,4.180113319307566e-05,0.0018205568194389343,0.9551093825827032,0.9122339326975124,layer4_1_conv2,,0.0,0.9551094320464086,2,2,1,2,89,shrinkage
20260823-193110,full_s43_fixed_epochs5_pat2_dirichlet_a01_normmatched_lambda075,0.025596135414894642,0.0006551621481776237,0.008546333536979594,7.303981692530215e-05,0.01704980297794352,0.00029069578158669174,0.0005821223312523216,0.3338915581766456,0.11148357262162835,fc,,0.0,0.3338915440151166,2,2,1,2,89,shrinkage
20260823-193110,full_s43_fixed_epochs5_pat2_dirichlet_a01_normmatched_lambda075,0.14745953540261741,0.021744314581155777,0.14083998856135663,0.019835902377963066,0.0066195445926238135,4.381837061373517e-05,0.0019084122031927109,0.955109401211749,0.9122339682830659,layer4_1_conv2,,0.0,0.9551094320464086,2,2,1,3,90,shrinkage
20260823-193110,full_s43_fixed_epochs5_pat2_dirichlet_a01_normmatched_lambda075,0.026171197588893462,0.000684931583236903,0.008738341606035717,7.635861402377486e-05,0.01743285598311387,0.00030390446772798896,0.0006085729692131281,0.3338915453278338,0.1114835640414089,fc,,0.0,0.3338915440151166,2,2,1,3,90,shrinkage
20260823-193110,full_s43_fixed_epochs5_pat2_dirichlet_a01_normmatched_lambda075,0.1498433845205295,0.02245303988456726,0.14311683469077383,0.02048242837190628,0.0067265569449625,4.5246568333823234e-05,0.0019706115126609802,0.955109464116288,0.9122340884445028,layer4_1_conv2,,0.0,0.9551094320464086,2,2,2,1,91,shrinkage
20260823-193110,full_s43_fixed_epochs5_pat2_dirichlet_a01_normmatched_lambda075,0.026535675804448964,0.0007041420903988183,0.008860037417735847,7.85002630436793e-05,0.017675637605515493,0.00031242816476151347,0.000625641827355139,0.33389153089707163,0.11148355440479012,fc,,0.0,0.3338915440151166,2,2,2,1,91,shrinkage
20260823-193110,full_s43_fixed_epochs5_pat2_dirichlet_a01_normmatched_lambda075,0.1505874608973372,0.022676583379507065,0.1438274970240355,0.020686348900198936,0.006759958658128862,4.5697041059611365e-05,0.0019902344793081284,0.955109384054823,0.9122339355095833,layer4_1_conv2,,0.0,0.9551094320464086,2,2,2,2,92,shrinkage
20260823-193110,full_s43_fixed_epochs5_pat2_dirichlet_a01_normmatched_lambda075,0.02671818757720082,0.0007138615474104881,0.0089209768386323,7.958382775541395e-05,0.017797210796946003,0.00031674071215093136,0.0006342777196550742,0.33389154158962314,0.11148356154509506,fc,,0.0,0.3338915440151166,2,2,2,2,92,shrinkage
20260823-193110,full_s43_fixed_epochs5_pat2_dirichlet_a01_normmatched_lambda075,0.1490405281635909,0.022213079035282135,0.14235001436135636,0.02026352658867836,0.006690516015436014,4.4763004552805796e-05,0.001949552446603775,0.9551094330872818,0.9122340291723086,layer4_1_conv2,,0.0,0.9551094320464086,2,2,2,3,93,shrinkage
20260823-193110,full_s43_fixed_epochs5_pat2_dirichlet_a01_normmatched_lambda075,0.026687013543913847,0.0007121966918930411,0.00891056777521366,7.939821807667613e-05,0.01777644505311111,0.00031600199872627854,0.000632798473816365,0.33389152969668934,0.11148355360319517,fc,,0.0,0.3338915440151166,2,2,2,3,93,shrinkage
20260823-193110,full_s43_fixed_epochs5_pat2_dirichlet_a01_normmatched_lambda075,0.14630597377147914,0.02140543796122074,0.13973821408537807,0.01952676847577095,0.006567760526686274,4.313547833589837e-05,0.001878669485449791,0.9551094222826506,0.9122340085330984,layer4_1_conv2,,0.0,0.9551094320464086,2,2,3,1,94,shrinkage
20260823-193110,full_s43_fixed_epochs5_pat2_dirichlet_a01_normmatched_lambda075,0.026526608261775712,0.0007036609458737075,0.008857009917807902,7.844662468414754e-05,0.0176695986731149,0.0003122147172689438,0.00062521432118956,0.33389153375370145,0.11148355631239917,fc,,0.0,0.3338915440151166,2,2,3,1,94,shrinkage
20260823-193110,full_s43_fixed_epochs5_pat2_dirichlet_a01_normmatched_lambda075,0.142172471499342,0.020213011652231216,0.13579027435638116,0.018438998609781265,0.006382205136323259,4.0732542402110994e-05,0.0017740130424499512,0.955109473193688,0.912234105784324,layer4_1_conv2,,0.0,0.9551094320464086,2,2,3,2,95,shrinkage
20260823-193110,full_s43_fixed_epochs5_pat2_dirichlet_a01_normmatched_lambda075,0.0261702934719613,0.0006848842604085803,0.008738039766132024,7.635333895450458e-05,0.017432254959415323,0.0003038835129700601,0.0006085309214540757,0.33389154674531674,0.11148356498798,fc,,0.0,0.3338915440151166,2,2,3,2,95,shrinkage
20260823-193110,full_s43_fixed_epochs5_pat2_dirichlet_a01_normmatched_lambda075,0.13730129384259857,0.018851645290851593,0.1311377581839001,0.01719711162149906,0.006163535058029278,3.7989164411555976e-05,0.0016545336693525314,0.9551094131293162,0.9122339910482269,layer4_1_conv2,,0.0,0.9551094320464086,2,2,3,3,96,shrinkage
20260823-193110,full_s43_fixed_epochs5_pat2_dirichlet_a01_normmatched_lambda075,0.02571352372402442,0.0006611853023059666,0.008585528127357238,7.37112932256423e-05,0.017127995820246492,0.0002933682408183813,0.0005874740090803243,0.3338915435901804,0.11148356288103338,fc,,0.0,0.3338915440151166,2,2,3,3,96,shrinkage
20260823-193110,full_s43_fixed_epochs5_pat2_dirichlet_a01_normmatched_lambda075,0.1425018106312078,0.020306766033172607,0.13664585622607087,0.018672090023756027,0.005855952942448466,3.429218486417085e-05,0.0016346760094165802,0.9589061052684303,0.9195009187210699,layer4_1_conv2,,0.0,0.958906106410193,3,2,1,1,97,shrinkage
20260823-193110,full_s43_fixed_epochs5_pat2_dirichlet_a01_normmatched_lambda075,0.026307635918224742,0.0006920917076058686,0.008890786851116167,7.904609083198011e-05,0.01741684915849089,0.00030334663460962474,0.0006130456167738885,0.33795461054548925,0.11421331878895329,fc,,0.0,0.33795461990529935,3,2,1,1,97,shrinkage
20260823-193110,full_s43_fixed_epochs5_pat2_dirichlet_a01_normmatched_lambda075,0.14662368507885098,0.021498505026102066,0.14059834757535203,0.019767895340919495,0.0060253369728525165,3.630468563642353e-05,0.0017306096851825714,0.9589061105628421,0.9195009288747577,layer4_1_conv2,,0.0,0.958906106410193,3,2,1,2,98,shrinkage
20260823-193110,full_s43_fixed_epochs5_pat2_dirichlet_a01_normmatched_lambda075,0.026775792443534646,0.0007169430609792471,0.009049002259767265,8.188444189727306e-05,0.01772678942448949,0.00031423906330019236,0.000635058619081974,0.33795460130078286,0.11421331254037106,fc,,0.0,0.33795461990529935,3,2,1,2,98,shrinkage
20260823-193110,full_s43_fixed_epochs5_pat2_dirichlet_a01_normmatched_lambda075,0.15025581163283955,0.02257680892944336,0.14408121409474703,0.020759396255016327,0.006174595128152937,3.8125624996609986e-05,0.0018174126744270325,0.9589060983998371,0.919500905548398,layer4_1_conv2,,0.0,0.958906106410193,3,2,1,3,99,shrinkage
20260823-193110,full_s43_fixed_epochs5_pat2_dirichlet_a01_normmatched_lambda075,0.027061276345141713,0.0007323126774281263,0.009145482709140408,8.363985398318619e-05,0.017915792210245425,0.0003209756105206907,0.0006486728234449401,0.3379545958031757,0.11421330882448791,fc,,0.0,0.33795461990529935,3,2,1,3,99,shrinkage
20260823-193110,full_s43_fixed_epochs5_pat2_dirichlet_a01_normmatched_lambda075,0.15192129787361736,0.02308008074760437,0.1456782603588523,0.021222155541181564,0.00624303645189351,3.89755041396711e-05,0.0018579252064228058,0.9589061072927471,0.9195009226033296,layer4_1_conv2,,0.0,0.958906106410193,3,2,2,1,100,shrinkage
20260823-193110,full_s43_fixed_epochs5_pat2_dirichlet_a01_normmatched_lambda075,0.027145002983186617,0.0007368511869572103,0.009173779063583942,8.415822230745107e-05,0.017971224653319243,0.00032296491554006934,0.0006526929646497592,0.33795461615038697,0.11421332257735539,fc,,0.0,0.33795461990529935,3,2,2,1,100,shrinkage
20260823-193110,full_s43_fixed_epochs5_pat2_dirichlet_a01_normmatched_lambda075,0.15093551734151303,0.022781530395150185,0.14473299174372065,0.020947638899087906,0.006202526488995456,3.84713348466903e-05,0.0018338914960622787,0.9589061229123541,0.9195009525588025,layer4_1_conv2,,0.0,0.958906106410193,3,2,2,2,101,shrinkage
20260823-193110,full_s43_fixed_epochs5_pat2_dirichlet_a01_normmatched_lambda075,0.027043153835676025,0.000731332169380039,0.00913935867528482,8.35278769955039e-05,0.017903795476490368,0.000320545892463997,0.0006478042923845351,0.3379546161967227,0.11421332260867413,fc,,0.0,0.33795461990529935,3,2,2,2,101,shrinkage
20260823-193110,full_s43_fixed_epochs5_pat2_dirichlet_a01_normmatched_lambda075,0.14811747963441566,0.021938787773251534,0.14203074953517722,0.020172733813524246,0.006086722756717616,3.704819391714409e-05,0.0017660539597272873,0.9589060648732227,0.9195008412506493,layer4_1_conv2,,0.0,0.958906106410193,3,2,2,3,102,shrinkage
20260823-193110,full_s43_fixed_epochs5_pat2_dirichlet_a01_normmatched_lambda075,0.026770565898866897,0.0007166631985455751,0.009047235563392628,8.185247133951634e-05,0.017723328994712514,0.0003141163906548172,0.0006348107272060588,0.33795458779508153,0.11421330341174349,fc,,0.0,0.33795461990529935,3,2,2,3,102,shrinkage
20260823-193110,full_s43_fixed_epochs5_pat2_dirichlet_a01_normmatched_lambda075,0.1441640958827834,0.020783286541700363,0.13823983224121952,0.01911025121808052,0.005924262926675715,3.509689122438431e-05,0.0016730353236198425,0.9589061090052494,0.9195009258875875,layer4_1_conv2,,0.0,0.958906106410193,3,2,3,1,103,shrinkage
20260823-193110,full_s43_fixed_epochs5_pat2_dirichlet_a01_normmatched_lambda075,0.026413351724951416,0.000697665149345994,0.008926513866663165,7.968264981172979e-05,0.017486836895762786,0.0003057894646190107,0.0006179824995342642,0.3379546056712946,0.11421331549444025,fc,,0.0,0.33795461990529935,3,2,3,1,103,shrinkage
20260823-193110,full_s43_fixed_epochs5_pat2_dirichlet_a01_normmatched_lambda075,0.13989703852015314,0.019571181386709213,0.13414812285897512,0.017995718866586685,0.005748912679845588,3.3049997000489384e-05,0.001575462520122528,0.9589060946393811,0.9195008983365499,layer4_1_conv2,,0.0,0.958906106410193,3,2,3,2,104,shrinkage
20260823-193110,full_s43_fixed_epochs5_pat2_dirichlet_a01_normmatched_lambda075,0.025953897200165693,0.0006736047798767686,0.008771239196155498,7.693463703617454e-05,0.01718265840493473,0.00029524374986067414,0.000596670142840594,0.3379546096105945,0.11421331815704931,fc,,0.0,0.33795461990529935,3,2,3,2,104,shrinkage
20260823-193110,full_s43_fixed_epochs5_pat2_dirichlet_a01_normmatched_lambda075,0.1344878609897886,0.018086984753608704,0.1289612334926215,0.016630999743938446,0.005526629143631548,3.0543629691237584e-05,0.0014559850096702576,0.9589061238948048,0.9195009544429588,layer4_1_conv2,,0.0,0.958906106410193,3,2,3,3,105,shrinkage
20260823-193110,full_s43_fixed_epochs5_pat2_dirichlet_a01_normmatched_lambda075,0.025333630572739387,0.0006417928379960358,0.008561617004872703,7.330128573812544e-05,0.016772013141867857,0.00028130042483098805,0.0005684915522579104,0.33795460071504924,0.11421331214446835,fc,,0.0,0.33795461990529935,3,2,3,3,105,shrinkage
20260823-193110,full_s43_fixed_epochs5_pat2_dirichlet_a01_normmatched_lambda075,0.13981430500265404,0.019548039883375168,0.13449246600695872,0.018088223412632942,0.005321842271641226,2.832200516422745e-05,0.0014598164707422256,0.9619363769995187,0.9253215933949602,layer4_1_conv2,,0.0,0.9619363652758361,4,2,1,1,106,shrinkage
20260823-193110,full_s43_fixed_epochs5_pat2_dirichlet_a01_normmatched_lambda075,0.025901710161793944,0.0006708985893055797,0.008866690832357086,7.861820631660521e-05,0.017035020016718333,0.0002901919069699943,0.0005922803829889745,0.3423206721475792,0.11718344257957045,fc,,0.0,0.3423206903017805,4,2,1,1,106,shrinkage
20260823-193110,full_s43_fixed_epochs5_pat2_dirichlet_a01_normmatched_lambda075,0.1446554320619854,0.020925194025039673,0.13914932744240252,0.01936253532767296,0.005506113306571829,3.0317283744807355e-05,0.0015626586973667145,0.961936413025793,0.9253216627049291,layer4_1_conv2,,0.0,0.9619363652758361,4,2,1,2,107,shrinkage
20260823-193110,full_s43_fixed_epochs5_pat2_dirichlet_a01_normmatched_lambda075,0.026377477227561272,0.0006957713048905134,0.009029556034339171,8.153288217727095e-05,0.017347921222122538,0.0003009503707289696,0.0006142384227132425,0.3423206835301284,0.11718345037253436,fc,,0.0,0.3423206903017805,4,2,1,2,107,shrinkage
20260823-193110,full_s43_fixed_epochs5_pat2_dirichlet_a01_normmatched_lambda075,0.14785513703473643,0.021861141547560692,0.14222723096623915,0.020228585228323936,0.0056279055017179665,3.167332033626735e-05,0.0016325563192367554,0.9619363508000734,0.9253215429905618,layer4_1_conv2,,0.0,0.9619363652758361,4,2,1,3,108,shrinkage
20260823-193110,full_s43_fixed_epochs5_pat2_dirichlet_a01_normmatched_lambda075,0.026638699375263974,0.0007096203044056892,0.00911897776174962,8.31557554192841e-05,0.017519721388449542,0.00030694063752889633,0.0006264645489864051,0.34232068290155615,0.11718344994218773,fc,,0.0,0.3423206903017805,4,2,1,3,108,shrinkage
20260823-193110,full_s43_fixed_epochs5_pat2_dirichlet_a01_normmatched_lambda075,0.14887167150850714,0.022162774577736855,0.14320507424917053,0.02050769329071045,0.0056665982898426856,3.211033617844805e-05,0.0016550812870264053,0.9619363630305394,0.925321566520422,layer4_1_conv2,,0.0,0.9619363652758361,4,2,2,1,109,shrinkage
20260823-193110,full_s43_fixed_epochs5_pat2_dirichlet_a01_normmatched_lambda075,0.026690466038409542,0.0007123809773474932,0.009136698476294702,8.347925904672593e-05,0.017553767905852467,0.0003081347676925361,0.0006289017183007672,0.34232067971935454,0.1171834477635209,fc,,0.0,0.3423206903017805,4,2,2,1,109,shrinkage
20260823-193110,full_s43_fixed_epochs5_pat2_dirichlet_a01_normmatched_lambda075,0.14809193667669876,0.021931221708655357,0.14245501520321868,0.020293431356549263,0.0056369190454337095,3.177485632477328e-05,0.0016377903521060944,0.9619363376563431,0.925321517703698,layer4_1_conv2,,0.0,0.9619363652758361,4,2,2,2,110,shrinkage
20260823-193110,full_s43_fixed_epochs5_pat2_dirichlet_a01_normmatched_lambda075,0.026581414935207746,0.0007065716199576855,0.009099368434151224,8.27985059004277e-05,0.017482047968660954,0.00030562200117856264,0.0006237731140572578,0.34232069497921586,0.11718345821105335,fc,,0.0,0.3423206903017805,4,2,2,2,110,shrinkage
20260823-193110,full_s43_fixed_epochs5_pat2_dirichlet_a01_normmatched_lambda075,0.14515008412334726,0.021068546921014786,0.13962514056102196,0.019495179876685143,0.005524941427191208,3.0524977773893625e-05,0.0015733670443296432,0.9619363392333259,0.9253215207376124,layer4_1_conv2,,0.0,0.9619363652758361,4,2,2,3,111,shrinkage
20260823-193110,full_s43_fixed_epochs5_pat2_dirichlet_a01_normmatched_lambda075,0.026262744262582176,0.000689731736201793,0.008990280041701932,8.08251352282241e-05,0.01727246395009042,0.00029833801090717316,0.0006089066009735689,0.3423206635153824,0.11718343666961166,fc,,0.0,0.3423206903017805,4,2,2,3,111,shrinkage
20260823-193110,full_s43_fixed_epochs5_pat2_dirichlet_a01_normmatched_lambda075,0.1413588581440486,0.01998232677578926,0.13597822593234782,0.018490077927708626,0.005380633197663394,2.89512136077974e-05,0.001492248848080635,0.961936363363817,0.9253215671616053,layer4_1_conv2,,0.0,0.9619363652758361,4,2,3,1,112,shrinkage
20260823-193110,full_s43_fixed_epochs5_pat2_dirichlet_a01_normmatched_lambda075,0.025877770362973052,0.0006696589989587665,0.008858495871128216,7.847294909879565e-05,0.017019274308784714,0.00028965569799765944,0.0005911860498599708,0.34232067704732805,0.11718344593414108,fc,,0.0,0.3423206903017805,4,2,3,1,112,shrinkage
20260823-193110,full_s43_fixed_epochs5_pat2_dirichlet_a01_normmatched_lambda075,0.13657127328184152,0.01865171268582344,0.13137286770303383,0.01725883036851883,0.005198400406220777,2.702336678339634e-05,0.0013928823173046112,0.9619363175440288,0.9253214790101664,layer4_1_conv2,,0.0,0.9619363652758361,4,2,3,2,113,shrinkage
20260823-193110,full_s43_fixed_epochs5_pat2_dirichlet_a01_normmatched_lambda075,0.0253610186177883,0.0006431812653318048,0.008681600643533615,7.537018973380327e-05,0.016679416454399965,0.00027820293325930834,0.0005678110755980015,0.34232066047395715,0.11718343458732625,fc,,0.0,0.3423206903017805,4,2,3,2,113,shrinkage
20260823-193110,full_s43_fixed_epochs5_pat2_dirichlet_a01_normmatched_lambda075,0.13133599183429376,0.01724914275109768,0.12633686143984174,0.015961002558469772,0.004999126745673674,2.499126821930986e-05,0.0012881401926279068,0.9619363258720472,0.9253214950322135,layer4_1_conv2,,0.0,0.9619363652758361,4,2,3,3,114,shrinkage
20260823-193110,full_s43_fixed_epochs5_pat2_dirichlet_a01_normmatched_lambda075,0.024771359912331353,0.0006136202719062567,0.008479748975852918,7.190614269347861e-05,0.016291610503623294,0.0002654165728017688,0.0005417141292127781,0.342320688321663,0.11718345365301716,fc,,0.0,0.3423206903017805,4,2,3,3,114,shrinkage
20260823-193110,full_s43_fixed_epochs5_pat2_dirichlet_a01_normmatched_lambda075,0.13726019592925529,0.018840361386537552,0.13244720318034922,0.017542261630296707,0.004813003706329263,2.3165004677139223e-05,0.0012980997562408447,0.9649352624311661,0.9311000606831031,layer4_1_conv2,,0.0,0.9649351948604661,5,2,1,1,115,shrinkage
20260823-193110,full_s43_fixed_epochs5_pat2_dirichlet_a01_normmatched_lambda075,0.025432357512409066,0.0006468048086389899,0.008690120670254872,7.551819726359099e-05,0.016742235647745095,0.00028030245448462665,0.0005712866113753989,0.3416954431383229,0.11675577586149488,fc,,0.0,0.34169544717766015,5,2,1,1,115,shrinkage
20260823-193110,full_s43_fixed_epochs5_pat2_dirichlet_a01_normmatched_lambda075,0.14225269436924312,0.020235829055309296,0.13726463330539718,0.01884157955646515,0.004988064762901149,2.4880790078896098e-05,0.0013942494988441467,0.9649352085318081,0.9310999566643238,layer4_1_conv2,,0.0,0.9649351948604661,5,2,1,2,116,shrinkage
20260823-193110,full_s43_fixed_epochs5_pat2_dirichlet_a01_normmatched_lambda075,0.025850285817393875,0.000668237276840955,0.008832925546504477,7.802057371009141e-05,0.017017360653905685,0.0002895905636250973,0.0005902167031308636,0.34169546940022877,0.11675579380864266,fc,,0.0,0.34169544717766015,5,2,1,2,116,shrinkage
20260823-193110,full_s43_fixed_epochs5_pat2_dirichlet_a01_normmatched_lambda075,0.1437970664883074,0.0206775963306427,0.13875485341931276,0.01925290934741497,0.005042217798120023,2.542396032367833e-05,0.0014246869832277298,0.9649352160504288,0.9310999711742874,layer4_1_conv2,,0.0,0.9649351948604661,5,2,1,3,117,shrinkage
20260823-193110,full_s43_fixed_epochs5_pat2_dirichlet_a01_normmatched_lambda075,0.026049016620617274,0.000678551266901195,0.008900830767461228,7.922478835098445e-05,0.017148186516445754,0.000294060300802812,0.0005993264785502106,0.34169546194755007,0.11675578871554963,fc,,0.0,0.34169544717766015,5,2,1,3,117,shrinkage
20260823-193110,full_s43_fixed_epochs5_pat2_dirichlet_a01_normmatched_lambda075,0.1441394159736687,0.0207761712372303,0.1390851939896671,0.019344691187143326,0.005054222316599795,2.5545163225615397e-05,0.001431480050086975,0.9649351848010478,0.9310999108670319,layer4_1_conv2,,0.0,0.9649351948604661,5,2,2,1,118,shrinkage
20260823-193110,full_s43_fixed_epochs5_pat2_dirichlet_a01_normmatched_lambda075,0.026096655982206993,0.00068103545345366,0.008917108419964457,7.951482257340103e-05,0.017179546629279136,0.0002951368223875761,0.000601520630880259,0.3416954427434782,0.11675577559166161,fc,,0.0,0.34169544717766015,5,2,2,1,118,shrinkage
20260823-193110,full_s43_fixed_epochs5_pat2_dirichlet_a01_normmatched_lambda075,0.14254386699312271,0.020318754017353058,0.13754559216198486,0.01891878992319107,0.004998274691524372,2.4982749891933054e-05,0.0013999640941619873,0.9649351814527454,0.9310999044052426,layer4_1_conv2,,0.0,0.9649351948604661,5,2,2,2,119,shrinkage
20260823-193110,full_s43_fixed_epochs5_pat2_dirichlet_a01_normmatched_lambda075,0.025885195462730777,0.0006700433441437781,0.00884485336010442,7.823143096175045e-05,0.017040341925488766,0.0002903732529375702,0.0005918119131820276,0.3416954441328884,0.11675577654117184,fc,,0.0,0.34169544717766015,5,2,2,2,119,shrinkage
20260823-193110,full_s43_fixed_epochs5_pat2_dirichlet_a01_normmatched_lambda075,0.13921963942957574,0.019382108002901077,0.13433792828246421,0.018046678975224495,0.004881710993679684,2.3831102225813083e-05,0.0013354290276765823,0.9649351832319538,0.9310999078388843,layer4_1_conv2,,0.0,0.9649351948604661,5,2,2,3,120,shrinkage
20260823-193110,full_s43_fixed_epochs5_pat2_dirichlet_a01_normmatched_lambda075,0.025571335928529625,0.0006538932211697102,0.008737609678298128,7.634582289028913e-05,0.01683372610818842,0.00028337433468550444,0.000577547398279421,0.34169547116033483,0.1167557950114832,fc,,0.0,0.34169544717766015,5,2,2,3,120,shrinkage
20260823-193110,full_s43_fixed_epochs5_pat2_dirichlet_a01_normmatched_lambda075,0.13475807141129809,0.018159737810492516,0.13003281127672628,0.01690853200852871,0.004725267135116013,2.2328149498207495e-05,0.0012512058019638062,0.9649352347871636,0.9311000073337583,layer4_1_conv2,,0.0,0.9649351948604661,5,2,3,1,121,shrinkage
20260823-193110,full_s43_fixed_epochs5_pat2_dirichlet_a01_normmatched_lambda075,0.025079542007476422,0.0006289834273047745,0.008569566066075488,7.34374625608325e-05,0.016509976272408012,0.0002725793165154755,0.000555545964743942,0.3416954768759664,0.11675579891749406,fc,,0.0,0.34169544717766015,5,2,3,1,121,shrinkage
20260823-193110,full_s43_fixed_epochs5_pat2_dirichlet_a01_normmatched_lambda075,0.1300199831220818,0.016905196011066437,0.12546085547792463,0.015740426257252693,0.004559126623605029,2.0785635570064187e-05,0.0011647697538137436,0.9649351773882604,0.9310998965613138,layer4_1_conv2,,0.0,0.9649351948604661,5,2,3,2,122,shrinkage
20260823-193110,full_s43_fixed_epochs5_pat2_dirichlet_a01_normmatched_lambda075,0.024566510596973425,0.0006035134429112077,0.008394265386108803,7.046369137242436e-05,0.01617224518091958,0.0002615415141917765,0.0005330497515387833,0.34169547005763895,0.11675579425791081,fc,,0.0,0.34169544717766015,5,2,3,2,122,shrinkage
20260823-193110,full_s43_fixed_epochs5_pat2_dirichlet_a01_normmatched_lambda075,0.12498940109975414,0.015622350387275219,0.12060666952423457,0.014545968733727932,0.004382730449573696,1.920832619362045e-05,0.001076381653547287,0.9649351742071177,0.9310998904221207,layer4_1_conv2,,0.0,0.9649351948604661,5,2,3,3,123,shrinkage
20260823-193110,full_s43_fixed_epochs5_pat2_dirichlet_a01_normmatched_lambda075,0.023980491716778102,0.0005750639829784632,0.008194025224181611,6.71420493745245e-05,0.015786466369326117,0.0002492125204298645,0.0005079219336039387,0.34169546316886446,0.11675578955018481,fc,,0.0,0.34169544717766015,5,2,3,3,123,shrinkage
20260823-193110,full_s43_fixed_epochs5_pat2_dirichlet_a01_normmatched_lambda075,0.13052979999693057,0.017038028687238693,0.126250700641803,0.015939239412546158,0.004279099994125734,1.8310696759726852e-05,0.0010987892746925354,0.9672174526029443,0.9355096006197291,layer4_1_conv2,,0.0,0.9672174166085817,6,2,1,1,124,shrinkage
20260823-193110,full_s43_fixed_epochs5_pat2_dirichlet_a01_normmatched_lambda075,0.024619017048018315,0.0006060960004106164,0.008494873445666809,7.216287485789508e-05,0.01612414369601242,0.000259988009929657,0.0005339331255527213,0.3450533150490099,0.11906179022631126,fc,,0.0,0.3450533037435134,6,2,1,1,124,shrinkage
20260823-193110,full_s43_fixed_epochs5_pat2_dirichlet_a01_normmatched_lambda075,0.13564178128953136,0.018398692831397057,0.1311950932050399,0.0172121524810791,0.004446684217608824,1.97730005311314e-05,0.001186540350317955,0.9672174160334869,0.9355095298784952,layer4_1_conv2,,0.0,0.9672174166085817,6,2,1,2,125,shrinkage
20260823-193110,full_s43_fixed_epochs5_pat2_dirichlet_a01_normmatched_lambda075,0.025060716906652965,0.0006280395318754017,0.008647283455865249,7.477551116608083e-05,0.016413433518913837,0.00026940079987980425,0.0005532640207093209,0.3450533154368629,0.11906179049397121,fc,,0.0,0.3450533037435134,6,2,1,2,125,shrinkage
20260823-193110,full_s43_fixed_epochs5_pat2_dirichlet_a01_normmatched_lambda075,0.13764573956653758,0.018946349620819092,0.1331333674120493,0.017724493518471718,0.004512379338492934,2.0361567294457927e-05,0.001221856102347374,0.9672174949351992,0.9355096825087222,layer4_1_conv2,,0.0,0.9672174166085817,6,2,1,3,126,shrinkage
20260823-193110,full_s43_fixed_epochs5_pat2_dirichlet_a01_normmatched_lambda075,0.025234798791001774,0.0006367950700223446,0.00870735088539205,7.581795944133773e-05,0.016527446980132577,0.00027315650368109345,0.0005609771105810069,0.34505331140175044,0.11906178770931337,fc,,0.0,0.3450533037435134,6,2,1,3,126,shrinkage
20260823-193110,full_s43_fixed_epochs5_pat2_dirichlet_a01_normmatched_lambda075,0.13822106840615836,0.019105063751339912,0.13368982964777973,0.017872970551252365,0.004531239778562643,2.0532133930828422e-05,0.0012320932000875473,0.9672174523708373,0.9355096001707329,layer4_1_conv2,,0.0,0.9672174166085817,6,2,2,1,127,shrinkage
20260823-193110,full_s43_fixed_epochs5_pat2_dirichlet_a01_normmatched_lambda075,0.02525403577752171,0.0006377663230523467,0.008713988537730581,7.593359623569995e-05,0.016540046980523124,0.00027357315411791205,0.0005618327268166468,0.3450533061130288,0.11906178405953156,fc,,0.0,0.3450533037435134,6,2,2,1,127,shrinkage
20260823-193110,full_s43_fixed_epochs5_pat2_dirichlet_a01_normmatched_lambda075,0.1378694272160137,0.019007978960871696,0.13334972056129651,0.017782147973775864,0.00451971201501169,2.0427796698641032e-05,0.0012258309870958328,0.9672174843547025,0.935509662041439,layer4_1_conv2,,0.0,0.9672174166085817,6,2,2,2,128,shrinkage
20260823-193110,full_s43_fixed_epochs5_pat2_dirichlet_a01_normmatched_lambda075,0.025090754196313875,0.0006295459461398423,0.008657647689832987,7.495486352127045e-05,0.01643310570536211,0.00027004696312360466,0.0005545910826185718,0.3450533061738294,0.11906178410149047,fc,,0.0,0.3450533037435134,6,2,2,2,128,shrinkage
20260823-193110,full_s43_fixed_epochs5_pat2_dirichlet_a01_normmatched_lambda075,0.13487325047267765,0.018190793693065643,0.13045176321221957,0.017017662525177002,0.004421489821734803,1.954957224370446e-05,0.0011731311678886414,0.9672174634706103,0.9355096216425213,layer4_1_conv2,,0.0,0.9672174166085817,6,2,2,3,129,shrinkage
20260823-193110,full_s43_fixed_epochs5_pat2_dirichlet_a01_normmatched_lambda075,0.024737252629650628,0.000611931667663157,0.008535670483470452,7.285767060238868e-05,0.016201582005812613,0.0002624912594910711,0.0005390739970607683,0.34505329315509375,0.11906177511717503,fc,,0.0,0.3450533037435134,6,2,2,3,129,shrinkage
20260823-193110,full_s43_fixed_epochs5_pat2_dirichlet_a01_normmatched_lambda075,0.1304455662304682,0.01701604574918747,0.12616923480032147,0.015918675810098648,0.004276339014078796,1.8287075363332406e-05,0.0010973699390888214,0.9672175026432756,0.9355096974194946,layer4_1_conv2,,0.0,0.9672174166085817,6,2,3,1,130,shrinkage
20260823-193110,full_s43_fixed_epochs5_pat2_dirichlet_a01_normmatched_lambda075,0.024201803180999654,0.0005857272772118449,0.008350912523636374,6.973773997742683e-05,0.01585089111022598,0.00025125074898824096,0.0005159895372344181,0.34505331942342654,0.11906179324512522,fc,,0.0,0.3450533037435134,6,2,3,1,130,shrinkage
20260823-193110,full_s43_fixed_epochs5_pat2_dirichlet_a01_normmatched_lambda075,0.12589011072170003,0.015848319977521896,0.12176310984518805,0.014826254919171333,0.004126999351951277,1.703212365100626e-05,0.001022065058350563,0.9672174338964927,0.9355095644333162,layer4_1_conv2,,0.0,0.9672174166085817,6,2,3,2,131,shrinkage
20260823-193110,full_s43_fixed_epochs5_pat2_dirichlet_a01_normmatched_lambda075,0.0236897294987394,0.0005612032837234437,0.008174219784360129,6.681786908302456e-05,0.015515509611431314,0.0002407310385024175,0.0004943854146404192,0.34505331877238626,0.11906179279583803,fc,,0.0,0.3450533037435134,6,2,3,2,131,shrinkage
20260823-193110,full_s43_fixed_epochs5_pat2_dirichlet_a01_normmatched_lambda075,0.12035027041139403,0.014484187588095665,0.11640488044521954,0.013550096191465855,0.003945389259413151,1.556609640829265e-05,0.0009340913966298103,0.9672174399551581,0.9355095761534098,layer4_1_conv2,,0.0,0.9672174166085817,6,2,3,3,132,shrinkage
20260823-193110,full_s43_fixed_epochs5_pat2_dirichlet_a01_normmatched_lambda075,0.023078203426665597,0.0005326034734025598,0.007963210008760858,6.34127136436291e-05,0.015114991684072033,0.0002284629736095667,0.00046919075975893065,0.34505328952771974,0.11906177261390037,fc,,0.0,0.3450533037435134,6,2,3,3,132,shrinkage
20260823-193110,full_s43_fixed_epochs5_pat2_dirichlet_a01_normmatched_lambda075,0.051617792856053835,0.0026643965393304825,0.04892833440366347,0.002393981907516718,0.0026894593897406243,7.23319180906401e-06,0.00027041463181376457,0.9478966785757299,0.8985081132549004,layer4_1_conv2,,0.0,0.9478966303321283,1,3,1,1,106,shrinkage
20260823-193110,full_s43_fixed_epochs5_pat2_dirichlet_a01_normmatched_lambda075,0.008178174478103253,6.688253779429942e-05,0.0029611168273316678,8.768212865106761e-06,0.005217057370049493,2.721768760238774e-05,5.811432492919266e-05,0.36207552617762606,0.13109868665680474,fc,,0.0,0.3620755256231488,1,3,1,1,106,shrinkage
20260823-193110,full_s43_fixed_epochs5_pat2_dirichlet_a01_normmatched_lambda075,0.07266395563877125,0.005280050449073315,0.06887791692291201,0.004744167439639568,0.003786034667760317,1.4334058505482972e-05,0.0005358830094337463,0.9478966059227427,0.8985079755198556,layer4_1_conv2,,0.0,0.9478966303321283,1,3,1,2,107,shrinkage
20260823-193110,full_s43_fixed_epochs5_pat2_dirichlet_a01_normmatched_lambda075,0.01192867241180607,0.00014229322550818324,0.004319080533304116,1.8654456653166562e-05,0.007609592010838633,5.790589057141915e-05,0.00012363876885501668,0.362075542373804,0.13109869838528435,fc,,0.0,0.3620755256231488,1,3,1,2,107,shrinkage
20260823-193110,full_s43_fixed_epochs5_pat2_dirichlet_a01_normmatched_lambda075,0.08995449455534603,0.008091811090707779,0.08526756050558285,0.007270556874573231,0.00468692962335349,2.196730929426849e-05,0.0008212542161345482,0.947896610692649,0.8985079845626112,layer4_1_conv2,,0.0,0.9478966303321283,1,3,1,3,108,shrinkage
20260823-193110,full_s43_fixed_epochs5_pat2_dirichlet_a01_normmatched_lambda075,0.015270123087066776,0.00023317665909416974,0.005528938179119653,3.0569157388526946e-05,0.009741184824953956,9.489068179391325e-05,0.0002026075017056428,0.36207554762950517,0.1310987021912061,fc,,0.0,0.3620755256231488,1,3,1,3,108,shrinkage
20260823-193110,full_s43_fixed_epochs5_pat2_dirichlet_a01_normmatched_lambda075,0.10549542301710689,0.011129284277558327,0.09999876487237384,0.009999752976000309,0.005496664058087313,3.0213315767468885e-05,0.0011295313015580177,0.9478967144968771,0.898508181353974,layer4_1_conv2,,0.0,0.9478966303321283,1,3,1,4,109,shrinkage
20260823-193110,full_s43_fixed_epochs5_pat2_dirichlet_a01_normmatched_lambda075,0.018054122711855213,0.00032595134689472616,0.006536955993086404,4.2731793655548245e-05,0.011517166167806995,0.00013264511653687805,0.0002832195532391779,0.36207552687087485,0.13109868715882161,fc,,0.0,0.3620755256231488,1,3,1,4,109,shrinkage
20260823-193110,full_s43_fixed_epochs5_pat2_dirichlet_a01_normmatched_lambda075,0.11853546696922469,0.01405065692961216,0.11235937362711214,0.012624628841876984,0.0061760938328996,3.814413503278047e-05,0.001426028087735176,0.9478966633360794,0.8985080843636726,layer4_1_conv2,,0.0,0.9478966303321283,1,3,2,1,110,shrinkage
20260823-193110,full_s43_fixed_epochs5_pat2_dirichlet_a01_normmatched_lambda075,0.02038963075201573,0.00041573704220354557,0.007382586486134632,5.4502583225257695e-05,0.013007043699078362,0.00016918318578973413,0.0003612344589782879,0.36207553613518895,0.13109869386758455,fc,,0.0,0.3620755256231488,1,3,2,1,110,shrinkage
20260823-193110,full_s43_fixed_epochs5_pat2_dirichlet_a01_normmatched_lambda075,0.12809751873004904,0.016408974304795265,0.12142321160051694,0.014743596315383911,0.006674308627614755,4.454639565665275e-05,0.001665377989411354,0.9478966712571737,0.8985080993804303,layer4_1_conv2,,0.0,0.9478966303321283,1,3,2,2,111,shrinkage
20260823-193110,full_s43_fixed_epochs5_pat2_dirichlet_a01_normmatched_lambda075,0.022308464415290042,0.0004976675845682621,0.008077348751792638,6.524356285808608e-05,0.0142311145477949,0.00020252462127245963,0.000432424021710176,0.36207551543783034,0.13109867887957047,fc,,0.0,0.3620755256231488,1,3,2,2,111,shrinkage
20260823-193110,full_s43_fixed_epochs5_pat2_dirichlet_a01_normmatched_lambda075,0.13432515073587098,0.018043246120214462,0.12732635800536055,0.01621200144290924,0.006998789113489259,4.898304905509576e-05,0.0018312446773052216,0.9478966322228631,0.8985080253794456,layer4_1_conv2,,0.0,0.9478966303321283,1,3,2,3,112,shrinkage
20260823-193110,full_s43_fixed_epochs5_pat2_dirichlet_a01_normmatched_lambda075,0.02372012010833914,0.0005626440979540348,0.008588475537763623,7.376191206276417e-05,0.015131645736902243,0.00022896670270711184,0.0004888821858912706,0.36207555014631754,0.13109870401375853,fc,,0.0,0.3620755256231488,1,3,2,3,112,shrinkage
20260823-193110,full_s43_fixed_epochs5_pat2_dirichlet_a01_normmatched_lambda075,0.1386182439549144,0.019215017557144165,0.13139576367733796,0.017264846712350845,0.007222473733274993,5.216412682784721e-05,0.0019501708447933197,0.9478966110700007,0.8985079852779919,layer4_1_conv2,,0.0,0.9478966303321283,1,3,2,4,113,shrinkage
20260823-193110,full_s43_fixed_epochs5_pat2_dirichlet_a01_normmatched_lambda075,0.02480132754164765,0.0006151058478280902,0.008979954146942488,8.063957648118958e-05,0.015821374015751913,0.00025031587574630976,0.0005344662713469006,0.3620755434104442,0.13109869913596844,fc,,0.0,0.3620755256231488,1,3,2,4,113,shrinkage
20260823-193110,full_s43_fixed_epochs5_pat2_dirichlet_a01_normmatched_lambda075,0.14092759848278769,0.019860588014125824,0.13358480635481512,0.017844900488853455,0.007342798786180457,5.391669401433319e-05,0.0020156875252723694,0.9478967057764106,0.898508164821771,layer4_1_conv2,,0.0,0.9478966303321283,1,3,3,1,114,shrinkage
20260823-193110,full_s43_fixed_epochs5_pat2_dirichlet_a01_normmatched_lambda075,0.025566229710359177,0.0006536321016028523,0.009256906648674257,8.569032070226967e-05,0.01630932315891315,0.00026599402190186083,0.0005679417809005827,0.3620755486259068,0.13109870291275139,fc,,0.0,0.3620755256231488,1,3,3,1,114,shrinkage
20260823-193110,full_s43_fixed_epochs5_pat2_dirichlet_a01_normmatched_lambda075,0.14218976417247897,0.020217929035425186,0.13478120769028648,0.01816597394645214,0.0074085619500058614,5.488679016707465e-05,0.0020519550889730453,0.9478966961840813,0.8985081466366966,layer4_1_conv2,,0.0,0.9478966303321283,1,3,3,2,115,shrinkage
20260823-193110,full_s43_fixed_epochs5_pat2_dirichlet_a01_normmatched_lambda075,0.026085377432465185,0.0006804469157941639,0.009444876898274663,8.92056996235624e-05,0.016640500028458852,0.000276906241197139,0.0005912412161706015,0.36207553150140787,0.131098690512027,fc,,0.0,0.3620755256231488,1,3,3,2,115,shrinkage
20260823-193110,full_s43_fixed_epochs5_pat2_dirichlet_a01_normmatched_lambda075,0.14153234171093615,0.020031403750181198,0.13415802943251157,0.017998376861214638,0.007374307602816548,5.438041262095794e-05,0.0020330268889665604,0.9478966278005505,0.8985080169956551,layer4_1_conv2,,0.0,0.9478966303321283,1,3,3,3,116,shrinkage
20260823-193110,full_s43_fixed_epochs5_pat2_dirichlet_a01_normmatched_lambda075,0.02636412430559986,0.0006950670504011214,0.009545804106204793,9.112237603403628e-05,0.01681831974513947,0.0002828558790497482,0.0006039446743670851,0.3620755233723891,0.13109868462538943,fc,,0.0,0.3620755256231488,1,3,3,3,116,shrinkage
20260823-193110,full_s43_fixed_epochs5_pat2_dirichlet_a01_normmatched_lambda075,0.13985360020305387,0.01955902948975563,0.1325667576139853,0.017573945224285126,0.007286839669391369,5.3098032367415726e-05,0.0019850842654705048,0.9478966392106546,0.8985080386268539,layer4_1_conv2,,0.0,0.9478966303321283,1,3,3,4,117,shrinkage
20260823-193110,full_s43_fixed_epochs5_pat2_dirichlet_a01_normmatched_lambda075,0.02645116695445413,0.0006996642332524061,0.009577319988135215,9.172505815513432e-05,0.0168738458352418,0.000284726673271507,0.0006079391750972718,0.36207551843086017,0.13109868104697617,fc,,0.0,0.3620755256231488,1,3,3,4,117,shrinkage
20260823-193110,full_s43_fixed_epochs5_pat2_dirichlet_a01_normmatched_lambda075,0.1379990170588939,0.019043728709220886,0.13080880625649974,0.01711094379425049,0.007190209531075373,5.1699113100767136e-05,0.001932784914970398,0.9478966520513289,0.8985080629701182,layer4_1_conv2,,0.0,0.9478966303321283,1,3,4,1,118,shrinkage
20260823-193110,full_s43_fixed_epochs5_pat2_dirichlet_a01_normmatched_lambda075,0.026450953498242533,0.0006996529409661889,0.009577243257414748,9.172358841169626e-05,0.01687371043873058,0.0002847221039701253,0.0006079293525544927,0.3620755394716143,0.1310986962836605,fc,,0.0,0.3620755256231488,1,3,4,1,118,shrinkage
20260823-193110,full_s43_fixed_epochs5_pat2_dirichlet_a01_normmatched_lambda075,0.13530185689541804,0.018306592479348183,0.12825217622635746,0.016448620706796646,0.007049678723058959,4.96979700983502e-05,0.0018579717725515366,0.9478966450954944,0.8985080497832937,layer4_1_conv2,,0.0,0.9478966303321283,1,3,4,2,119,shrinkage
20260823-193110,full_s43_fixed_epochs5_pat2_dirichlet_a01_normmatched_lambda075,0.026327062912241756,0.0006931142415851355,0.009532385402688104,9.086637146538123e-05,0.01679467769738756,0.00028206119895912707,0.0006022478701197542,0.36207553552263755,0.13109869342400474,fc,,0.0,0.3620755256231488,1,3,4,2,119,shrinkage
20260823-193110,full_s43_fixed_epochs5_pat2_dirichlet_a01_normmatched_lambda075,0.1323097263296829,0.017505863681435585,0.12541594442791154,0.015729159116744995,0.006893778848472202,4.752418681164272e-05,0.00177670456469059,0.9478966354703676,0.8985080315360431,layer4_1_conv2,,0.0,0.9478966303321283,1,3,4,3,120,shrinkage
20260823-193110,full_s43_fixed_epochs5_pat2_dirichlet_a01_normmatched_lambda075,0.026119074786873496,0.0006822060677222908,0.00945707807158528,8.943632565205917e-05,0.01666199679566389,0.00027762213721871376,0.0005927697420702316,0.3620755386150993,0.13109869566341426,fc,,0.0,0.3620755256231488,1,3,4,3,120,shrinkage
20260823-193110,full_s43_fixed_epochs5_pat2_dirichlet_a01_normmatched_lambda075,0.12894667367294743,0.016627244651317596,0.12222811608014454,0.01493971236050129,0.006718552374341741,4.513894600677304e-05,0.001687532290816307,0.9478966195759075,0.8985080014034327,layer4_1_conv2,,0.0,0.9478966303321283,1,3,4,4,121,shrinkage
20260823-193110,full_s43_fixed_epochs5_pat2_dirichlet_a01_normmatched_lambda075,0.025769812356945955,0.0006640832289122045,0.009330619287088964,8.706045628059655e-05,0.01643919344316579,0.00027024708106182516,0.000577022772631608,0.3620755618181288,0.13109871246591356,fc,,0.0,0.3620755256231488,1,3,4,4,121,shrinkage
20260823-193110,full_s43_fixed_epochs5_pat2_dirichlet_a01_normmatched_lambda075,0.1346170809217749,0.018121758475899696,0.12861520972866214,0.016541872173547745,0.006001877312650027,3.602253127610311e-05,0.0015798863023519516,0.9554152329554642,0.9128182673633435,layer4_1_conv2,,0.0,0.9554151650813741,2,3,1,1,122,shrinkage
20260823-193110,full_s43_fixed_epochs5_pat2_dirichlet_a01_normmatched_lambda075,0.026874052466971485,0.0007222146959975362,0.009460033130724698,8.949222683440894e-05,0.017414019063268185,0.0003032480599358678,0.0006327224691631272,0.35201364373129757,0.12391360537298488,fc,,0.0,0.3520136519619947,2,3,1,1,122,shrinkage
20260823-193110,full_s43_fixed_epochs5_pat2_dirichlet_a01_normmatched_lambda075,0.14077911276893865,0.019818758592009544,0.13450249955095325,0.018090922385454178,0.006276609958653132,3.939583257306367e-05,0.0017278362065553665,0.9554151671044608,0.9128181415332447,layer4_1_conv2,,0.0,0.9554151650813741,2,3,1,2,123,shrinkage
20260823-193110,full_s43_fixed_epochs5_pat2_dirichlet_a01_normmatched_lambda075,0.0278183732066555,0.0007738618878647685,0.009792446764353249,9.58920136326924e-05,0.01802592639786125,0.00032493402250111103,0.0006779698742320761,0.3520136383104682,0.12391360155657313,fc,,0.0,0.3520136519619947,2,3,1,2,123,shrinkage
20260823-193110,full_s43_fixed_epochs5_pat2_dirichlet_a01_normmatched_lambda075,0.14552074093316253,0.021176286041736603,0.13903272717257706,0.01933009922504425,0.006488014523492869,4.2094332457054406e-05,0.0018461868166923523,0.9554151956691492,0.9128181961155191,layer4_1_conv2,,0.0,0.9554151650813741,2,3,1,3,124,shrinkage
20260823-193110,full_s43_fixed_epochs5_pat2_dirichlet_a01_normmatched_lambda075,0.028491118634425,0.0008117438410408795,0.010029262796407224,0.00010058611223939806,0.018461856324883195,0.0003408401389606297,0.0007111577288014814,0.3520136546793622,0.12391361308072128,fc,,0.0,0.3520136519619947,2,3,1,3,124,shrinkage
20260823-193110,full_s43_fixed_epochs5_pat2_dirichlet_a01_normmatched_lambda075,0.147557902508069,0.021773334592580795,0.14097906283272416,0.019875096157193184,0.006578841104882526,4.3281150283291936e-05,0.0018982384353876114,0.9554151992978819,0.9128182030494112,layer4_1_conv2,,0.0,0.9554151650813741,2,3,1,4,125,shrinkage
20260823-193110,full_s43_fixed_epochs5_pat2_dirichlet_a01_normmatched_lambda075,0.02888844221827335,0.0008345420937985182,0.010169126498885822,0.00010341113375034183,0.018719316126703876,0.0003504127962514758,0.0007311309600481763,0.3520136676824115,0.12391362223522326,fc,,0.0,0.3520136519619947,2,3,1,4,125,shrinkage
20260823-193110,full_s43_fixed_epochs5_pat2_dirichlet_a01_normmatched_lambda075,0.14928495526202307,0.02228599786758423,0.14262911133143777,0.02034306339919567,0.0066558416584750636,4.430022818269208e-05,0.0019429344683885574,0.9554151728223179,0.9128181524590997,layer4_1_conv2,,0.0,0.9554151650813741,2,3,2,1,126,shrinkage
20260823-193110,full_s43_fixed_epochs5_pat2_dirichlet_a01_normmatched_lambda075,0.02911322971059459,0.0008475801441818476,0.010248254313922229,0.00010502671648282558,0.01886497585664712,0.0003558873140718788,0.000742553427699022,0.352013652068042,0.12391361124228058,fc,,0.0,0.3520136519619947,2,3,2,1,126,shrinkage
20260823-193110,full_s43_fixed_epochs5_pat2_dirichlet_a01_normmatched_lambda075,0.14939221989163626,0.022318035364151,0.14273159702982288,0.020372308790683746,0.00666062391985242,4.436391100171022e-05,0.0019457265734672546,0.9554151958740238,0.9128181965069992,layer4_1_conv2,,0.0,0.9554151650813741,2,3,2,2,127,shrinkage
20260823-193110,full_s43_fixed_epochs5_pat2_dirichlet_a01_normmatched_lambda075,0.02914339633399215,0.000849337549880147,0.010258873165131757,0.00010524447861826047,0.018884523096686312,0.0003566252125892788,0.0007440930712618865,0.352013644791498,0.12391360611939492,fc,,0.0,0.3520136519619947,2,3,2,2,127,shrinkage
20260823-193110,full_s43_fixed_epochs5_pat2_dirichlet_a01_normmatched_lambda075,0.1483713805858721,0.022014066576957703,0.141756275764686,0.020094841718673706,0.0066151101834829,4.3759682739619166e-05,0.0019192248582839966,0.9554152236430966,0.9128182495689886,layer4_1_conv2,,0.0,0.9554151650813741,2,3,2,3,128,shrinkage
20260823-193110,full_s43_fixed_epochs5_pat2_dirichlet_a01_normmatched_lambda075,0.028898131311364147,0.0008351019932888448,0.010172536691024293,0.00010348050273023546,0.018725594703344013,0.0003506478969939053,0.0007316214905586094,0.3520136503436801,0.12391361002828268,fc,,0.0,0.3520136519619947,2,3,2,3,128,shrinkage
20260823-193110,full_s43_fixed_epochs5_pat2_dirichlet_a01_normmatched_lambda075,0.14533804904745123,0.021123148500919342,0.13885817304022108,0.019281592220067978,0.0064798693953172625,4.1988707380369306e-05,0.0018415562808513641,0.9554151438683854,0.9128180971330475,layer4_1_conv2,,0.0,0.9554151650813741,2,3,2,4,129,shrinkage
20260823-193110,full_s43_fixed_epochs5_pat2_dirichlet_a01_normmatched_lambda075,0.028578163997118808,0.0008167114574462175,0.010059903491264614,0.00010120165825355798,0.018518259969063047,0.0003429259522818029,0.0007155097991926596,0.35201363853461104,0.1239136017143758,fc,,0.0,0.3520136519619947,2,3,2,4,129,shrinkage
20260823-193110,full_s43_fixed_epochs5_pat2_dirichlet_a01_normmatched_lambda075,0.1412238443578051,0.019944174215197563,0.13492740374592632,0.01820540428161621,0.006296438357099675,3.964513598475605e-05,0.0017387699335813522,0.955415173404244,0.9128181535710613,layer4_1_conv2,,0.0,0.9554151650813741,2,3,3,1,130,shrinkage
20260823-193110,full_s43_fixed_epochs5_pat2_dirichlet_a01_normmatched_lambda075,0.02808789443883491,0.0007889298140071332,0.009887322224536515,9.775914077181369e-05,0.018200572683199818,0.00033126084599643946,0.0006911706732353196,0.3520136493701036,0.12391360934285821,fc,,0.0,0.3520136519619947,2,3,3,1,130,shrinkage
20260823-193110,full_s43_fixed_epochs5_pat2_dirichlet_a01_normmatched_lambda075,0.13622335873443117,0.018556803464889526,0.1301498679191177,0.016938988119363785,0.006073492835126825,3.688731521833688e-05,0.0016178153455257416,0.9554152028569945,0.9128182098502722,layer4_1_conv2,,0.0,0.9554151650813741,2,3,3,2,131,shrinkage
20260823-193110,full_s43_fixed_epochs5_pat2_dirichlet_a01_normmatched_lambda075,0.027465790642616353,0.000754369655624032,0.009668332722825463,9.347665763925761e-05,0.017797456908331,0.00031674947240389884,0.0006608929979847744,0.35201363210800585,0.12391359718987047,fc,,0.0,0.3520136519619947,2,3,3,2,131,shrinkage
20260823-193110,full_s43_fixed_epochs5_pat2_dirichlet_a01_normmatched_lambda075,0.1312727448646595,0.017232533544301987,0.12541996918519746,0.01573016867041588,0.005852770062907905,3.4254917409271e-05,0.0015023648738861084,0.9554151496908503,0.9128181082587898,layer4_1_conv2,,0.0,0.9554151650813741,2,3,3,3,132,shrinkage
20260823-193110,full_s43_fixed_epochs5_pat2_dirichlet_a01_normmatched_lambda075,0.02684060899395587,0.0007204182911664248,0.009448260484722075,8.926962618716061e-05,0.01739234736480646,0.00030249374685809016,0.0006311486649792641,0.3520136404822145,0.12391360308554177,fc,,0.0,0.3520136519619947,2,3,3,3,132,shrinkage
20260823-193110,full_s43_fixed_epochs5_pat2_dirichlet_a01_normmatched_lambda075,0.12635422806713417,0.01596539095044136,0.120720754187831,0.014573500491678715,0.00563347971156227,3.173609366058372e-05,0.0013918904587626457,0.9554152325135491,0.9128182665189187,layer4_1_conv2,,0.0,0.9554151650813741,2,3,3,4,133,shrinkage
20260823-193110,full_s43_fixed_epochs5_pat2_dirichlet_a01_normmatched_lambda075,0.026159475008083324,0.0006843181326985359,0.009208491938977574,8.479632379021496e-05,0.01695098234817448,0.00028733580256812274,0.000599521808908321,0.35201363697597654,0.1239136006170546,fc,,0.0,0.3520136519619947,2,3,3,4,133,shrinkage
20260823-193110,full_s43_fixed_epochs5_pat2_dirichlet_a01_normmatched_lambda075,0.1330522379015533,0.017702898010611534,0.12780294619298058,0.01633359305560589,0.005249289918943987,2.755504465312697e-05,0.0013693049550056458,0.9605471370390875,0.9226508024739875,layer4_1_conv2,,0.0,0.9605471671086554,3,3,1,1,134,shrinkage
20260823-193110,full_s43_fixed_epochs5_pat2_dirichlet_a01_normmatched_lambda075,0.027136997043903557,0.0007364166085608304,0.009644307638301524,9.301266982220113e-05,0.017492689357627184,0.00030599418096244335,0.0006434039387386292,0.35539332604482704,0.12630441619720476,fc,,0.0,0.3553933115986892,3,3,1,1,134,shrinkage
20260823-193110,full_s43_fixed_epochs5_pat2_dirichlet_a01_normmatched_lambda075,0.13899739434438044,0.019320275634527206,0.133513556777444,0.017825869843363762,0.005483843757670259,3.0072542358539067e-05,0.0014944057911634445,0.9605471916016666,0.9226509072938485,layer4_1_conv2,,0.0,0.9605471671086554,3,3,1,2,135,shrinkage
20260823-193110,full_s43_fixed_epochs5_pat2_dirichlet_a01_normmatched_lambda075,0.027864160522442432,0.0007764114416204393,0.009902736987656672,9.806419984670356e-05,0.01796142419719391,0.00032261275919154286,0.0006783472417737357,0.3553933368881069,0.12630442390446348,fc,,0.0,0.3553933115986892,3,3,1,2,135,shrinkage
20260823-193110,full_s43_fixed_epochs5_pat2_dirichlet_a01_normmatched_lambda075,0.14289228239188007,0.020418204367160797,0.13725476775113557,0.018838871270418167,0.005637507605149408,3.178149199811742e-05,0.00157933309674263,0.9605471020101444,0.9226507351800868,layer4_1_conv2,,0.0,0.9605471671086554,3,3,1,3,136,shrinkage
20260823-193110,full_s43_fixed_epochs5_pat2_dirichlet_a01_normmatched_lambda075,0.028274865516518588,0.000799468019977212,0.01004869824395986,0.00010097633639816195,0.018226167649978448,0.0003321931872051209,0.00069849168357905,0.3553933170111548,0.12630440977619115,fc,,0.0,0.3553933115986892,3,3,1,3,136,shrinkage
20260823-193110,full_s43_fixed_epochs5_pat2_dirichlet_a01_normmatched_lambda075,0.14473741879331198,0.020948920398950577,0.1390271136448182,0.019328538328409195,0.005710303656185346,3.260756784584373e-05,0.0016203820705413818,0.9605471398059944,0.9226508077894766,layer4_1_conv2,,0.0,0.9605471671086554,3,3,1,4,137,shrinkage
20260823-193110,full_s43_fixed_epochs5_pat2_dirichlet_a01_normmatched_lambda075,0.028499194532753416,0.0008122040890157223,0.010128422817164147,0.0001025849487632513,0.018370770914922438,0.0003374852240085602,0.000709619140252471,0.35539330087114573,0.1263043983040887,fc,,0.0,0.3553933115986892,3,3,1,4,137,shrinkage
20260823-193110,full_s43_fixed_epochs5_pat2_dirichlet_a01_normmatched_lambda075,0.14591243349936708,0.021290438249707222,0.14015577764867418,0.019643642008304596,0.005756661614782893,3.313915294711478e-05,0.001646796241402626,0.9605471877026993,0.9226508998035645,layer4_1_conv2,,0.0,0.9605471671086554,3,3,2,1,138,shrinkage
20260823-193110,full_s43_fixed_epochs5_pat2_dirichlet_a01_normmatched_lambda075,0.028575361239420644,0.0008165512699633837,0.010155492548596826,0.00010313402890460566,0.0184198692272689,0.0003392915823496878,0.000713417241058778,0.3553933216629644,0.1263044130826353,fc,,0.0,0.3553933115986892,3,3,2,1,138,shrinkage
20260823-193110,full_s43_fixed_epochs5_pat2_dirichlet_a01_normmatched_lambda075,0.14420810866850456,0.020795978605747223,0.1385186920859194,0.019187428057193756,0.005689421153739885,3.236951306462288e-05,0.0016085505485534668,0.9605471798006617,0.9226508846230047,layer4_1_conv2,,0.0,0.9605471671086554,3,3,2,2,139,shrinkage
20260823-193110,full_s43_fixed_epochs5_pat2_dirichlet_a01_normmatched_lambda075,0.02839263568483181,0.0008061417611315846,0.010090552813784045,0.0001018192560877651,0.01830208264856404,0.00033496622927486897,0.0007043225050438195,0.3553933113428676,0.12630440574724844,fc,,0.0,0.3553933115986892,3,3,2,2,139,shrinkage
20260823-193110,full_s43_fixed_epochs5_pat2_dirichlet_a01_normmatched_lambda075,0.14152072045763353,0.020028114318847656,0.13593732406341744,0.018478956073522568,0.005583395892934245,3.1174309697235e-05,0.0015491582453250885,0.960547145491055,0.9226508187110137,layer4_1_conv2,,0.0,0.9605471671086554,3,3,2,3,140,shrinkage
20260823-193110,full_s43_fixed_epochs5_pat2_dirichlet_a01_normmatched_lambda075,0.028034610670164547,0.0007859393954277039,0.009963313411323517,9.926761413225904e-05,0.018071298001422955,0.00032657181145623326,0.0006866717812954448,0.35539332179586275,0.12630441317709765,fc,,0.0,0.3553933115986892,3,3,2,3,140,shrinkage
20260823-193110,full_s43_fixed_epochs5_pat2_dirichlet_a01_normmatched_lambda075,0.13854373464857456,0.01919436641037464,0.13307779126530234,0.017709698528051376,0.005465945221482138,2.9876557164243422e-05,0.001484667882323265,0.9605471629797121,0.9226508523083734,layer4_1_conv2,,0.0,0.9605471671086554,3,3,2,4,141,shrinkage
20260823-193110,full_s43_fixed_epochs5_pat2_dirichlet_a01_normmatched_lambda075,0.027661555397260174,0.0007651616469956934,0.009830731679798168,9.664328536018729e-05,0.01783082296089372,0.0003179382474627346,0.0006685183616355062,0.3553933080990769,0.12630440344160537,fc,,0.0,0.3553933115986892,3,3,2,4,141,shrinkage
20260823-193110,full_s43_fixed_epochs5_pat2_dirichlet_a01_normmatched_lambda075,0.13449148961799368,0.0180879607796669,0.12918541763188696,0.016688872128725052,0.005306072492868349,2.8154405299574137e-05,0.0013990886509418488,0.9605471543130502,0.9226508356588987,layer4_1_conv2,,0.0,0.9605471671086554,3,3,3,1,142,shrinkage
20260823-193110,full_s43_fixed_epochs5_pat2_dirichlet_a01_normmatched_lambda075,0.027095226199709055,0.0007341512828134,0.00962946260520186,9.272655006498098e-05,0.017465763793141475,0.00030505290487781167,0.000641424732748419,0.3553933277480909,0.12630441740786194,fc,,0.0,0.3553933115986892,3,3,3,1,142,shrinkage
20260823-193110,full_s43_fixed_epochs5_pat2_dirichlet_a01_normmatched_lambda075,0.129885142886258,0.016870150342583656,0.12476080121369679,0.015565257519483566,0.005124339078754862,2.6258850994054228e-05,0.00130489282310009,0.9605471298819092,0.9226507887243732,layer4_1_conv2,,0.0,0.9605471671086554,3,3,3,2,143,shrinkage
20260823-193110,full_s43_fixed_epochs5_pat2_dirichlet_a01_normmatched_lambda075,0.02652078501510164,0.0007033520378172398,0.00942530950826326,8.883645932655782e-05,0.01709547460979235,0.0002922552521340549,0.000614515578490682,0.355393307660246,0.12630440312969027,fc,,0.0,0.3553933115986892,3,3,3,2,143,shrinkage
20260823-193110,full_s43_fixed_epochs5_pat2_dirichlet_a01_normmatched_lambda075,0.1251645495250073,0.015666164457798004,0.12022645368998107,0.014454400166869164,0.004938098351914254,2.4384815333178267e-05,0.0012117642909288406,0.9605471688767623,0.9226508636371635,layer4_1_conv2,,0.0,0.9605471671086554,3,3,3,3,144,shrinkage
20260823-193110,full_s43_fixed_epochs5_pat2_dirichlet_a01_normmatched_lambda075,0.025898909934871452,0.0006707535358145833,0.009204299710237932,8.471913315588608e-05,0.01669461018704408,0.000278710009297356,0.0005860344026586972,0.3553933247918226,0.12630441530658593,fc,,0.0,0.3553933115986892,3,3,3,3,144,shrinkage
20260823-193110,full_s43_fixed_epochs5_pat2_dirichlet_a01_normmatched_lambda075,0.12030006458990443,0.014472105540335178,0.11555388170809486,0.01335269957780838,0.004746180587408787,2.2526230168296024e-05,0.0011194059625267982,0.9605471293969041,0.922650787792633,layer4_1_conv2,,0.0,0.9605471671086554,3,3,3,4,145,shrinkage
20260823-193110,full_s43_fixed_epochs5_pat2_dirichlet_a01_normmatched_lambda075,0.02521308163292681,0.0006356994854286313,0.008960560666835359,8.029164746403694e-05,0.016252521169729483,0.00026414444437250495,0.0005554078379645944,0.35539331515642225,0.12630440845787208,fc,,0.0,0.3553933115986892,3,3,3,4,145,shrinkage
20260823-193110,full_s43_fixed_epochs5_pat2_dirichlet_a01_normmatched_lambda075,0.1265844493835707,0.016023622825741768,0.12181019343780367,0.014837723225355148,0.004774255555500968,2.279351610923186e-05,0.0011858996003866196,0.962284024862325,0.925990544505236,layer4_1_conv2,,0.0,0.9622840285472485,4,3,1,1,146,shrinkage
20260823-193110,full_s43_fixed_epochs5_pat2_dirichlet_a01_normmatched_lambda075,0.026093684834553103,0.0006808803882449865,0.009370719393724946,8.781038195593283e-05,0.01672296627136456,0.0002796576009131968,0.0005930700062890537,0.3591182867862455,0.1289659439042881,fc,,0.0,0.3591182929868059,4,3,1,1,146,shrinkage
20260823-193110,full_s43_fixed_epochs5_pat2_dirichlet_a01_normmatched_lambda075,0.13256217703269596,0.017572730779647827,0.1275624690403917,0.016272183507680893,0.004999711436798413,2.4997114451252855e-05,0.0013005472719669342,0.9622840533837107,0.925990599396584,layer4_1_conv2,,0.0,0.9622840285472485,4,3,1,2,147,shrinkage
20260823-193110,full_s43_fixed_epochs5_pat2_dirichlet_a01_normmatched_lambda075,0.026745006575466936,0.0007152953767217696,0.009604620655104373,9.224873792845756e-05,0.017140385278548557,0.00029379280749708414,0.000623046638793312,0.3591182760790437,0.12896593621398422,fc,,0.0,0.3591182929868059,4,3,1,2,147,shrinkage
20260823-193110,full_s43_fixed_epochs5_pat2_dirichlet_a01_normmatched_lambda075,0.13692186798614586,0.018747597932815552,0.13175773420424838,0.017360100522637367,0.005164141403998897,2.66683564404957e-05,0.0013874974101781845,0.9622840831939278,0.9259906567683784,layer4_1_conv2,,0.0,0.9622840285472485,4,3,1,3,148,shrinkage
20260823-193110,full_s43_fixed_epochs5_pat2_dirichlet_a01_normmatched_lambda075,0.0271877635625829,0.0007391744875349104,0.009763622823747667,9.532833064440638e-05,0.017424140780700825,0.00030360068194568157,0.0006438461568905041,0.35911827764990684,0.1289659373422356,fc,,0.0,0.3591182929868059,4,3,1,3,148,shrinkage
20260823-193110,full_s43_fixed_epochs5_pat2_dirichlet_a01_normmatched_lambda075,0.13901975140745357,0.01932649128139019,0.13377648315322183,0.017896147444844246,0.005243264965209763,2.7491827495396137e-05,0.0014303438365459442,0.9622840049622573,0.9259905062062017,layer4_1_conv2,,0.0,0.9622840285472485,4,3,1,4,149,shrinkage
20260823-193110,full_s43_fixed_epochs5_pat2_dirichlet_a01_normmatched_lambda075,0.027415420065939708,0.0007516052573919296,0.009845378918116108,9.69314860412851e-05,0.017570041745047345,0.00030870636692270637,0.0006546737713506445,0.35911829526726025,0.1289659499956631,fc,,0.0,0.3591182929868059,4,3,1,4,149,shrinkage
20260823-193110,full_s43_fixed_epochs5_pat2_dirichlet_a01_normmatched_lambda075,0.13975080992646519,0.019530288875102997,0.13447996630776862,0.01808486133813858,0.005270837420429211,2.7781727112596855e-05,0.0014454275369644165,0.9622839851771163,0.9259904681283526,layer4_1_conv2,,0.0,0.9622840285472485,4,3,2,1,150,shrinkage
20260823-193110,full_s43_fixed_epochs5_pat2_dirichlet_a01_normmatched_lambda075,0.027417037875510215,0.0007516939658671618,0.009845959772752202,9.69429238466546e-05,0.01757107864982791,0.0003087428049184382,0.0006547510420205072,0.35911829051186206,0.12896594658016214,fc,,0.0,0.3591182929868059,4,3,2,1,150,shrinkage
20260823-193110,full_s43_fixed_epochs5_pat2_dirichlet_a01_normmatched_lambda075,0.13776498749715158,0.018979191780090332,0.13256904784527862,0.017574552446603775,0.0051959404586033025,2.6997797249350697e-05,0.001404639333486557,0.962284033510471,0.9259905611491812,layer4_1_conv2,,0.0,0.9622840285472485,4,3,2,2,151,shrinkage
20260823-193110,full_s43_fixed_epochs5_pat2_dirichlet_a01_normmatched_lambda075,0.027189819867949203,0.0007392863044515252,0.009764361299767522,9.534275159239769e-05,0.017425457775516597,0.00030364657868631184,0.0006439435528591275,0.3591182783552586,0.12896593784884497,fc,,0.0,0.3591182929868059,4,3,2,2,151,shrinkage
20260823-193110,full_s43_fixed_epochs5_pat2_dirichlet_a01_normmatched_lambda075,0.13554343073533745,0.01837202161550522,0.1304312863498977,0.017012320458889008,0.005112152292604383,2.6134101062780246e-05,0.001359701156616211,0.9622840859368409,0.9259906620473013,layer4_1_conv2,,0.0,0.9622840285472485,4,3,2,3,152,shrinkage
20260823-193110,full_s43_fixed_epochs5_pat2_dirichlet_a01_normmatched_lambda075,0.02686213822343912,0.000721574469935149,0.009646684932298937,9.305853018304333e-05,0.017215453622632416,0.0002963718434330076,0.0006285159397521056,0.3591182820986872,0.12896594053751223,fc,,0.0,0.3591182929868059,4,3,2,3,152,shrinkage
20260823-193110,full_s43_fixed_epochs5_pat2_dirichlet_a01_normmatched_lambda075,0.13199414544461063,0.017422454431653023,0.1270158612688673,0.016133029013872147,0.004978287538556622,2.4783346816548146e-05,0.0012894254177808762,0.9622840531375507,0.9259905989228329,layer4_1_conv2,,0.0,0.9622840285472485,4,3,2,4,153,shrinkage
20260823-193110,full_s43_fixed_epochs5_pat2_dirichlet_a01_normmatched_lambda075,0.026419076372047913,0.0006979675963521004,0.009487573133451091,9.001404396258295e-05,0.016931502765585367,0.00028667578590102494,0.0006079535523895174,0.35911827498591875,0.12896593542886192,fc,,0.0,0.3591182929868059,4,3,2,4,153,shrinkage
20260823-193110,full_s43_fixed_epochs5_pat2_dirichlet_a01_normmatched_lambda075,0.12800304842835541,0.016384780406951904,0.12317528911544645,0.01517215184867382,0.004827759184491655,2.3307258743443526e-05,0.0012126285582780838,0.9622840286056851,0.9259905517095867,layer4_1_conv2,,0.0,0.9622840285472485,4,3,3,1,154,shrinkage
20260823-193110,full_s43_fixed_epochs5_pat2_dirichlet_a01_normmatched_lambda075,0.02580954370053808,0.000666132546029985,0.009268678991949025,8.590841025579721e-05,0.0165408651732682,0.0002736002206802368,0.0005802241357741877,0.3591182819615595,0.12896594043902213,fc,,0.0,0.3591182929868059,4,3,3,1,154,shrinkage
20260823-193110,full_s43_fixed_epochs5_pat2_dirichlet_a01_normmatched_lambda075,0.1236840696280806,0.01529774907976389,0.11901920416239059,0.014165570959448814,0.004664864750057631,2.1760963136330247e-05,0.001132178120315075,0.9622840234824315,0.9259905418495367,layer4_1_conv2,,0.0,0.9622840285472485,4,3,3,2,155,shrinkage
20260823-193110,full_s43_fixed_epochs5_pat2_dirichlet_a01_normmatched_lambda075,0.025238534122172057,0.0006369836046360433,0.009063618752519478,8.214918489102274e-05,0.016174915590523867,0.0002616278943605721,0.0005548344197450206,0.3591182716335767,0.12896593302108733,fc,,0.0,0.3591182929868059,4,3,3,2,155,shrinkage
20260823-193110,full_s43_fixed_epochs5_pat2_dirichlet_a01_normmatched_lambda075,0.11895685406142027,0.01415073312819004,0.11447028025016436,0.013103445060551167,0.004486573364527324,2.0129340555286035e-05,0.001047288067638874,0.9622840243493713,0.9259905435180213,layer4_1_conv2,,0.0,0.9622840285472485,4,3,3,3,156,shrinkage
20260823-193110,full_s43_fixed_epochs5_pat2_dirichlet_a01_normmatched_lambda075,0.024623161382523143,0.000606300076469779,0.008842627068871699,7.819205347914249e-05,0.015780534413786684,0.0002490252663847059,0.0005281080229906365,0.3591182680201234,0.1289659304257732,fc,,0.0,0.3591182929868059,4,3,3,3,156,shrinkage
20260823-193110,full_s43_fixed_epochs5_pat2_dirichlet_a01_normmatched_lambda075,0.1139812995320563,0.012991736643016338,0.10968238773142784,0.012030226178467274,0.004298915449683862,1.8480674043530598e-05,0.0009615104645490646,0.962284060470644,0.9259906130358699,layer4_1_conv2,,0.0,0.9622840285472485,4,3,3,4,157,shrinkage
20260823-193110,full_s43_fixed_epochs5_pat2_dirichlet_a01_normmatched_lambda075,0.02400726921790125,0.0005763489753007889,0.008621449593944442,7.432939310092479e-05,0.015385820425065273,0.00023672347015235573,0.0005020195821998641,0.3591182952001794,0.12896594994748323,fc,,0.0,0.3591182929868059,4,3,3,4,157,shrinkage
20260823-193110,full_s43_fixed_epochs5_pat2_dirichlet_a01_normmatched_lambda075,0.1213563486716223,0.014727363362908363,0.11711923279731207,0.01371691469103098,0.004237117140171379,1.795316165953409e-05,0.0010104486718773842,0.9650853381739802,0.9313897099583859,layer4_1_conv2,,0.0,0.965085342002574,5,3,1,1,158,shrinkage
20260823-193110,full_s43_fixed_epochs5_pat2_dirichlet_a01_normmatched_lambda075,0.024936204216928593,0.0006218142807483673,0.009066016696309768,8.219265873776749e-05,0.015870188715142536,0.00025186288985423744,0.0005396216220105998,0.363568433168151,0.1321820055963443,fc,,0.0,0.36356843020618024,5,3,1,1,158,shrinkage
20260823-193110,full_s43_fixed_epochs5_pat2_dirichlet_a01_normmatched_lambda075,0.12679676550662425,0.016077419742941856,0.1223696966536887,0.014974342659115791,0.004427067526387063,1.959892688319087e-05,0.001103077083826065,0.9650853171589439,0.9313896693957794,layer4_1_conv2,,0.0,0.965085342002574,5,3,1,2,159,shrinkage
20260823-193110,full_s43_fixed_epochs5_pat2_dirichlet_a01_normmatched_lambda075,0.02564381939088106,0.0006576054729521275,0.009323282833521214,8.692360279383138e-05,0.01632053571898093,0.00026635988615453243,0.0005706818701582961,0.3635684174579928,0.1321819941729093,fc,,0.0,0.36356843020618024,5,3,1,2,159,shrinkage
20260823-193110,full_s43_fixed_epochs5_pat2_dirichlet_a01_normmatched_lambda075,0.13198047767756776,0.017418846487998962,0.12737241609571162,0.016223732382059097,0.004608054823149149,2.123416925314814e-05,0.0011951141059398651,0.9650852788007498,0.931389595357921,layer4_1_conv2,,0.0,0.965085342002574,5,3,1,3,160,shrinkage
20260823-193110,full_s43_fixed_epochs5_pat2_dirichlet_a01_normmatched_lambda075,0.026088481165196742,0.0006806088495068252,0.009484948461044555,8.996424730867147e-05,0.01660353371894379,0.00027567733195610344,0.0005906446021981537,0.36356844237057084,0.1321820122877631,fc,,0.0,0.36356843020618024,5,3,1,3,160,shrinkage
20260823-193110,full_s43_fixed_epochs5_pat2_dirichlet_a01_normmatched_lambda075,0.13436291828844546,0.018053393810987473,0.12967168527716366,0.01681474596261978,0.004691237281350394,2.200770722993184e-05,0.001238647848367691,0.9650853593309813,0.9313897507950091,layer4_1_conv2,,0.0,0.965085342002574,5,3,1,4,161,shrinkage
20260823-193110,full_s43_fixed_epochs5_pat2_dirichlet_a01_normmatched_lambda075,0.026234735609101494,0.0006882613524794579,0.009538121696021208,9.097576548811048e-05,0.016696614869709563,0.0002787769481074065,0.0005972855869913474,0.3635684322548382,0.1321820049322409,fc,,0.0,0.36356843020618024,5,3,1,4,161,shrinkage
20260823-193110,full_s43_fixed_epochs5_pat2_dirichlet_a01_normmatched_lambda075,0.1349107679423943,0.018200915306806564,0.1302003993160267,0.016952143982052803,0.0047103653379874265,2.21875416173134e-05,0.0012487713247537613,0.9650853026914881,0.9313896414711209,layer4_1_conv2,,0.0,0.965085342002574,5,3,2,1,162,shrinkage
20260823-193110,full_s43_fixed_epochs5_pat2_dirichlet_a01_normmatched_lambda075,0.02619797998003422,0.0006863341550342739,0.00952475824680725,9.072101966012269e-05,0.01667322179924732,0.000277996325166896,0.0005956131353741512,0.36356842222439195,0.13218199763873373,fc,,0.0,0.36356843020618024,5,3,2,1,162,shrinkage
20260823-193110,full_s43_fixed_epochs5_pat2_dirichlet_a01_normmatched_lambda075,0.13375240714812653,0.017889706417918205,0.12908248702730835,0.016662288457155228,0.004669921403123639,2.1808165911352262e-05,0.0012274179607629776,0.9650853377491263,0.9313897091383454,layer4_1_conv2,,0.0,0.965085342002574,5,3,2,2,163,shrinkage
20260823-193110,full_s43_fixed_epochs5_pat2_dirichlet_a01_normmatched_lambda075,0.026003083067619375,0.0006761603290215135,0.009453899669776934,8.93762189662084e-05,0.01654918380793133,0.0002738754847086966,0.0005867841100553051,0.36356841399124346,0.13218199165210817,fc,,0.0,0.36356843020618024,5,3,2,2,163,shrinkage
20260823-193110,full_s43_fixed_epochs5_pat2_dirichlet_a01_normmatched_lambda075,0.1315923205986288,0.017316538840532303,0.12699782244906815,0.01612844690680504,0.0045945027697959035,2.1109455701662228e-05,0.0011880919337272644,0.9650853626666075,0.9313897572333374,layer4_1_conv2,,0.0,0.965085342002574,5,3,2,3,164,shrinkage
20260823-193110,full_s43_fixed_epochs5_pat2_dirichlet_a01_normmatched_lambda075,0.025636501480549533,0.0006572302081622183,0.009320622435801994,8.687400259077549e-05,0.016315878951251365,0.00026620790595188737,0.0005703562055714428,0.36356842383012244,0.13218199880631953,fc,,0.0,0.36356843020618024,5,3,2,3,164,shrinkage
20260823-193110,full_s43_fixed_epochs5_pat2_dirichlet_a01_normmatched_lambda075,0.12712280964441325,0.016160208731889725,0.12268435344557392,0.015051450580358505,0.00443845108717877,1.96998480532784e-05,0.0011087581515312195,0.9650852886963831,0.9313896144581812,layer4_1_conv2,,0.0,0.965085342002574,5,3,2,4,165,shrinkage
20260823-193110,full_s43_fixed_epochs5_pat2_dirichlet_a01_normmatched_lambda075,0.025154378725877346,0.0006327427690848708,0.009145337912543999,8.363720553461462e-05,0.01600904053152135,0.00025628937873989344,0.0005491055635502562,0.3635684272788583,0.1321820013140225,fc,,0.0,0.36356843020618024,5,3,2,4,165,shrinkage
20260823-193110,full_s43_fixed_epochs5_pat2_dirichlet_a01_normmatched_lambda075,0.12268063369674687,0.015050537884235382,0.11839727764260029,0.014017915353178978,0.004283354062242912,1.8347122022532858e-05,0.0010326225310564041,0.9650853119593874,0.9313896593597482,layer4_1_conv2,,0.0,0.965085342002574,5,3,3,1,166,shrinkage
20260823-193110,full_s43_fixed_epochs5_pat2_dirichlet_a01_normmatched_lambda075,0.02459794059846225,0.0006050586816854775,0.008943034820010782,7.997787179192528e-05,0.01565490595048531,0.00024507608031854033,0.0005250808098935522,0.3635684371304588,0.13218200847748435,fc,,0.0,0.36356843020618024,5,3,3,1,166,shrinkage
20260823-193110,full_s43_fixed_epochs5_pat2_dirichlet_a01_normmatched_lambda075,0.1180497199510337,0.013935736380517483,0.11392805000765406,0.012979600578546524,0.004121667418195933,1.6988142306217924e-05,0.0009561358019709587,0.9650853051994593,0.9313896463119336,layer4_1_conv2,,0.0,0.965085342002574,5,3,3,2,167,shrinkage
20260823-193110,full_s43_fixed_epochs5_pat2_dirichlet_a01_normmatched_lambda075,0.023982047560618218,0.0005751386051997542,0.008719115442465054,7.602297409903258e-05,0.015262932691626449,0.00023295711434911937,0.0004991156311007217,0.36356843261302785,0.1321820051926938,fc,,0.0,0.36356843020618024,5,3,3,2,167,shrinkage
20260823-193110,full_s43_fixed_epochs5_pat2_dirichlet_a01_normmatched_lambda075,0.11327135108580115,0.012830398976802826,0.10931652072493608,0.01195010170340538,0.0039548320826187896,1.5640696801710874e-05,0.0008802972733974457,0.9650853430902457,0.9313897194476173,layer4_1_conv2,,0.0,0.965085342002574,5,3,3,3,168,shrinkage
20260823-193110,full_s43_fixed_epochs5_pat2_dirichlet_a01_normmatched_lambda075,0.023322140641576793,0.0005439222441054881,0.00847919380627226,7.189672760432586e-05,0.014842946374308505,0.000220313057070598,0.0004720255165011622,0.36356841923662236,0.13218199546621637,fc,,0.0,0.36356843020618024,5,3,3,3,168,shrinkage
20260823-193110,full_s43_fixed_epochs5_pat2_dirichlet_a01_normmatched_lambda075,0.10840439135722235,0.011751512065529823,0.1046194923186304,0.010945238173007965,0.003784903886739422,1.4325497431855183e-05,0.0008062738925218582,0.9650853716237411,0.9313897745221345,layer4_1_conv2,,0.0,0.965085342002574,5,3,3,4,169,shrinkage
20260823-193110,full_s43_fixed_epochs5_pat2_dirichlet_a01_normmatched_lambda075,0.02268802350960093,0.0005147464107722044,0.008248648867198467,6.804020813433453e-05,0.014439374433303289,0.00020849553402513266,0.00044670620263786986,0.3635684203036845,0.1321819962421166,fc,,0.0,0.36356843020618024,5,3,3,4,169,shrinkage
20260823-193110,full_s43_fixed_epochs5_pat2_dirichlet_a01_normmatched_lambda075,0.11660278198269024,0.01359620876610279,0.11270011035484126,0.012701314873993397,0.003902671383590133,1.5230843928293325e-05,0.0008948938921093941,0.9665302014112465,0.9341806302400646,layer4_1_conv2,,0.0,0.9665301795163525,6,3,1,1,170,shrinkage
20260823-193110,full_s43_fixed_epochs5_pat2_dirichlet_a01_normmatched_lambda075,0.023688386664145477,0.0005611396627500653,0.008681795078100856,7.537356577813625e-05,0.015006591895520798,0.0002251978003187105,0.0004857660969719291,0.36650005765236604,0.13432229225918763,fc,,0.0,0.3665000425381597,6,3,1,1,170,shrinkage
20260823-193110,full_s43_fixed_epochs5_pat2_dirichlet_a01_normmatched_lambda075,0.12335359099576519,0.015216108411550522,0.11922497186886405,0.014214593917131424,0.004128619464190244,1.7045498680090532e-05,0.001001514494419098,0.9665302072394237,0.9341806415062835,layer4_1_conv2,,0.0,0.9665301795163525,6,3,1,2,171,shrinkage
20260823-193110,full_s43_fixed_epochs5_pat2_dirichlet_a01_normmatched_lambda075,0.02438558825356854,0.00059465691447258,0.008937318748669472,7.987566641531885e-05,0.015448268321313184,0.00023864899412728846,0.0005147812480572611,0.3665000268083179,0.13432226965049773,fc,,0.0,0.3665000425381597,6,3,1,2,171,shrinkage
20260823-193110,full_s43_fixed_epochs5_pat2_dirichlet_a01_normmatched_lambda075,0.12767514538384134,0.01630094274878502,0.1234018903685753,0.015228026546537876,0.004273261267769701,1.826076186262071e-05,0.0010729162022471428,0.9665302514250603,0.9341807269197905,layer4_1_conv2,,0.0,0.9665301795163525,6,3,1,3,172,shrinkage
20260823-193110,full_s43_fixed_epochs5_pat2_dirichlet_a01_normmatched_lambda075,0.024787626913641978,0.0006144264480099082,0.009084666098093653,8.253115811385214e-05,0.015702960238256614,0.0002465829602442682,0.0005318952898960561,0.3665000336556569,0.13432227466959765,fc,,0.0,0.3665000425381597,6,3,1,3,172,shrinkage
20260823-193110,full_s43_fixed_epochs5_pat2_dirichlet_a01_normmatched_lambda075,0.13013728746670356,0.016935713589191437,0.1257816107371589,0.01582101359963417,0.004355668545265178,1.8971848476212472e-05,0.0011146999895572662,0.9665301404821498,0.9341805124604445,layer4_1_conv2,,0.0,0.9665301795163525,6,3,1,4,173,shrinkage
20260823-193110,full_s43_fixed_epochs5_pat2_dirichlet_a01_normmatched_lambda075,0.025003583891476718,0.000625179207418114,0.009163814375462244,8.397549390792847e-05,0.01583976870088637,0.00025089827249757946,0.0005412037135101855,0.36650003516440005,0.13432227577550648,fc,,0.0,0.3665000425381597,6,3,1,4,173,shrinkage
20260823-193110,full_s43_fixed_epochs5_pat2_dirichlet_a01_normmatched_lambda075,0.13021897431444218,0.016956981271505356,0.1258605600368752,0.015840880572795868,0.004358402225752151,1.8995669961441308e-05,0.001116100698709488,0.9665301135989397,0.934180460493579,layer4_1_conv2,,0.0,0.9665301795163525,6,3,2,1,174,shrinkage
20260823-193110,full_s43_fixed_epochs5_pat2_dirichlet_a01_normmatched_lambda075,0.0248793420961583,0.0006189816631376743,0.009118280377646571,8.314303704537451e-05,0.015761062408688617,0.00024841108825057745,0.0005358386260922998,0.36650006026705,0.13432229417575134,fc,,0.0,0.3665000425381597,6,3,2,1,174,shrinkage
20260823-193110,full_s43_fixed_epochs5_pat2_dirichlet_a01_normmatched_lambda075,0.12848783267895045,0.016509123146533966,0.12418737615090555,0.015422504395246506,0.004300461702662926,1.849397085607052e-05,0.0010866187512874603,0.9665302430714172,0.9341807107716927,layer4_1_conv2,,0.0,0.9665301795163525,6,3,2,2,175,shrinkage
20260823-193110,full_s43_fixed_epochs5_pat2_dirichlet_a01_normmatched_lambda075,0.024722883167693114,0.0006112209521234035,0.009060937923089155,8.210059604607522e-05,0.01566194473015467,0.00024529651273041964,0.0005291203560773283,0.36650005024210247,0.13432228682746364,fc,,0.0,0.3665000425381597,6,3,2,2,175,shrinkage
20260823-193110,full_s43_fixed_epochs5_pat2_dirichlet_a01_normmatched_lambda075,0.12515631230432528,0.015664102509617805,0.12096735295046028,0.014633100479841232,0.004188956220653305,1.7547354218550026e-05,0.0010310020297765732,0.9665301791276872,0.9341805871645992,layer4_1_conv2,,0.0,0.9665301795163525,6,3,2,3,176,shrinkage
20260823-193110,full_s43_fixed_epochs5_pat2_dirichlet_a01_normmatched_lambda075,0.024348342177130958,0.0005928417667746544,0.008923668323712237,7.963185635162517e-05,0.015424673085769813,0.00023792053980287164,0.0005132099104230292,0.36650003761215993,0.13432227756971468,fc,,0.0,0.3665000425381597,6,3,2,3,176,shrinkage
20260823-193110,full_s43_fixed_epochs5_pat2_dirichlet_a01_normmatched_lambda075,0.12071201699104862,0.01457139104604721,0.1166718103631631,0.013612311333417892,0.0040402065463801045,1.632326893741265e-05,0.0009590797126293182,0.9665302036317964,0.934180634532522,layer4_1_conv2,,0.0,0.9665301795163525,6,3,2,4,177,shrinkage
20260823-193110,full_s43_fixed_epochs5_pat2_dirichlet_a01_normmatched_lambda075,0.023847234501182816,0.000568690593354404,0.008740012985894004,7.638782699359581e-05,0.015107222243200163,0.00022822816390544176,0.0004923027663608082,0.36650006462847934,0.1343222973726795,fc,,0.0,0.3665000425381597,6,3,2,4,177,shrinkage
20260823-193110,full_s43_fixed_epochs5_pat2_dirichlet_a01_normmatched_lambda075,0.11626675411337939,0.013517958112061024,0.11237532840347678,0.012628214433789253,0.0038914245476363856,1.5143185009947047e-05,0.0008897436782717705,0.9665301939528833,0.9341806158225981,layer4_1_conv2,,0.0,0.9665301795163525,6,3,3,1,178,shrinkage
20260823-193110,full_s43_fixed_epochs5_pat2_dirichlet_a01_normmatched_lambda075,0.023310205113894505,0.0005433656624518335,0.008543190610433215,7.298610580619425e-05,0.014767013384716922,0.00021806468430440873,0.00047037955664563924,0.36650001871244275,0.13432226371622089,fc,,0.0,0.3665000425381597,6,3,3,1,178,shrinkage
20260823-193110,full_s43_fixed_epochs5_pat2_dirichlet_a01_normmatched_lambda075,0.1115926686335749,0.012452923692762852,0.1078576870912889,0.011633280664682388,0.0037349838558142535,1.3950104403193109e-05,0.0008196430280804634,0.966530224717986,0.9341806752934005,layer4_1_conv2,,0.0,0.9665301795163525,6,3,3,2,179,shrinkage
20260823-193110,full_s43_fixed_epochs5_pat2_dirichlet_a01_normmatched_lambda075,0.02270408469252054,0.0005154754617251456,0.008321048383340182,6.923984619788826e-05,0.014383036675627998,0.0002068717440124601,0.0004462356155272573,0.36650005917575723,0.13432229337583354,fc,,0.0,0.3665000425381597,6,3,3,2,179,shrinkage
20260823-193110,full_s43_fixed_epochs5_pat2_dirichlet_a01_normmatched_lambda075,0.10646399937660342,0.011334583163261414,0.10290066673674027,0.010588547214865685,0.0035633282466410758,1.2697308193310164e-05,0.0007460359483957291,0.9665301636165452,0.9341805571806255,layer4_1_conv2,,0.0,0.9665301795163525,6,3,3,3,180,shrinkage
20260823-193110,full_s43_fixed_epochs5_pat2_dirichlet_a01_normmatched_lambda075,0.022080043793119713,0.0004875283339060843,0.008092336975822059,6.548591773025692e-05,0.013987706840711515,0.00019565594266168773,0.0004220424161758274,0.36650004192218516,0.13432228072896352,fc,,0.0,0.3665000425381597,6,3,3,3,180,shrinkage
20260823-193110,full_s43_fixed_epochs5_pat2_dirichlet_a01_normmatched_lambda075,0.10189065279826437,0.01038170512765646,0.09848039483433053,0.009698388166725636,0.0034102593482956607,1.1629868822637945e-05,0.0006833169609308243,0.9665302177356162,0.9341806617960575,layer4_1_conv2,,0.0,0.9665301795163525,6,3,3,4,181,shrinkage
20260823-193110,full_s43_fixed_epochs5_pat2_dirichlet_a01_normmatched_lambda075,0.021509662290030655,0.00046266557183116674,0.007883292259017955,6.214629684109241e-05,0.01362636988798083,0.0001856779563240707,0.00040051927499007434,0.36650004787251916,0.13432228509055882,fc,,0.0,0.3665000425381597,6,3,3,4,181,shrinkage
