{
  "round_id": 1,
  "global": {
    "acc": 0.6169,
    "loss": 3.3141859970092775,
    "ema_loss": 4.264101143417358,
    "forget_mean": 0.0,
    "forget_max": 0.0,
    "divergence": 0.0036878150328457002,
    "bytes_last_round": 359289984,
    "bytes_cum": 359289984
  },
  "clients": [
    {
      "id": 0,
      "vloss": 1.416019195318222,
      "vacc": 63.92,
      "new_batch_size": 1001,
      "replay_capacity": 2000,
      "last_lr": 0.00012,
      "last_replay_ratio": 0.5,
      "last_ewc_lambda": 0.0
    },
    {
      "id": 1,
      "vloss": 1.4068653225898742,
      "vacc": 64.16,
      "new_batch_size": 1001,
      "replay_capacity": 2000,
      "last_lr": 0.00012,
      "last_replay_ratio": 0.5,
      "last_ewc_lambda": 0.0
    },
    {
      "id": 2,
      "vloss": 1.4050903618335724,
      "vacc": 63.42,
      "new_batch_size": 1001,
      "replay_capacity": 2000,
      "last_lr": 0.00012,
      "last_replay_ratio": 0.5,
      "last_ewc_lambda": 0.0
    },
    {
      "id": 3,
      "vloss": 1.442910796403885,
      "vacc": 63.64,
      "new_batch_size": 1001,
      "replay_capacity": 2000,
      "last_lr": 0.00012,
      "last_replay_ratio": 0.5,
      "last_ewc_lambda": 0.0
    }
  ]
}