{
  "round_id": 3,
  "global": {
    "acc": 0.0122,
    "loss": 4.652618061065674,
    "ema_loss": 4.682095000765228,
    "forget_mean": 0.0015999999595806003,
    "forget_max": 0.040000006556510925,
    "divergence": 0.0011272461092885168,
    "bytes_last_round": 179644992,
    "bytes_cum": 538934976
  },
  "clients": [
    {
      "id": 0,
      "vloss": 4.687728595733643,
      "vacc": 1.3,
      "new_batch_size": 22,
      "replay_capacity": 2000,
      "last_lr": 0.00012,
      "last_replay_ratio": 0.5,
      "last_ewc_lambda": 0.0
    },
    {
      "id": 1,
      "vloss": 4.740993857383728,
      "vacc": 1.5,
      "new_batch_size": 22,
      "replay_capacity": 2000,
      "last_lr": 8e-05,
      "last_replay_ratio": 0.5,
      "last_ewc_lambda": 0.0
    }
  ]
}