{
  "round_id": 2,
  "global": {
    "acc": 0.0112,
    "loss": 4.6673464111328125,
    "ema_loss": 4.69472797492218,
    "forget_mean": 0.0010999999940395355,
    "forget_max": 0.029999997466802597,
    "divergence": 0.0010066699748322203,
    "bytes_last_round": 179644992,
    "bytes_cum": 359289984
  },
  "clients": [
    {
      "id": 0,
      "vloss": 4.722666835784912,
      "vacc": 1.14,
      "new_batch_size": 22,
      "replay_capacity": 2000,
      "last_lr": 0.00012,
      "last_replay_ratio": 0.5,
      "last_ewc_lambda": 0.0
    },
    {
      "id": 1,
      "vloss": 4.758293175697327,
      "vacc": 1.52,
      "new_batch_size": 22,
      "replay_capacity": 2000,
      "last_lr": 8e-05,
      "last_replay_ratio": 0.5,
      "last_ewc_lambda": 0.0
    }
  ]
}