{
  "round_id": 2,
  "global": {
    "acc": 0.0175,
    "loss": 4.615483936309815,
    "ema_loss": 4.646102124404907,
    "forget_mean": 0.006100000347942114,
    "forget_max": 0.46000000834465027,
    "divergence": 0.0031106403210248265,
    "bytes_last_round": 359289984,
    "bytes_cum": 718579968
  },
  "clients": [
    {
      "id": 0,
      "vloss": 4.674380135536194,
      "vacc": 3.28,
      "new_batch_size": 22,
      "replay_capacity": 2000,
      "last_lr": 8e-05,
      "last_replay_ratio": 0.5,
      "last_ewc_lambda": 0.0
    },
    {
      "id": 1,
      "vloss": 4.650902128219604,
      "vacc": 4.06,
      "new_batch_size": 22,
      "replay_capacity": 2000,
      "last_lr": 0.00010138385067097785,
      "last_replay_ratio": 0.5,
      "last_ewc_lambda": 0.0
    },
    {
      "id": 2,
      "vloss": 4.628228998184204,
      "vacc": 2.96,
      "new_batch_size": 22,
      "replay_capacity": 2000,
      "last_lr": 0.00012,
      "last_replay_ratio": 0.5,
      "last_ewc_lambda": 0.0
    },
    {
      "id": 3,
      "vloss": 4.636728405952454,
      "vacc": 4.32,
      "new_batch_size": 22,
      "replay_capacity": 2000,
      "last_lr": 0.00011304198032730821,
      "last_replay_ratio": 0.5,
      "last_ewc_lambda": 0.0
    }
  ]
}