{
  "round_id": 3,
  "global": {
    "acc": 0.0195,
    "loss": 4.604135931396485,
    "ema_loss": 4.63351226650238,
    "forget_mean": 0.007199999876320362,
    "forget_max": 0.5,
    "divergence": 0.00420718788051697,
    "bytes_last_round": 359289984,
    "bytes_cum": 1077869952
  },
  "clients": [
    {
      "id": 0,
      "vloss": 4.6394455909729,
      "vacc": 3.66,
      "new_batch_size": 22,
      "replay_capacity": 2000,
      "last_lr": 8e-05,
      "last_replay_ratio": 0.5,
      "last_ewc_lambda": 0.0
    },
    {
      "id": 1,
      "vloss": 4.612392830848694,
      "vacc": 5.26,
      "new_batch_size": 22,
      "replay_capacity": 2000,
      "last_lr": 0.00010034880062653745,
      "last_replay_ratio": 0.5,
      "last_ewc_lambda": 0.0
    },
    {
      "id": 2,
      "vloss": 4.601331615447998,
      "vacc": 3.86,
      "new_batch_size": 22,
      "replay_capacity": 2000,
      "last_lr": 0.00012,
      "last_replay_ratio": 0.5,
      "last_ewc_lambda": 0.0
    },
    {
      "id": 3,
      "vloss": 4.603928780555725,
      "vacc": 4.7,
      "new_batch_size": 22,
      "replay_capacity": 2000,
      "last_lr": 0.00011263341425072522,
      "last_replay_ratio": 0.5,
      "last_ewc_lambda": 0.0
    }
  ]
}